Time,Fx_app_arm,Fy_app_arm,Fz_app_arm,Tx_app_arm,Ty_app_arm,Tz_app_arm,LC_sensor_x,LC_sensor_y,LC_sensor_z,Yaw,Pitch,Roll
0.0002,0.0,0.0,0.0,0.0,0.0,0.0,0.03455069654887453,-0.021282433909614377,5.619070303467695,7.088864503044921e-07,-3.460779344456829e-07,-3.4889579240878253e-06
0.0022000000000000006,0.0,0.0,0.0,0.0,0.0,0.0,0.034521529575585554,-0.021313499487228424,5.61907511327856,4.679532365775087e-05,-2.2836863586337806e-05,-0.0002302727723129565
0.004200000000000001,0.0,0.0,0.0,0.0,0.0,0.0,0.03443608461069493,-0.02140484694773878,5.619088974656759,0.00016386764914953905,-7.988986424477283e-05,-0.0008059714396878833
0.006199999999999997,0.0,0.0,0.0,0.0,0.0,0.0,0.034294334852449,-0.021556349441442108,5.6191120995008985,0.00035214879378003345,-0.00017140226931518685,-0.0017306308335727943
0.008199999999999995,0.0,0.0,0.0,0.0,0.0,0.0,0.03409623596695948,-0.021767796888618057,5.61914483708253,0.0006119994204231655,-0.0002972078831479891,-0.0030043257869987487
0.0102,0.0,0.0,0.0,0.0,0.0,0.0,0.03384172710518911,-0.022038895146972288,5.619187673429291,0.0009439175183068244,-0.00045707640978392343,-0.004627159568842137
0.012200000000000006,0.0,0.0,0.0,0.0,0.0,0.0,0.033530732319130105,-0.022369264858691958,5.619241230457543,0.0013485378372995384,-0.0006507124670417049,-0.006599263157394301
0.014200000000000011,0.0,0.0,0.0,0.0,0.0,0.0,0.033163162375499516,-0.02275843998437748,5.619306264846268,0.0018266311565388142,-0.0008777543315825979,-0.008920794307015721
0.016200000000000013,0.0,0.0,0.0,0.0,0.0,0.0,0.032738916964717715,-0.023205866033226583,5.6193836666417365,0.0023791033802372215,-0.0011377724170791353,-0.01159193640256676
0.0182,0.0,0.0,0.0,0.0,0.0,0.0,0.032257887302290504,-0.023710898000992797,5.619474457580306,0.003006994451948485,-0.0014302674881407648,-0.014612897095138624
0.02019999999999999,0.0,0.0,0.0,0.0,0.0,0.0,0.03171995911899546,-0.024272798029439997,5.619579789114636,0.0037114770770224972,-0.0017546686132150187,-0.0179839067114324
0.022199999999999977,0.0,0.0,0.0,0.0,0.0,0.0,0.03112501603544222,-0.024890732803277194,5.619700940126599,0.004493855241427019,-0.0021103308602960663,-0.02170521642795093
0.024199999999999965,0.0,0.0,0.0,0.0,0.0,0.0,0.03047294331562875,-0.02556377070287868,5.619839314308396,0.00535556251356745,-0.002496532739940378,-0.025777096199978974
0.026199999999999952,0.0,0.0,0.0,0.0,0.0,0.0,0.029763631993045454,-0.026290878733492687,5.619996437191617,0.0062981601141981255,-0.0029124734008189107,-0.030199832434133905
0.02819999999999994,0.0,0.0,0.0,0.0,0.0,0.0,0.02899698336165333,-0.027070919254102547,5.620173952802492,0.007323334737993728,-0.0033572695838338293,-0.03497372539207483
0.03019999999999993,0.0,0.0,0.0,0.0,0.0,0.0,0.02817291382269253,-0.027902646531631853,5.620373619920268,0.00843289610884403,-0.0038299523417023506,-0.040099086311767736
0.032199999999999916,0.0,0.0,0.0,0.0,0.0,0.0,0.027291360076745545,-0.028784703148808218,5.620597307914439,0.009628774249456616,-0.004329463531867736,-0.045576234231523516
0.034199999999999904,0.0,0.0,0.0,0.0,0.0,0.0,0.026352284648755546,-0.029715616296644046,5.620846992135794,0.01091301644441025,-0.0048546520916445445,-0.05140549250086303
0.03619999999999989,0.0,0.0,0.0,0.0,0.0,0.0,0.02535568173182567,-0.030693793985237097,5.62112474883551,0.012287783874407241,-0.005404270105648466,-0.05758718496112754
0.03819999999999988,0.0,0.0,0.0,0.0,0.0,0.0,0.024301583333535635,-0.03171752120935639,5.621432749586273,0.013755347898140096,-0.0059769686768065345,-0.06412163177765652
0.04019999999999987,0.0,0.0,0.0,0.0,0.0,0.0,0.023190065706251477,-0.03278495610808919,5.621773255179376,0.01531808595693189,-0.006571293613597021,-0.07100914490431222
0.042199999999999856,0.0,0.0,0.0,0.0,0.0,0.0,0.022021256040454348,-0.033894126160642184,5.622148608972094,0.016978477076149384,-0.0071856809476350215,-0.07825002316015692
0.044199999999999844,0.0,0.0,0.0,0.0,0.0,0.0,0.02079533939745933,-0.03504292446321463,5.622561229660348,0.018739096936344263,-0.007818452297304225,-0.08584454689720655
0.04619999999999983,0.0,0.0,0.0,0.0,0.0,0.0,0.019512565855084374,-0.03622910613464394,5.623013603452833,0.020602612486175356,-0.008467810094841106,-0.09379297223741306
0.04819999999999982,0.0,0.0,0.0,0.0,0.0,0.0,0.018173257836818554,-0.03745028490125709,5.623508275624318,0.022571776068430294,-0.009131832696107718,-0.10209552485639531
0.05019999999999981,0.0,0.0,0.0,0.0,0.0,0.0,0.01677781759187929,-0.03870392991400135,5.624047841427896,0.02464941902993007,-0.009808469394244453,-0.11075239329097308
0.052199999999999795,0.0,0.0,0.0,0.0,0.0,0.0,0.015326734790238657,-0.03998736285343806,5.624634936348447,0.026838444785798186,-0.010495535360474996,-0.11976372174729251
0.05419999999999978,0.0,0.0,0.0,0.0,0.0,0.0,0.013820594193255474,-0.04129775538052039,5.625272225682645,0.029141821308545333,-0.011190706537539927,-0.1291296023863023
0.05619999999999977,0.0,0.0,0.0,0.0,0.0,0.0,0.012260083357009838,-0.04263212699320201,5.625962393434392,0.031562573012702766,-0.01189151451355981,-0.13885006706358605
0.05819999999999976,0.0,0.0,0.0,0.0,0.0,0.0,0.010646000321812349,-0.04398734335077684,5.626708130518695,0.03410377200637684,-0.01259534140656677,-0.14892507850112216
0.06019999999999975,0.0,0.0,0.0,0.0,0.0,0.0,0.008979261237697418,-0.045360115129386765,5.627512122271667,0.03676852868214226,-0.013299414792486933,-0.1593545208694753
0.062199999999999735,0.0,0.0,0.0,0.0,0.0,0.0,0.007260907872044346,-0.046746997473279844,5.6283770352695965,0.039559981621194375,-0.014000802711993136,-0.17013818976027317
0.06419999999999979,0.0,0.0,0.0,0.0,0.0,0.0,0.005492114941826147,-0.04814439010712754,5.629305503465859,0.04248128678669442,-0.014696408794362912,-0.18127578153064056
0.06619999999999984,0.0,0.0,0.0,0.0,0.0,0.0,0.003674197209449353,-0.049548538174909125,5.630300113660776,0.04553560598482294,-0.01538296753925229,-0.19276688200360825
0.0681999999999999,0.0,0.0,0.0,0.0,0.0,0.0,0.0018086162777234407,-0.050955533870527585,5.631363390326502,0.04872609457526347,-0.0160570398001088,-0.2046109545114405
0.07019999999999996,0.0,0.0,0.0,0.0,0.0,0.0,-0.00010301298372165114,-0.0523613189243213,5.632497779816399,0.05205588841672851,-0.016715008515769805,-0.21680732727239163
0.07220000000000001,0.0,0.0,0.0,0.0,0.0,0.0,-0.0020589164512202257,-0.05376168800797019,5.633705633996284,0.055528090037769574,-0.0173530747395931,-0.22935518009566466
0.07420000000000007,0.0,0.0,0.0,0.0,0.0,0.0,-0.0040571552723742904,-0.05515229311786165,5.634989193343257,0.059145754028539915,-0.017967254018208548,-0.24225353041436087
0.07620000000000013,0.0,0.0,0.0,0.0,0.0,0.0,-0.0060956209794636425,-0.05652864899373089,5.636350569566516,0.06291187165544905,-0.01855337317461978,-0.2555012186520267
0.07820000000000019,0.0,0.0,0.0,0.0,0.0,0.0,-0.008172031268395719,-0.05788613962531641,5.637791727813515,0.06682935470781214,-0.01910706755287598,-0.2690968929350693
0.08020000000000024,0.0,0.0,0.0,0.0,0.0,0.0,-0.010283926521932463,-0.05922002589476548,5.63931446853404,0.07090101859368604,-0.019623778783821627,-0.2830389931708664
0.0822000000000003,0.0,0.0,0.0,0.0,0.0,0.0,-0.012428667156690831,-0.0605254543966265,5.640920409084015,0.07512956471112654,-0.020098753133457627,-0.2973257345198592
0.08420000000000036,0.0,0.0,0.0,0.0,0.0,0.0,-0.014603431873486741,-0.06179746747041139,5.642610965160163,0.07951756213110586,-0.020527040497146504,-0.31195509029930674
0.08620000000000042,0.0,0.0,0.0,0.0,0.0,0.0,-0.01680521688999217,-0.06303101447292772,5.644387332165749,0.08406742863929169,-0.020903494104196604,-0.32692477436669604
0.08820000000000047,0.0,0.0,0.0,0.0,0.0,0.0,-0.01894114089305978,-0.06442097722162855,5.646198402216683,0.08878141615007243,-0.021222783285365074,-0.342232240115941
0.09020000000000053,0.0,0.0,0.0,0.0,0.0,0.0,-0.020037564578819795,-0.06820793740165271,5.647602288265565,0.09366336038699484,-0.021483644803218255,-0.35788061718420866
0.09220000000000059,0.0,0.0,0.0,0.0,0.0,0.0,-0.021268917671272636,-0.07181400915790365,5.649382089966704,0.09872120217853617,-0.021694138201931015,-0.37388637075628767
0.09420000000000064,0.0,0.0,0.0,0.0,0.0,0.0,-0.023542434181018368,-0.07305762215128946,5.651844853254461,0.10396197182778431,-0.021858851020747604,-0.39026167545518947
0.0962000000000007,0.0,0.0,0.0,0.0,0.0,0.0,-0.025822849239812075,-0.07422865231316202,5.654413661741088,0.10938864849768759,-0.02197243815663571,-0.40700499422882847
0.09820000000000076,0.0,0.0,0.0,0.0,0.0,0.0,-0.028105639235680078,-0.07531995093171848,5.657087467250392,0.11500329647182343,-0.022027780533911585,-0.42411224207348247
0.10020000000000082,0.0,0.0,0.0,0.0,0.0,0.0,-0.030386098905319202,-0.07632437532048701,5.659864744686418,0.12080767033375657,-0.022017525501690807,-0.4415788998330813
0.10220000000000087,0.0,0.0,0.0,0.0,0.0,0.0,-0.032659353676015704,-0.07723482112103112,5.662743471161439,0.12680318615649047,-0.02193409457127804,-0.4593999892218323
0.10420000000000093,0.0,0.0,0.0,0.0,0.0,0.0,-0.034920374091511566,-0.07804425646774651,5.665721107169668,0.1329908927227835,-0.02176969282819905,-0.4775700480523277
0.10620000000000099,0.0,0.0,0.0,0.0,0.0,0.0,-0.037163992351470776,-0.0787457578636698,5.6687945800952315,0.1393714430154721,-0.021516320094121442,-0.4960831058984785
0.10820000000000105,0.0,0.0,0.0,0.0,0.0,0.0,-0.03938492097597699,-0.07933254758702271,5.671960270340642,0.14594506624118225,-0.021165783903804223,-0.5149326604456261
0.1102000000000011,0.0,0.0,0.0,0.0,0.0,0.0,-0.041577773586810605,-0.07979803241941547,5.675214000356147,0.15271154067388626,-0.020709714350135494,-0.5341116548021011
0.11220000000000116,0.0,0.0,0.0,0.0,0.0,0.0,-0.04373708777621282,-0.08013584345880227,5.678551026840637,0.15967016762602,-0.02013958083621538,-0.5536124560666599
0.11420000000000122,0.0,0.0,0.0,0.0,0.0,0.0,-0.04585735001167567,-0.08033987675390504,5.681966036371341,0.16681974687357579,-0.019446710757310002,-0.5734268354639459
0.11620000000000127,0.0,0.0,0.0,0.0,0.0,0.0,-0.047933022502144824,-0.08040433447249168,5.685453144702338,0.17415855387696458,-0.018622310117379928,-0.5935459503746267
0.11820000000000133,0.0,0.0,0.0,0.0,0.0,0.0,-0.04995857192713698,-0.08032376629409718,5.689005899951154,0.18168431915069166,-0.01765748606486287,-0.6139603285973712
0.12020000000000139,0.0,0.0,0.0,0.0,0.0,0.0,-0.051928499905863575,-0.08009311069897426,5.692617289868529,0.18939421014121047,-0.016543271310612097,-0.6346598551855742
0.12220000000000145,0.0,0.0,0.0,0.0,0.0,0.0,-0.05383737505874446,-0.079707735809647,5.696279753359223,0.19728481597292027,-0.01527065036756718,-0.6556337622019331
0.1242000000000015,0.0,0.0,0.0,0.0,0.0,0.0,-0.05567986648891742,-0.07916347942973517,5.699985196391728,0.20535213541643596,-0.013830587527133762,-0.676870621727923
0.12620000000000156,0.0,0.0,0.0,0.0,0.0,0.0,-0.057450778486736825,-0.07845668791691143,5.703725012402469,0.2135915684203308,-0.012214056461710044,-0.6983583424522821
0.12820000000000162,0.0,0.0,0.0,0.0,0.0,0.0,-0.05914508623601205,-0.0775842535230247,5.707490107265727,0.22199791152702938,-0.010412071316717885,-0.7200841701422934
0.13020000000000168,0.0,0.0,0.0,0.0,0.0,0.0,-0.0607579722770892,-0.07654364983458356,5.711270928864682,0.23056535746505086,-0.008415719129332257,-0.742034692273593
0.13220000000000173,0.0,0.0,0.0,0.0,0.0,0.0,-0.06228486345905534,-0.07533296495077003,5.7150575012618745,0.23928749917321618,-0.0062161933853615734,-0.7641958470582915
0.1342000000000018,0.0,0.0,0.0,0.0,0.0,0.0,-0.06372146809152245,-0.07395093204373111,5.7188394634293305,0.24815733846781102,-0.003804828500961604,-0.7865529370674372
0.13620000000000185,0.0,0.0,0.0,0.0,0.0,0.0,-0.06506381298592283,-0.07239695695677836,5.722606112459814,0.25716729951136796,-0.0011731349926431625,-0.8090906475925859
0.1382000000000019,0.0,0.0,0.0,0.0,0.0,0.0,-0.06630828005721008,-0.07067114250993589,5.726346451141348,0.26630924718229204,0.0016871649220526292,-0.8317930698330811
0.14020000000000196,0.0,0.0,0.0,0.0,0.0,0.0,-0.06745164213964881,-0.0687743091986625,5.730049239737163,0.27557451037888936,0.00478410156920469,-0.8546437289314183
0.14220000000000202,0.0,0.0,0.0,0.0,0.0,0.0,-0.0684910976552715,-0.06670801199022108,5.733703051772732,0.28495391022062067,0.00812542219957008,-0.8776256168099329
0.14420000000000208,0.0,0.0,0.0,0.0,0.0,0.0,-0.06942430376101731,-0.06447455294273793,5.737296333590347,0.29443779303500484,0.011718555808428954,-0.9007212296893713
0.14620000000000213,0.0,0.0,0.0,0.0,0.0,0.0,-0.07024940759090822,-0.062076989394395266,5.74081746738964,0.3040160679421816,0.015570578703652015,-0.9239126100952955
0.1482000000000022,0.0,0.0,0.0,0.0,0.0,0.0,-0.0709650752034079,-0.059519137494278146,5.744254837429541,0.3136782487725306,0.019688181133877887,-0.9471813930835251
0.15020000000000225,0.0,0.0,0.0,0.0,0.0,0.0,-0.0715705178418308,-0.056805570872311695,5.747596899023305,0.32341349997788005,0.02407763528627308,-0.9705088563428305
0.1522000000000023,0.0,0.0,0.0,0.0,0.0,0.0,-0.07206551511790493,-0.053941614273612534,5.750832249913502,0.3332106861257312,0.02874476495592017,-0.993875973763835
0.15420000000000236,0.0,0.0,0.0,0.0,0.0,0.0,-0.07245043473589981,-0.05093333201281162,5.753949703568505,0.34305842450055146,0.03369491717642175,-1.0172634719995077
0.15620000000000242,0.0,0.0,0.0,0.0,0.0,0.0,-0.07272624838765383,-0.047787511136870166,5.7569383638965395,0.35294514027845225,0.03893293608393467,-1.0406518894865855
0.15820000000000248,0.0,0.0,0.0,0.0,0.0,0.0,-0.07289454346788778,-0.04451163922106019,5.759787700828261,0.3628591236931693,0.044463139264808896,-1.0640216373504354
0.16020000000000253,0.0,0.0,0.0,0.0,0.0,0.0,-0.07295753028475699,-0.041113876762568065,5.7624876261752425,0.3727885885736841,0.05028929681067905,-1.0873530615797122
0.1622000000000026,0.0,0.0,0.0,0.0,0.0,0.0,-0.07291804447296821,-0.03760302417994619,5.7650285691305765,0.38272173160820677,0.056414613274743286,-1.110626505832783
0.16420000000000265,0.0,0.0,0.0,0.0,0.0,0.0,-0.07277954435608562,-0.03398848347463444,5.767401550740579,0.3926467916763841,0.06284171268966968,-1.133822374226107
0.1662000000000027,0.0,0.0,0.0,0.0,0.0,0.0,-0.07254610305080267,-0.0302802146630121,5.769598256644522,0.4025521085918823,0.06957262677178669,-1.1569211934558912
0.16820000000000276,0.0,0.0,0.0,0.0,0.0,0.0,-0.07222239515866141,-0.02648868714374347,5.77161110735431,0.41242618061089986,0.07660878639869814,-1.1799036736184325
0.17020000000000282,0.0,0.0,0.0,0.0,0.0,0.0,-0.07181367794946666,-0.02262482622504591,5.7734333253292265,0.42225772008823886,0.08395101640900761,-1.2027507671211037
0.17220000000000288,0.0,0.0,0.0,0.0,0.0,0.0,-0.07132576700469342,-0.018699955099195312,5.775058998094112,0.43203570670046665,0.09159953373425114,-1.2254437251141346
0.17420000000000294,0.0,0.0,0.0,0.0,0.0,0.0,-0.07076500635757624,-0.0147257326160551,5.776483136653694,0.44174943770423647,0.09955394883520899,-1.2479641509220294
0.176200000000003,0.0,0.0,0.0,0.0,0.0,0.0,-0.0701382332381384,-0.010714087272372627,5.777701728472375,0.4513885747554936,0.10781327037825285,-1.270294050011096
0.17820000000000305,0.0,0.0,0.0,0.0,0.0,0.0,-0.06945273760479809,-0.0066771478975627034,5.77871178431837,0.46094318688035274,0.11637591305297032,-1.2924158760944924
0.1802000000000031,0.0,0.0,0.0,0.0,0.0,0.0,-0.06871621671799646,-0.0026271715780426344,5.7795113783139955,0.4704037892589761,0.12523970840060208,-1.3143125730464973
0.18220000000000316,0.0,0.0,0.0,0.0,0.0,0.0,-0.06793672508389184,0.0014235305808156828,5.780099680590127,0.4797613775578405,0.1344019184943369,-1.335967612371467
0.18420000000000322,0.0,0.0,0.0,0.0,0.0,0.0,-0.06712262016610099,0.005462669205073887,5.780476982011854,0.48900745762136244,0.14385925228763724,-1.357365026048125
0.18620000000000328,0.0,0.0,0.0,0.0,0.0,0.0,-0.06628250432913223,0.009478053221619334,5.780644710523412,0.4981340704090391,0.15360788442579668,-1.378489434644609
0.18820000000000334,0.0,0.0,0.0,0.0,0.0,0.0,-0.0654251635370868,0.013457666519085617,5.780605438752181,0.5071338121372688,0.16364347629903325,-1.3993260706722757
0.1902000000000034,0.0,0.0,0.0,0.0,0.0,0.0,-0.0645595033841127,0.017389743949077257,5.780362882612367,0.5159998496542574,0.17396119910265492,-1.4198607972150157
0.19220000000000345,0.0,0.0,0.0,0.0,0.0,0.0,-0.06369448307771047,0.021262845904185423,5.779921890757107,0.5247259311405098,0.1845557586611484,-1.4400801219345118
0.1942000000000035,0.0,0.0,0.0,0.0,0.0,0.0,-0.06283904803137144,0.02506593070908228,5.779288424840849,0.533306392285277,0.19542142176829946,-1.4599712066092634
0.19620000000000357,0.0,0.0,0.0,0.0,0.0,0.0,-0.06200206174839621,0.028788424073281426,5.778469530669998,0.5417361581401193,0.20655204379442774,-1.479521872415566
0.19820000000000362,0.0,0.0,0.0,0.0,0.0,0.0,-0.06119223769348666,0.03242028487899901,5.777473300436324,0.5500107408939278,0.2179410973142197,-1.4987206012013876
0.20020000000000368,0.0,0.0,0.0,0.0,0.0,0.0,-0.060418071852623816,0.03595206661461603,5.77630882634236,0.5581262338490282,0.22958170151413576,-1.51755653303895
0.20220000000000374,0.0,0.0,0.0,0.0,0.0,0.0,-0.059687776674666626,0.0393749738129436,5.774986146038605,0.5660793019053325,0.24146665214656318,-1.5360194603687667
0.2042000000000038,0.0,0.0,0.0,0.0,0.0,0.0,-0.059009217070333214,0.04268091291291606,5.773516180396596,0.5738671688791114,0.25358845180840195,-1.5540998190670907
0.20620000000000385,0.0,0.0,0.0,0.0,0.0,0.0,-0.05838984911606692,0.04586253703231973,5.771910664237801,0.5814876019951822,0.2659393403341892,-1.5717886767805536
0.2082000000000039,0.0,0.0,0.0,0.0,0.0,0.0,-0.05783666207247198,0.048913284216345325,5.770182070724111,0.5889388938967024,0.2785113251077986,-1.5890777188767742
0.21020000000000397,0.0,0.0,0.0,0.0,0.0,0.0,-0.05735612428027546,0.05182740881055617,5.768343530189785,0.5962198425159515,0.2912962111118075,-1.6059592323584924
0.21220000000000402,0.0,0.0,0.0,0.0,0.0,0.0,-0.05695413344221574,0.05460000569564881,5.76640874425595,0.6033297291432159,0.3042856305494483,-1.6224260880820889
0.21420000000000408,0.0,0.0,0.0,0.0,0.0,0.0,-0.05663597173793467,0.05722702721337101,5.764391896116106,0.6102682950199314,0.31747107189032125,-1.6384717216099496
0.21620000000000414,0.0,0.0,0.0,0.0,0.0,0.0,-0.05640626615220046,0.05970529270637913,5.762307557913974,0.617035716767379,0.33084390820745013,-1.654090113010793
0.2182000000000042,0.0,0.0,0.0,0.0,0.0,0.0,-0.05626895432588653,0.06203249068788932,5.760170596153188,0.6236325809442573,0.3443954246895519,-1.669275765903615
0.22020000000000425,0.0,0.0,0.0,0.0,0.0,0.0,-0.05622725616551912,0.06420717374802566,5.757996076081712,0.6300598580061165,0.35811684522834547,-1.68402368602002
0.2222000000000043,0.0,0.0,0.0,0.0,0.0,0.0,-0.056283651372266055,0.06622874639109834,5.755799165982932,0.636318875917637,0.3719993579961606,-1.6983293595371356
0.22420000000000437,0.0,0.0,0.0,0.0,0.0,0.0,-0.05643986297634063,0.06809744608028792,5.75359504228058,0.6424112936457212,0.38603413994387975,-1.7121887314096838
0.22620000000000443,0.0,0.0,0.0,0.0,0.0,0.0,-0.056696846889345676,0.06981431784195076,5.7513987963271305,0.6483390747378864,0.4002123801632361,-1.7255981839056416
0.22820000000000448,0.0,0.0,0.0,0.0,0.0,0.0,-0.05705478741626044,0.07138118284990483,5.749225343695954,0.6541044611670399,0.41452530207061683,-1.7385545155258153
0.23020000000000454,0.0,0.0,0.0,0.0,0.0,0.0,-0.05751309860179997,0.07280060146967951,5.747089336737848,0.6597099476007485,0.4289641843817291,-1.7510549204639474
0.2322000000000046,0.0,0.0,0.0,0.0,0.0,0.0,-0.05807043122376554,0.0740758312930904,5.745005081094003,0.6651582562309853,0.44352038085773404,-1.7630969687410463
0.23420000000000465,0.0,0.0,0.0,0.0,0.0,0.0,-0.058724685189618604,0.07521078073415242,5.742986456781619,0.6704523122792833,0.4581853388137338,-1.7746785871257453
0.2362000000000047,0.0,0.0,0.0,0.0,0.0,0.0,-0.05947302704260956,0.0762099587880075,5.741046844386971,0.6755952202724727,0.4729506163898097,-1.785798040931855
0.23820000000000477,0.0,0.0,0.0,0.0,0.0,0.0,-0.06031191224090034,0.07707842157516688,5.739199056815538,0.6805902411658759,0.4878078985931659,-1.7964539167650369
0.24020000000000483,0.0,0.0,0.0,0.0,0.0,0.0,-0.0612371118376291,0.07782171630412926,5.737455276961371,0.6854407703740638,0.5027490121273647,-1.8066451062727853
0.24220000000000488,0.0,0.0,0.0,0.0,0.0,0.0,-0.062243743161976194,0.078445823286663,5.73582700157014,0.6901503167541082,0.5177659390311707,-1.8163707909356983
0.24420000000000494,0.0,0.0,0.0,0.0,0.0,0.0,-0.06332630408103944,0.07895709663230555,5.734324991483605,0.6947224825726814,0.5328508291552057,-1.8256304279233664
0.246200000000005,0.0,0.0,0.0,0.0,0.0,0.0,-0.06447871040956771,0.07936220423254241,5.732959228369217,0.6991609444763569,0.5479960115094744,-1.8344237370250986
0.24820000000000506,0.0,0.0,0.0,0.0,0.0,0.0,-0.0656943360290929,0.07966806762156965,5.731738877958454,0.7034694354739812,0.5631940045189258,-1.84275068865406
0.2502000000000051,0.0,0.0,0.0,0.0,0.0,0.0,-0.06696605527929235,0.07988180227031055,5.730672259742528,0.7076517279309774,0.5784375252275801,-1.850611492913176
0.25220000000000486,0.0,0.0,0.0,0.0,0.0,0.0,-0.06828628719200858,0.08001065883452864,5.729766823005162,0.7117116175677701,0.593719497494458,-1.8580065897022684
0.25420000000000464,0.0,0.0,0.0,0.0,0.0,0.0,-0.06964704115162865,0.08006196583732474,5.729029129010172,0.7156529084481603,0.6090330592266117,-1.8649366398382394
0.2562000000000044,0.0,0.0,0.0,0.0,0.0,0.0,-0.07103996358376564,0.08004307422220747,5.72846483910704,0.719479398938261,0.6243715686960453,-1.8714025171536075
0.2582000000000042,0.0,0.0,0.0,0.0,0.0,0.0,-0.07245638529668617,0.0799613041661284,5.728078708471027,0.7231948686124634,0.6397286099882536,-1.8774053015332364
0.260200000000004,0.0,0.0,0.0,0.0,0.0,0.0,-0.07388736912586506,0.07982389449349238,5.727874585155863,0.7268030660797241,0.6550979976305543,-1.8829462728445652
0.26220000000000376,0.0,0.0,0.0,0.0,0.0,0.0,-0.07532375756067486,0.07963795498304084,5.727855414106634,0.730307697701122,0.6704737804483801,-1.8880269057129686
0.26420000000000354,0.0,0.0,0.0,0.0,0.0,0.0,-0.07675622006272212,0.07941042181054064,5.7280232457581075,0.7337124171680653,0.6858502446972687,-1.8926488650909317
0.2662000000000033,0.0,0.0,0.0,0.0,0.0,0.0,-0.07817529981698502,0.07914801632219179,5.728379248829117,0.7370208159095895,0.7012219165174844,-1.8968140025674545
0.2682000000000031,0.0,0.0,0.0,0.0,0.0,0.0,-0.079571459688958,0.0788572072872589,5.728923726916253,0.7402364142968231,0.7165835637570637,-1.9005243533624012
0.2702000000000029,0.0,0.0,0.0,0.0,0.0,0.0,-0.08093512719281186,0.07854417673422869,5.729656138489662,0.7433626536128034,0.7319301972076215,-1.9037821339493102
0.27220000000000266,0.0,0.0,0.0,0.0,0.0,0.0,-0.08225673830651876,0.07821478943331676,5.730575119899362,0.7464028887563142,0.7472570712955452,-1.9065897402494303
0.27420000000000244,0.0,0.0,0.0,0.0,0.0,0.0,-0.08352677999943382,0.07787456604973067,5.731678511011818,0.7493603816492375,0.7625596842692477,-1.9089497463393668
0.2762000000000022,0.0,0.0,0.0,0.0,0.0,0.0,-0.07832995967638515,0.06290459742754231,5.741623363820524,0.7522426127289088,0.7778364449148047,-1.910876028059827
0.278200000000002,0.0,0.0,0.0,0.0,0.0,0.0,-0.07750199522545417,0.05923662702286409,5.745070471182108,0.7550722455997048,0.7930956156445121,-1.9124218220893094
0.2802000000000018,0.0,0.0,0.0,0.0,0.0,0.0,-0.07813363853643136,0.05911595752304467,5.746530284184531,0.7578582261748483,0.8083374967438378,-1.913604895738975
0.28220000000000156,0.0,0.0,0.0,0.0,0.0,0.0,-0.07869845902185756,0.0589836620336837,5.748105332830965,0.7606030764545513,0.8235586360385625,-1.9144266281211324
0.28420000000000134,0.0,0.0,0.0,0.0,0.0,0.0,-0.07919004407888963,0.058842608234205784,5.749792258673796,0.7633092647635125,0.8387557278772746,-1.9148885316213347
0.2862000000000011,0.0,0.0,0.0,0.0,0.0,0.0,-0.07960215673535327,0.058695445395626364,5.7515872019237655,0.7659792098668583,0.8539256174096268,-1.9149922682809593
0.2882000000000009,0.0,0.0,0.0,0.0,0.0,0.0,-0.07992876287446662,0.058544596417145725,5.753485824121695,0.7686152783842849,0.8690653002512668,-1.9147396481145795
0.2902000000000007,0.0,0.0,0.0,0.0,0.0,0.0,-0.08016405720068678,0.05839225178860977,5.7554833320645225,0.7712197825032419,0.8841719218833928,-1.9141326274960586
0.29220000000000046,0.0,0.0,0.0,0.0,0.0,0.0,-0.08030248789456738,0.05824036542166855,5.757574502825472,0.7737949779806943,0.8992427768038885,-1.9131733075905284
0.29420000000000024,0.0,0.0,0.0,0.0,0.0,0.0,-0.08033877991293113,0.05809065228253767,5.759753709718297,0.7763430624232205,0.9142753074460771,-1.9118639328097125
0.2962,0.0,0.0,0.0,0.0,0.0,0.0,-0.08026795689790359,0.05794458775084088,5.762014949066003,0.7788661738354424,0.9292671028802049,-1.9102068892684416
0.2981999999999998,0.0,0.0,0.0,0.0,0.0,0.0,-0.08008536166447297,0.057803408622007904,5.764351867644871,0.7813663894270099,0.944215897311797,-1.9082047032207134
0.3001999999999996,0.0,0.0,0.0,0.0,0.0,0.0,-0.07978667524129557,0.0576681156650707,5.766757790684899,0.7838457246685671,0.9591195683900705,-1.905860039454236
0.30219999999999936,0.0,0.0,0.0,0.0,0.0,0.0,-0.07936793444352629,0.057539477643285944,5.769225750317566,0.7863061325873248,0.9739761353386182,-1.9031756996230804
0.30419999999999914,0.0,0.0,0.0,0.0,0.0,0.0,-0.07882554795963032,0.05741803670176296,5.771748514371107,0.7887495032930039,0.9887837569196448,-1.9001546204988506
0.3061999999999989,0.0,0.0,0.0,0.0,0.0,0.0,-0.07815631093652238,0.057304115024063504,5.7743186154219925,0.7911776637250229,1.0035407292421175,-1.8967998721216426
0.3081999999999987,0.0,0.0,0.0,0.0,0.0,0.0,-0.07735741804911102,0.05719782265842888,5.776928380018996,0.7935923776118677,1.0182454834233279,-1.8931146558330285
0.3101999999999985,0.0,0.0,0.0,0.0,0.0,0.0,-0.07642647504152533,0.057099066413822445,5.779569958002986,0.7959953456335718,1.0328965831125494,-1.8891023021743494
0.31219999999999826,0.0,0.0,0.0,0.0,0.0,0.0,-0.07536150872809617,0.05700755972618969,5.782235351851343,0.7983882057781788,1.0474927218847108,-1.8847662686347446
0.31419999999999804,0.0,0.0,0.0,0.0,0.0,0.0,-0.07416097544269434,0.05692283339616843,5.784916445980666,0.8007725338829306,1.0620327205113267,-1.8801101372345723
0.3161999999999978,0.0,0.0,0.0,0.0,0.0,0.0,-0.07282376792541444,0.05684424710081169,5.787605035945171,0.8031498443507186,1.076515524115316,-1.8751376119312047
0.3181999999999976,0.0,0.0,0.0,0.0,0.0,0.0,-0.0713492206359697,0.056771001583641297,5.79029285747094,0.8055215910320652,1.0909401992158179,-1.8698525158355934
0.3201999999999974,0.0,0.0,0.0,0.0,0.0,0.0,-0.06973711348364953,0.05670215142943764,5.7929716152679385,0.8078891682625394,1.1053059306686677,-1.8642587882295063
0.32219999999999716,0.0,0.0,0.0,0.0,0.0,0.0,-0.06798767396438367,0.05663661833252099,5.7956330115626695,0.8102539120450785,1.1196120185078604,-1.8583604813749497
0.32419999999999694,0.0,0.0,0.0,0.0,0.0,0.0,-0.06610157769648431,0.05657320476984765,5.798268774294351,0.8126171013661639,1.1338578746930752,-1.852161757108967
0.3261999999999967,0.0,0.0,0.0,0.0,0.0,0.0,-0.06407994734805313,0.0565106079929528,5.800870684916902,0.8149799596341845,1.1480430197681715,-1.84566688321881
0.3281999999999965,0.0,0.0,0.0,0.0,0.0,0.0,-0.06192434995094821,0.056447434255590144,5.803430605747749,0.8173436562276243,1.162167079435526,-1.838880229594359
0.3301999999999963,0.0,0.0,0.0,0.0,0.0,0.0,-0.05963679259864892,0.05638221319682037,5.805940506802673,0.8197093081399169,1.1762297810510987,-1.8318062641566457
0.33219999999999605,0.0,0.0,0.0,0.0,0.0,0.0,-0.05721971652838782,0.0563134123022441,5.80839249205377,0.8220779817069165,1.1902309500452555,-1.8244495485634147
0.33419999999999583,0.0,0.0,0.0,0.0,0.0,0.0,0.4275207401527329,0.8097328034734571,5.657972271104166,0.8244004638555427,1.2040930777404988,-1.816766990004058
0.3361999999999956,0.0,0.0,0.0,0.0,0.0,0.0,0.38566028640607414,0.714424954046029,5.665063424429496,0.8255674319890572,1.2161302748899567,-1.8077546363797783
0.3381999999999954,0.0,0.0,0.0,0.0,0.0,0.0,0.35339929154291005,0.6328303984319232,5.6753465756372945,0.8252627235382511,1.2259328090267136,-1.7972556173080458
0.3401999999999952,0.0,0.0,0.0,0.0,0.0,0.0,0.32856964923616394,0.5632456341667255,5.687019345434227,0.8236441655801829,1.2338094550569776,-1.7855346250301716
0.34219999999999495,0.0,0.0,0.0,0.0,0.0,0.0,0.30877727777673225,0.5029647307196567,5.699208325628901,0.8208571225448771,1.2400307473014849,-1.7728064972297395
0.34419999999999473,0.0,0.0,0.0,0.0,0.0,0.0,0.29259033345897634,0.4503421301430808,5.711300239910533,0.8170354338001374,1.2448339133493493,-1.7592459212693707
0.3461999999999945,0.0,0.0,0.0,0.0,0.0,0.0,0.2790054664214322,0.40409901705657436,5.722923810354299,0.8123018555471533,1.248426807075665,-1.7449951024551238
0.3481999999999943,0.0,0.0,0.0,0.0,0.0,0.0,0.2673279190746832,0.3632333276102005,5.733864674312499,0.8067683365870063,1.2509912153492184,-1.7301699098995345
0.35019999999999407,0.0,0.0,0.0,0.0,0.0,0.0,0.25708389389094,0.32695035069416567,5.7440106893306755,0.8005363710298942,1.2526858378918697,-1.714864891882211
0.35219999999999385,0.0,0.0,0.0,0.0,0.0,0.0,0.24795631992297415,0.294610044609626,5.753316362045879,0.7936974480580471,1.2536489613999737,-1.6991573527499924
0.35419999999999363,0.0,0.0,0.0,0.0,0.0,0.0,0.23973767270193785,0.2656875708920105,5.761779398700072,0.7863335961161222,1.254000851345915,-1.6831106565331053
0.3561999999999934,0.0,0.0,0.0,0.0,0.0,0.0,0.2322952995868326,0.23974408931762678,5.76942501297566,0.7785180059868839,1.2538458855362844,-1.6667768981208382
0.3581999999999932,0.0,0.0,0.0,0.0,0.0,0.0,0.2255459757718227,0.21640540978480352,5.776295262171168,0.7703157112507915,1.2532744531181932,-1.6501990607713934
0.36019999999999297,0.0,0.0,0.0,0.0,0.0,0.0,0.21943731858704074,0.19534659283825895,5.782441697586062,0.761784303238794,1.252364641704045,-1.6334127589291507
0.36219999999999275,0.0,0.0,0.0,0.0,0.0,0.0,0.2139343302227985,0.176281009592125,5.787920245432729,0.7529746589373866,1.2511837339012135,-1.6164476478442449
0.36419999999999253,0.0,0.0,0.0,0.0,0.0,0.0,0.2090097994447411,0.15895271248852377,5.792787626703584,0.74393166308492,1.2497895329685806,-1.599328566338664
0.3661999999999923,0.0,0.0,0.0,0.0,0.0,0.0,0.20463762522792034,0.14313123824642465,5.79709886868983,0.7346949090351428,1.2482315356961633,-1.5820764661630657
0.3681999999999921,0.0,0.0,0.0,0.0,0.0,0.0,0.20078836668774244,0.1286081741162012,5.80090561337632,0.7252993663204401,1.246551968993713,-1.5647091705882905
0.37019999999999187,0.0,0.0,0.0,0.0,0.0,0.0,0.19742649979847793,0.11519497911316308,5.804255023498351,0.7157760059274401,1.24478670512627,-1.547241995973049
0.37219999999999165,0.0,0.0,0.0,0.0,0.0,0.0,0.19450898985485598,0.10272167336028025,5.807189147184361,0.7061523769693784,1.2429660690764108,-1.52968826281627
0.37419999999999143,0.0,0.0,0.0,0.0,0.0,0.0,0.1919848818339285,0.0910360998326857,5.809744640166236,0.6964531306736778,1.2411155501580025,-1.5120597170056558
0.3761999999999912,0.0,0.0,0.0,0.0,0.0,0.0,0.189795677608394,0.08000353109601223,5.811952768787343,0.6867004894295515,1.239256428759578,-1.4943668773893748
0.378199999999991,0.0,0.0,0.0,0.0,0.0,0.0,0.1878763158832021,0.06950644519611396,5.813839632625483,0.6769146601175826,1.2374063279560157,-1.4766193222205628
0.38019999999999077,0.0,0.0,0.0,0.0,0.0,0.0,0.18615660280146976,0.059444334636298356,5.8154265557095,0.6671141921383203,1.2355796986906729,-1.4588259242726793
0.38219999999999055,0.0,0.0,0.0,0.0,0.0,0.0,0.18456296244233658,0.04973344425123501,5.816730602115771,0.6573162815333438,1.2337882462900724,-1.4409950423400666
0.3841999999999903,0.0,0.0,0.0,0.0,0.0,0.0,0.18302039030710454,0.04030636066850905,5.81776517654802,0.6475370234027813,1.2320413052222994,-1.4231346752876766
0.3861999999999901,0.0,0.0,0.0,0.0,0.0,0.0,0.18145450227128362,0.031111399969013975,5.818540674258254,0.637791615506938,1.2303461682408394,-1.405252583682909
0.3881999999999899,0.0,0.0,0.0,0.0,0.0,0.0,0.17979357885311173,0.022111762340884664,5.819065148003373,0.6280945165212751,1.2287083753603993,-1.3873563832349862
0.39019999999998967,0.0,0.0,0.0,0.0,0.0,0.0,0.17797051205283962,0.013284443481885193,5.819344963096862,0.6184595629053458,1.227131967483467,-1.3694536137029012
0.39219999999998945,0.0,0.0,0.0,0.0,0.0,0.0,0.17592457098813494,0.004618912163975508,5.819385415293136,0.6089000487487661,1.2256197089300644,-1.3515517865446671
0.3941999999999892,0.0,0.0,0.0,0.0,0.0,0.0,0.17360291405822853,-0.003884418786775466,5.8191912903773835,0.5994287732650255,1.2241732826130558,-1.333658414312786
0.396199999999989,0.0,0.0,0.0,0.0,0.0,0.0,0.17096178977635038,-0.012215885599360609,5.818767348939667,0.5900580608072452,1.2227934611431266,-1.3157810246083628
0.3981999999999888,0.0,0.0,0.0,0.0,0.0,0.0,0.16796738548516713,-0.020358376458577646,5.818118724786938,0.5807997583689923,1.2214802567373721,-1.2979271612531411
0.40019999999998856,0.0,0.0,0.0,0.0,0.0,0.0,0.16459630215944307,-0.028289182261104197,5.817251230595755,0.5716652155007261,1.2202330524401725,-1.280104375197664
0.40219999999998834,0.0,0.0,0.0,0.0,0.0,0.0,0.1608356532608257,-0.03598183026189681,5.816171569475504,0.5626652514163135,1.2190507168418308,-1.2623202075354865
0.4041999999999881,0.0,0.0,0.0,0.0,0.0,0.0,0.15668280478661523,-0.04340783729584001,5.814887455816182,0.5538101137886917,1.217931704196667,-1.2445821668258203
0.4061999999999879,0.0,0.0,0.0,0.0,0.0,0.0,0.15214479087919017,-0.05053832524259339,5.8134076528705085,0.5451094333505204,1.2168741415952735,-1.2268977027346724
0.4081999999999877,0.0,0.0,0.0,0.0,0.0,0.0,0.14723745344145878,-0.05734545099062665,5.811741937751415,0.5365721779423153,1.2158759046327177,-1.209274177787214
0.41019999999998746,0.0,0.0,0.0,0.0,0.0,0.0,0.14198436426654668,-0.06380361532894185,5.809901006772687,0.5282066091099428,1.21493468283271,-1.1917188387859197
0.41219999999998724,0.0,0.0,0.0,0.0,0.0,0.0,0.1364155937838915,-0.06989042876775928,5.807896335271956,0.5200202437715585,1.2140480359340349,-1.1742387891969386
0.414199999999987,0.0,0.0,0.0,0.0,0.0,0.0,0.13056639163769648,-0.0755874260577507,5.805740006270223,0.5120198228781836,1.2132134420165754,-1.1568409635499481
0.4161999999999868,0.0,0.0,0.0,0.0,0.0,0.0,0.1244758413407486,-0.08088053404944134,5.803444521657234,0.5042112884082175,1.2124283383367123,-1.1395321046435756
0.4181999999999866,0.0,0.0,0.0,0.0,0.0,0.0,0.11818554489712318,-0.08576030863511643,5.801022608221294,0.4965997694873776,1.2116901556523207,-1.1223187441080962
0.42019999999998636,0.0,0.0,0.0,0.0,0.0,0.0,0.11173838447362495,-0.09022196524981622,5.798487028971889,0.4891895779306631,1.210996346742832,-1.1052071866569566
0.42219999999998614,0.0,0.0,0.0,0.0,0.0,0.0,0.10517739791108434,-0.0942652334796114,5.795850408047347,0.4819842130756216,1.2103444097668006,-1.0882034981643995
0.4241999999999859,0.0,0.0,0.0,0.0,0.0,0.0,0.09854479405728855,-0.09789406971711107,5.7931250752568175,0.474986375424682,1.2097319070454737,-1.0713134975417926
0.4261999999999857,0.0,0.0,0.0,0.0,0.0,0.0,0.09188112340422555,-0.1011162627288644,5.7903229341442986,0.46819798834163723,1.2091564798136176,-1.0545427522518651
0.4281999999999855,0.0,0.0,0.0,0.0,0.0,0.0,0.08522460997471744,-0.1039429658341163,5.787455355510524,0.46162022685197235,1.208615859436472,-1.0378965771978332
0.43019999999998526,0.0,0.0,0.0,0.0,0.0,0.0,0.07861064227394174,-0.10638818661079193,5.784533096670882,0.45525355247336174,1.2081078755526793,-1.0213800366517
0.43219999999998504,0.0,0.0,0.0,0.0,0.0,0.0,0.07207141464450195,-0.10846826114379007,5.781566245407765,0.44909775294335624,1.2076304615662734,-1.0049979488401128
0.4341999999999848,0.0,0.0,0.0,0.0,0.0,0.0,0.06563570560662264,-0.11020133529132586,5.778564186602018,0.44315198570636194,1.2071816578756338,-0.9887548927835369
0.4361999999999846,0.0,0.0,0.0,0.0,0.0,0.0,0.05932877665222213,-0.11160687068582097,5.775535588881421,0.4374148240610467,1.2067596131932596,-0.9726552169812245
0.4381999999999844,0.0,0.0,0.0,0.0,0.0,0.0,0.053172373317180284,-0.11270518854412762,5.7724884082663985,0.43188430494183694,1.2063625842771368,-0.9567030495465858
0.44019999999998416,0.0,0.0,0.0,0.0,0.0,0.0,0.04718480994283145,-0.11351706008571717,5.769429905675732,0.4265579774043552,1.205988934362335,-0.9409023094212295
0.44219999999998394,0.0,0.0,0.0,0.0,0.0,0.0,0.041381120092979985,-0.11406334860862863,5.766366675225333,0.4214329509956571,1.2056371305504194,-0.9252567183276688
0.4441999999999837,0.0,0.0,0.0,0.0,0.0,0.0,0.03577325585517849,-0.11436470513684287,5.763304680459766,0.4165059433084061,1.205305740384446,-0.9097698131574302
0.4461999999999835,0.0,0.0,0.0,0.0,0.0,0.0,0.030370320984904945,-0.11444131705259473,5.760249295952542,0.41177332613749956,1.2049934278089474,-0.8944449585305021
0.4481999999999833,0.0,0.0,0.0,0.0,0.0,0.0,0.02517882484187474,-0.11431270723943433,5.757205352057794,0.40723116977331575,1.2046989486876087,-0.8792853593016685
0.45019999999998306,0.0,0.0,0.0,0.0,0.0,0.0,0.020202946151366915,-0.11399757993139042,5.754177180960781,0.40287528507417497,1.2044211460264562,-0.8642940728277458
0.45219999999998284,0.0,0.0,0.0,0.0,0.0,0.0,0.015444797671953236,-0.11351370861620634,5.751168662533905,0.39870126305940284,1.204158945027434,-0.8494740208459115
0.4541999999999826,0.0,0.0,0.0,0.0,0.0,0.0,0.010904684773246283,-0.11287786089402074,5.748183268841454,0.39470451185214994,1.2039113480763577,-0.8348280008464688
0.4561999999999824,0.0,0.0,0.0,0.0,0.0,0.0,0.006581352664359751,-0.11210575506452346,5.745224106439411,0.3908802908772197,1.2036774297503958,-0.8203586968530596
0.4581999999999822,0.0,0.0,0.0,0.0,0.0,0.0,0.002472218533268545,-0.11121204332809465,5.7422939558805,0.3872237422835977,1.2034563319134495,-0.8060686895493366
0.46019999999998196,0.0,0.0,0.0,0.0,0.0,0.0,-0.0014264138524026611,-0.11021031677106402,5.739395308057229,0.383729919614589,1.2032472589530314,-0.7919604657134445
0.46219999999998174,0.0,0.0,0.0,0.0,0.0,0.0,-0.0051191584678779885,-0.1091131277034969,5.736530397197788,0.3803938137912396,1.2030494731993768,-0.7780364269404529
0.4641999999999815,0.0,0.0,0.0,0.0,0.0,0.0,-0.008611370808572877,-0.1079320253820731,5.733701230474003,0.37721037650800193,1.2028622905564454,-0.764298897648397
0.4661999999999813,0.0,0.0,0.0,0.0,0.0,0.0,-0.01190899099164003,-0.10667760164330652,5.730909614290931,0.37417454116448085,1.2026850763650976,-0.7507501323760689
0.4681999999999811,0.0,0.0,0.0,0.0,0.0,0.0,-0.01501840555613056,-0.10535954346525953,5.7281571774084945,0.37128124147466907,1.2025172415108372,-0.7373923223905446
0.47019999999998086,0.0,0.0,0.0,0.0,0.0,0.0,-0.01794632698345264,-0.10398668994903054,5.725445391101482,0.3685254279064519,1.2023582387820173,-0.7242276016298882
0.47219999999998064,0.0,0.0,0.0,0.0,0.0,0.0,-0.020699689725074473,-0.10256709165118028,5.722775586599473,0.36590208211034114,1.2022075594791417,-0.711258052011959
0.4741999999999804,0.0,0.0,0.0,0.0,0.0,0.0,-0.02303299255550106,-0.10154773775843474,5.719931761487157,0.36340634071628725,1.2020645588946965,-0.6984858422725
0.4761999999999802,0.0,0.0,0.0,0.0,0.0,0.0,-0.025058163152358804,-0.10082732240573013,5.716942271863244,0.3610348036241791,1.201926419896044,-0.6859148291013732
0.47819999999998,0.0,0.0,0.0,0.0,0.0,0.0,-0.027011223863631105,-0.10002423199921012,5.713993786446141,0.35878500258193413,1.2017888698506258,-0.673550015941884
0.48019999999997975,0.0,0.0,0.0,0.0,0.0,0.0,-0.028891635190106808,-0.09914452293778224,5.711089384620059,0.3566544004603452,1.2016477000764594,-0.6613963717679783
0.48219999999997953,0.0,0.0,0.0,0.0,0.0,0.0,-0.030699064026591248,-0.0981942674675195,5.7082318825924405,0.35464037888712996,1.2014988000147606,-0.6494588063010893
0.4841999999999793,0.0,0.0,0.0,0.0,0.0,0.0,-0.03243337282071103,-0.09717953429857687,5.705423838454816,0.35274024596645087,1.2013381608402038,-0.6377421686147522
0.4861999999999791,0.0,0.0,0.0,0.0,0.0,0.0,-0.03409460839023126,-0.09610637038074883,5.702667558360315,0.3509512442421876,1.2011618786831224,-0.6262512455681291
0.4881999999999789,0.0,0.0,0.0,0.0,0.0,0.0,-0.035682990479391774,-0.09498078386249499,5.6999651037249635,0.34927055887704234,1.2009661574704587,-0.6149907600726958
0.49019999999997865,0.0,0.0,0.0,0.0,0.0,0.0,-0.03719890013071858,-0.09380872824775345,5.697318299359637,0.34769532601905695,1.2007473113938094,-0.6039653691982289
0.49219999999997843,0.0,0.0,0.0,0.0,0.0,0.0,-0.03864286794445871,-0.0925960877549396,5.694728742440024,0.34622264132670866,1.2005017670144094,-0.5931796621260261
0.4941999999999782,0.0,0.0,0.0,0.0,0.0,0.0,-0.04001556229325493,-0.0913486638732226,5.6921978122231165,0.34484956862343225,1.2002260650162806,-0.5826381579589867
0.496199999999978,0.0,0.0,0.0,0.0,0.0,0.0,-0.04131777755501162,-0.09007216310251352,5.689726680420568,0.3435731486522035,1.1999168616201052,-0.5723453033997403
0.49819999999997777,0.0,0.0,0.0,0.0,0.0,0.0,-0.04255042242213116,-0.08877218585563093,5.6873163221414975,0.34239040790070935,1.1995709296716275,-0.5623054703094483
0.5001999999999776,0.0,0.0,0.0,0.0,0.0,0.0,-0.04371450834049815,-0.08745421649379777,5.684967527320176,0.3412983674676331,1.1991851594195357,-0.5525229531611698
0.5021999999999773,0.0,0.0,0.0,0.0,0.0,0.0,-0.04481113812679506,-0.08612361446002902,5.6826809125471645,0.3402940519407043,1.1987565589988567,-0.543001966402812
0.5041999999999771,0.0,0.0,0.0,0.0,0.0,0.0,-0.04584149480798537,-0.08478560646904261,5.680456933225976,0.3393744982573963,1.1982822546368663,-0.5337466417456243
0.5061999999999769,0.0,0.0,0.0,0.0,0.0,0.0,-0.04680683072215726,-0.08344527970708494,5.678295895981126,0.3385367645195117,1.1977594905994065,-0.5247610253949776
0.5081999999999767,0.0,0.0,0.0,0.0,0.0,0.0,-0.047708456915393084,-0.08210757599049222,5.676197971247364,0.33777793873336887,1.1971856288962919,-0.5160490752407577
0.5101999999999765,0.0,0.0,0.0,0.0,0.0,0.0,-0.0485477328649779,-0.08077728682787774,5.674163205973976,0.3370951474478918,1.196558148765178,-0.5076146580251287
0.5121999999999762,0.0,0.0,0.0,0.0,0.0,0.0,-0.049326056555077054,-0.07945904932753471,5.672191536382258,0.33648556426361154,1.1958746459538552,-0.499461546505652
0.514199999999976,0.0,0.0,0.0,0.0,0.0,0.0,-0.05004485492705257,-0.07815734288894421,5.670282800718377,0.33594641818639664,1.195132831821431,-0.4915934166318192
0.5161999999999758,0.0,0.0,0.0,0.0,0.0,0.0,-0.050705574722851095,-0.0768764866151488,5.668436751948078,0.3354750018006499,1.1943305322792384,-0.4840138447529441
0.5181999999999756,0.0,0.0,0.0,0.0,0.0,0.0,-0.05130967373639688,-0.07562063738116587,5.666653070343731,0.3350686792377173,1.1934656865926123,-0.476726304875093
0.5201999999999753,0.0,0.0,0.0,0.0,0.0,0.0,-0.05185861248468795,-0.07439378849254238,5.664931375918222,0.3347248939163586,1.1925363460648462,-0.46973416598430645
0.5221999999999751,0.0,0.0,0.0,0.0,0.0,0.0,-0.05165678914832857,-0.07331324409593068,5.663424821138027,0.3344410278885812,1.1915407368992736,-0.46304063704452175
0.5241999999999749,0.0,0.0,0.0,0.0,0.0,0.0,-0.050420569820989254,-0.07246606323489276,5.66219071342611,0.33421062946282265,1.190478911184062,-0.4566474170873425
0.5261999999999747,0.0,0.0,0.0,0.0,0.0,0.0,-0.049461175312990935,-0.07164445548468099,5.660940709975618,0.3340241085958789,1.1893524959670014,-0.45055489372940577
0.5281999999999745,0.0,0.0,0.0,0.0,0.0,0.0,-0.048724014904458435,-0.07084526862128317,5.659689691192063,0.3338734168194278,1.1881626645882966,-0.4447637876745029
0.5301999999999742,0.0,0.0,0.0,0.0,0.0,0.0,-0.04816335592331421,-0.07006774358468436,5.658449745969811,0.3337519747743046,1.1869101447939594,-0.4392751380256184
0.532199999999974,0.0,0.0,0.0,0.0,0.0,0.0,-0.04774090043671692,-0.06931282551740071,5.65723068590507,0.33365440430650006,1.1855953171037321,-0.434090216267523
0.5341999999999738,0.0,0.0,0.0,0.0,0.0,0.0,-0.047424586215462375,-0.06858264393501713,5.656040468619427,0.33357630962030704,1.1842182966787618,-0.42921045533680563
0.5361999999999736,0.0,0.0,0.0,0.0,0.0,0.0,-0.0473353067765724,-0.06784713040875326,5.654855598801259,0.3335141320999222,1.1827789865590392,-0.42463740299771674
0.5381999999999734,0.0,0.0,0.0,0.0,0.0,0.0,-0.047468249600383455,-0.06710101728138232,5.653677862002315,0.3334657273843189,1.1812768116927272,-0.42037293277546584
0.5401999999999731,0.0,0.0,0.0,0.0,0.0,0.0,-0.047569222415731235,-0.06640083454331952,5.6525589212113045,0.3334300193068295,1.1797108605799302,-0.4164191310788838
0.5421999999999729,0.0,0.0,0.0,0.0,0.0,0.0,-0.04763906299260932,-0.06574882239697075,5.651498580928891,0.33340608257456766,1.1780802891753561,-0.41277797278893913
0.5441999999999727,0.0,0.0,0.0,0.0,0.0,0.0,-0.04767858091800357,-0.0651470802434464,5.650496682042816,0.33339310877253153,1.1763843368984148,-0.40945130680899355
0.5461999999999725,0.0,0.0,0.0,0.0,0.0,0.0,-0.04768855508303564,-0.06459756583379973,5.649553108996168,0.3333904096373929,1.1746223260945359,-0.40644085510259836
0.5481999999999723,0.0,0.0,0.0,0.0,0.0,0.0,-0.047669731429603776,-0.0641020943953639,5.648667796522176,0.33339741996741895,1.1727936615814931,-0.40374821192136234
0.550199999999972,0.0,0.0,0.0,0.0,0.0,0.0,-0.04762282095396543,-0.06366233769949664,5.647840735924348,0.3334137001632868,1.1708978302919866,-0.40137484322368466
0.5521999999999718,0.0,0.0,0.0,0.0,0.0,0.0,-0.04754849796433648,-0.06327982303946254,5.647071980881355,0.3334389383956015,1.1689344010227827,-0.3993220862841366
0.5541999999999716,0.0,0.0,0.0,0.0,0.0,0.0,-0.04744739858930351,-0.06295593208981179,5.646361652756617,0.333472952395924,1.1669030242997163,-0.3975911494922866
0.5561999999999714,0.0,0.0,0.0,0.0,0.0,0.0,-0.04180709397851569,-0.05446610678062289,5.65575786471906,0.33351450787233783,1.164806388760619,-0.39617553170725217
0.5581999999999712,0.0,0.0,0.0,0.0,0.0,0.0,-0.038682531016781145,-0.0498050088024754,5.660729073963072,0.3335572897448738,1.1626603237944984,-0.39503513689562114
0.5601999999999709,0.0,0.0,0.0,0.0,0.0,0.0,-0.03856678446489949,-0.049686089270216394,5.660262213286469,0.3335981152199721,1.1604732477608215,-0.3941489438312223
0.5621999999999707,0.0,0.0,0.0,0.0,0.0,0.0,-0.03843779307191989,-0.04960238962675563,5.659836150309831,0.33363719120291935,1.1582453808928517,-0.39351697441026656
0.5641999999999705,0.0,0.0,0.0,0.0,0.0,0.0,-0.03829589920075169,-0.04955437582919355,5.659451210858898,0.3336748829187403,1.15597678109219,-0.3931397006724864
0.5661999999999703,0.0,0.0,0.0,0.0,0.0,0.0,-0.038141424288730345,-0.04954243127590303,5.659107754499266,0.33371163006702004,1.1536675529259202,-0.3930175108789272
0.5681999999999701,0.0,0.0,0.0,0.0,0.0,0.0,-0.03797466869444075,-0.04956685552772679,5.65880617536026,0.33374794646008465,1.1513178481277695,-0.3931507098724067
0.5701999999999698,0.0,0.0,0.0,0.0,0.0,0.0,-0.03779591163747906,-0.04962786296599651,5.658546902686489,0.33378441948732873,1.1489278661671924,-0.39353951948733695
0.5721999999999696,0.0,0.0,0.0,0.0,0.0,0.0,-0.03760541122942552,-0.04972558138796451,5.658330401108868,0.33382170940656314,1.1464978548859122,-0.3941840790055718
0.5741999999999694,0.0,0.0,0.0,0.0,0.0,0.0,-0.03740340459431523,-0.04986005054172062,5.658157170627054,0.3338605484634197,1.1440281112009165,-0.39508444565481
0.5761999999999692,0.0,0.0,0.0,0.0,0.0,0.0,-0.03719010807691169,-0.05003122060418128,5.658027746295503,0.3339017398400178,1.1415189818723759,-0.39624059514596977
0.578199999999969,0.0,0.0,0.0,0.0,0.0,0.0,-0.03696571753710878,-0.05023895060730219,5.6579426976056375,0.33394615643425,1.1389708643344234,-0.39765242224583564
0.5801999999999687,0.0,0.0,0.0,0.0,0.0,0.0,-0.03673040872881152,-0.05048300681925005,5.657902627556907,0.3339947394712043,1.136384207586192,-0.39931974138117327
0.5821999999999685,0.0,0.0,0.0,0.0,0.0,0.0,-0.036484337761661524,-0.05076306108888216,5.657908171409984,0.33404849694839295,1.1337595131399725,-0.4012422872704147
0.5841999999999683,0.0,0.0,0.0,0.0,0.0,0.0,-0.036227641643992586,-0.051078689163519604,5.65795999511573,0.33410850191661695,1.1310973360228396,-0.40341971557892065
0.5861999999999681,0.0,0.0,0.0,0.0,0.0,0.0,-0.03596043890540784,-0.0514293689916386,5.658058793414187,0.3341758905984518,1.1283982858275476,-0.4058516035937476
0.5881999999999679,0.0,0.0,0.0,0.0,0.0,0.0,-0.0356828302973722,-0.05181447902375745,5.658205287598437,0.3342518603465042,1.125663027808,-0.4085374509137723
0.5901999999999676,0.0,0.0,0.0,0.0,0.0,0.0,-0.035394899570202094,-0.05223329652643159,5.658400222938944,0.33433766744375654,1.1228922840140674,-0.4114766801509563
0.5921999999999674,0.0,0.0,0.0,0.0,0.0,0.0,-0.03509671432481261,-0.05268499592590027,5.658644365764833,0.3344346247484896,1.1200868344600488,-0.4146686376384769
0.5941999999999672,0.0,0.0,0.0,0.0,0.0,0.0,-0.034788326937544335,-0.053168647199525056,5.65893850019954,0.3345440991864544,1.1172475183205617,-0.4181125941414009
0.596199999999967,0.0,0.0,0.0,0.0,0.0,0.0,-0.034469775556340336,-0.05368321433472187,5.659283424549332,0.3346675090931531,1.114375235147189,-0.4218077455655374
0.5981999999999668,0.0,0.0,0.0,0.0,0.0,0.0,-0.03414108516647102,-0.05422755387659624,5.659679947344463,0.3348063214092887,1.111470946098738,-0.425753213660079
0.6001999999999665,0.0,0.0,0.0,0.0,0.0,0.0,-0.03380226872391987,-0.054800413586942175,5.660128883034048,0.3349620487326468,1.1085356751775355,-0.4299480467096251
0.6021999999999663,0.0,0.0,0.0,0.0,0.0,0.0,-0.03345332835442903,-0.055400431238621005,5.660631047337269,0.3351362462298948,1.1055705104637459,-0.43439122021117804
0.6041999999999661,0.0,0.0,0.0,0.0,0.0,0.0,-0.03309425661607942,-0.05602613357061913,5.661187252255165,0.33533050841200945,1.102576605339314,-0.43908163753171864
0.6061999999999659,0.0,0.0,0.0,0.0,0.0,0.0,-0.03272503782312675,-0.05667593543023505,5.661798300749038,0.33554646577728386,1.0995551796927394,-0.4440181305419952
0.6081999999999657,0.0,0.0,0.0,0.0,0.0,0.0,-0.03234564942864361,-0.05734813912988089,5.662464981093453,0.33578578132611536,1.096507521095543,-0.44919946022221224
0.6101999999999654,0.0,0.0,0.0,0.0,0.0,0.0,-0.03195606346332467,-0.05804093404687214,5.663188060913891,0.3360501469520387,1.093434985940963,-0.4546243172353722
0.6121999999999652,0.0,0.0,0.0,0.0,0.0,0.0,-0.031556248027593006,-0.05875239649529545,5.663968280921339,0.3363412797137405,1.0903390005351123,-0.4602913224641173
0.614199999999965,0.0,0.0,0.0,0.0,0.0,0.0,-0.03114616883391469,-0.05948048989959143,5.66480634835842,0.336660917993076,1.0872210621305691,-0.46619902750703335
0.6161999999999648,0.0,0.0,0.0,0.0,0.0,0.0,-0.030725790795962476,-0.06022306529982225,5.665702930174204,0.3370108175444054,1.084082739892142,-0.47234591513052043
0.6181999999999646,0.0,0.0,0.0,0.0,0.0,0.0,-0.030295079660999334,-0.060977862218713326,5.666658645947379,0.33739274744087294,1.0809256757843524,-0.4787303996725051
0.6201999999999643,0.0,0.0,0.0,0.0,0.0,0.0,-0.029854003681549654,-0.06174250992044491,5.6676740605801985,0.3378084859235667,1.077751585370021,-0.4853508273944683
0.6221999999999641,0.0,0.0,0.0,0.0,0.0,0.0,-0.029402535322116508,-0.0625145290907826,5.668749676788384,0.33825981615982814,1.0745622585092296,-0.4922054767784963
0.6241999999999639,0.0,0.0,0.0,0.0,0.0,0.0,-0.028940652996371254,-0.06329133396749899,5.669885927415019,0.33874852191731203,1.0713595599478536,-0.49929255876632406
0.6261999999999637,0.0,0.0,0.0,0.0,0.0,0.0,-0.02846834282990048,-0.06407023494909288,5.671083167599397,0.3392763831607456,1.0681454297848332,-0.5066102169376403
0.6281999999999635,0.0,0.0,0.0,0.0,0.0,0.0,-0.02798560044324213,-0.06484844170857446,5.67234166683466,0.3398451715786877,1.0649218838073682,-0.5141565276252599
0.6301999999999632,0.0,0.0,0.0,0.0,0.0,0.0,-0.027492432749580808,-0.0656230668375253,5.673661600951067,0.34045664604795045,1.0616910136832889,-0.5219294999651367
0.632199999999963,0.0,0.0,0.0,0.0,0.0,0.0,-0.02698885976110618,-0.06639113004375782,5.675043044064574,0.34111254804371327,1.0584549869999704,-0.5299270758796017
0.6341999999999628,0.0,0.0,0.0,0.0,0.0,0.0,-0.026474916397670602,-0.06714956292367559,5.676485960533274,0.34181459700373124,1.055216047139334,-0.5381471299926569
0.6361999999999626,0.0,0.0,0.0,0.0,0.0,0.0,-0.025950654291016832,-0.0678952143278751,5.677990196967001,0.34256448565542075,1.0519765129786978,-0.5465874694766351
0.6381999999999624,0.0,0.0,0.0,0.0,0.0,0.0,-0.02541614357748448,-0.06862485633561882,5.679555474338032,0.343363875314982,1.0487387784075293,-0.5552458338300638
0.6401999999999621,0.0,0.0,0.0,0.0,0.0,0.0,-0.024871474671757498,-0.06933519085056286,5.681181380243269,0.3442143911681069,1.0455053116504849,-0.5641198945871225
0.6421999999999619,0.0,0.0,0.0,0.0,0.0,0.0,-0.024316760013874013,-0.07002285682652863,5.682867361370594,0.34511761754220155,1.0422786543875235,-0.5732072549596781
0.6441999999999617,0.0,0.0,0.0,0.0,0.0,0.0,-0.023752135781406385,-0.07068443812818713,5.6846127162240725,0.3460750931804366,1.0390614206623443,-0.5825054494135053
0.6461999999999615,0.0,0.0,0.0,0.0,0.0,0.0,-0.02317776355842555,-0.07131647202729177,5.686416588164494,0.3470883065283219,1.0358562955709079,-0.5920119431809648
0.6481999999999613,0.0,0.0,0.0,0.0,0.0,0.0,-0.022593831952590838,-0.07191545833054368,5.688277958823147,0.3481586910438742,1.0326660337224076,-0.601724131713083
0.650199999999961,0.0,0.0,0.0,0.0,0.0,0.0,-0.022000558151482146,-0.07247786913036564,5.690195641947829,0.3492876205428188,1.029493457465676,-0.6116393400747019
0.6521999999999608,0.0,0.0,0.0,0.0,0.0,0.0,-0.021398189409084348,-0.07300015916477864,5.692168277740814,0.3504764045906243,1.0263414548747387,-0.6217548222870862
0.6541999999999606,0.0,0.0,0.0,0.0,0.0,0.0,-0.020787004453187624,-0.07347877676728547,5.6941943277487574,0.3517262839535166,1.023212977487992,-0.632067760623132
0.6561999999999604,0.0,0.0,0.0,0.0,0.0,0.0,-0.02016731480434873,-0.07391017538217678,5.696272070364353,0.35303842612095215,1.0201110377963176,-0.6425752648610747
0.6581999999999602,0.0,0.0,0.0,0.0,0.0,0.0,-0.01953946599700896,-0.0742908256150538,5.698399596998877,0.354413920912341,1.0170387064763398,-0.6532743715033609
0.6601999999999599,0.0,0.0,0.0,0.0,0.0,0.0,-0.01890383869335035,-0.07461722778262392,5.7005748089835695,0.3558537761811047,1.0139991093659844,-0.6641620429681164
0.6621999999999597,0.0,0.0,0.0,0.0,0.0,0.0,-0.0182608496805333,-0.07488592492004774,5.702795415256077,0.35735891362941674,1.0109954241805137,-0.6752351667613951
0.6641999999999595,0.0,0.0,0.0,0.0,0.0,0.0,-0.017610952742069714,-0.07509351619832819,5.705058930885871,0.3589301647472084,1.008030876968279,-0.6864905546391462
0.6661999999999593,0.0,0.0,0.0,0.0,0.0,0.0,-0.016954639394264465,-0.07523667069850962,5.707362676489704,0.36056826688922283,1.005108738306548,-0.697924941768553
0.668199999999959,0.0,0.0,0.0,0.0,0.0,0.0,-0.016292439478909855,-0.07531214148384235,5.709703778584699,0.3622738595040616,1.002232319238941,-0.7095349858990971
0.6701999999999588,0.0,0.0,0.0,0.0,0.0,0.0,-0.015624921603727986,-0.07531677990563135,5.712079170922613,0.36404748052927915,0.9994049669572251,-0.7213172665543528
0.6721999999999586,0.0,0.0,0.0,0.0,0.0,0.0,-0.014952693422447509,-0.0752475500733006,5.714485596844221,0.36588956296665087,0.9966300602314656,-0.7332682842561326
0.6741999999999584,0.0,0.0,0.0,0.0,0.0,0.0,-0.014276401746857088,-0.07510154341431317,5.716919612687509,0.36780043165174653,0.9939110045938324,-0.7453844597931588
0.6761999999999582,0.0,0.0,0.0,0.0,0.0,0.0,-0.013596732483711243,-0.07487599324507244,5.719377592277663,0.3697803002318933,0.9912512272826848,-0.757662133546928
0.678199999999958,0.0,0.0,0.0,0.0,0.0,0.0,-0.012914410389962244,-0.07456828926984657,5.721855732520505,0.3718292683664924,0.988654171954897,-0.7700975648878596
0.6801999999999577,0.0,0.0,0.0,0.0,0.0,0.0,-0.012230198640474072,-0.07417599192117279,5.724350060114259,0.3739473191634668,0.9861232931757608,-0.7826869316551572
0.6821999999999575,0.0,0.0,0.0,0.0,0.0,0.0,-0.011544898203107282,-0.07369684645217582,5.726856439387267,0.37613431686535104,0.9836620506971665,-0.7954263297340659
0.6841999999999573,0.0,0.0,0.0,0.0,0.0,0.0,-0.0108593470168823,-0.07312879668881815,5.729370581261642,0.3783900047981844,0.9812739035361504,-0.8083117727443625
0.6861999999999571,0.0,0.0,0.0,0.0,0.0,0.0,-0.010174418969798375,-0.07246999834836439,5.731888053334791,0.38071400359593655,0.9789623038672541,-0.821339191853965
0.6881999999999568,0.0,0.0,0.0,0.0,0.0,0.0,-0.0094910226738242,-0.07171883182931356,5.7344042910624555,0.3831058097126657,0.976730690743506,-0.83450443573149
0.6901999999999566,0.0,0.0,0.0,0.0,0.0,0.0,-0.008810100035566973,-0.07087391437779235,5.736914610018358,0.38556479423398904,0.9745824836621539,-0.8478032706514084
0.6921999999999564,0.0,0.0,0.0,0.0,0.0,0.0,-0.00813262462216935,-0.06993411153593387,5.73941421919687,0.3880902019987253,0.9725210759925751,-0.8612313807651459
0.6941999999999562,0.0,0.0,0.0,0.0,0.0,0.0,-0.007459599823078799,-0.06889854777912587,5.741898235316307,0.3906811510407497,0.9705498282850356,-0.8747843685510589
0.696199999999956,0.0,0.0,0.0,0.0,0.0,0.0,-0.006792056809461989,-0.0677666162512124,5.74436169807173,0.39333663236017913,0.9686720614801609,-0.8884577554556468
0.6981999999999557,0.0,0.0,0.0,0.0,0.0,0.0,-0.006131052294203,-0.06653798750979459,5.746799586277423,0.39605551003198225,0.9668910500401036,-0.9022469827376909
0.7001999999999555,0.0,0.0,0.0,0.0,0.0,0.0,-0.005477666096621375,-0.06521261719769866,5.749206834830728,0.3988365216589827,0.9652100150234365,-0.9161474125261783
0.7021999999999553,0.0,0.0,0.0,0.0,0.0,0.0,-0.004832998517255545,-0.06379075256144894,5.751578352420703,0.401678279175,0.9636321171267648,-0.9301543291019336
0.7041999999999551,0.0,0.0,0.0,0.0,0.0,0.0,-0.004198167529287736,-0.06227293774319857,5.753909039897184,0.4045792700025532,0.962160449716899,-0.9442629404118016
0.7061999999999549,0.0,0.0,0.0,0.0,0.0,0.0,-0.003574305794418305,-0.06066001777898862,5.756193809208412,0.40753785856813773,0.9607980318781876,-0.958468379823028
0.7081999999999546,0.0,0.0,0.0,0.0,0.0,0.0,-0.002962557512223172,-0.05895314124340534,5.758427602808507,0.4105522881765921,0.9595478015002343,-0.9727657081241767
0.7101999999999544,0.0,0.0,0.0,0.0,0.0,0.0,-0.0023640751132475673,-0.05715376148862856,5.760605413429795,0.41362068324449563,0.9584126084317292,-0.9871499157774954
0.7121999999999542,0.0,0.0,0.0,0.0,0.0,0.0,-0.0017800158072888198,-0.05526363643446459,5.762722304109433,0.4167410518908957,0.9573952077264862,-1.0016159254261296
0.714199999999954,0.0,0.0,0.0,0.0,0.0,0.0,-0.001211537999481761,-0.05328482687516366,5.764773428354974,0.41991128888196244,0.9564982530080032,-1.016158594657972
0.7161999999999538,0.0,0.0,0.0,0.0,0.0,0.0,-0.0006597975879355092,-0.051219693278572835,5.766754050329563,0.4231291789244218,0.9557242899789296,-1.0307727190262599
0.7181999999999535,0.0,0.0,0.0,0.0,0.0,0.0,0.0005051775818542026,-0.04942582922971509,5.76873612325105,0.42639241018743085,0.955075731389878,-1.0454530483824027
0.7201999999999533,0.0,0.0,0.0,0.0,0.0,0.0,0.005832880661990595,-0.049727256918818054,5.771240184556332,0.42970152911539533,0.9545492338317381,-1.0601981768453284
0.7221999999999531,0.0,0.0,0.0,0.0,0.0,0.0,0.006480132706405014,-0.04731754697423261,5.773105801563935,0.43305878435018946,0.9541378336974223,-1.0750089871771487
0.7241999999999529,0.0,0.0,0.0,0.0,0.0,0.0,0.007098613576485416,-0.044824110485836545,5.7748787698273425,0.4364615486207605,0.9538435019300759,-1.089880011283472
0.7261999999999527,0.0,0.0,0.0,0.0,0.0,0.0,0.0076867315732040715,-0.04225096564172316,5.776554610139492,0.4399068174492065,0.9536685766114913,-1.1048053764427153
0.7281999999999524,0.0,0.0,0.0,0.0,0.0,0.0,0.008242946819851505,-0.039602436571405934,5.778129084202051,0.443391484778338,0.9536152394258188,-1.1197791657242262
0.7301999999999522,0.0,0.0,0.0,0.0,0.0,0.0,0.008765777914050255,-0.03688313808504194,5.779598215658801,0.4469123489205148,0.9536855096341115,-1.1347954228556434
0.732199999999952,0.0,0.0,0.0,0.0,0.0,0.0,0.009253808435685315,-0.03409795865010821,5.7809583100501385,0.4504661188300696,0.9538812384384184,-1.1498481573264188
0.7341999999999518,0.0,0.0,0.0,0.0,0.0,0.0,0.009705693268985406,-0.03125204169107342,5.78220597353767,0.4540494206755588,0.9542041037622385,-1.1649313497112987
0.7361999999999516,0.0,0.0,0.0,0.0,0.0,0.0,0.010120164697602541,-0.0283507653123549,5.783338130255366,0.4576588046862106,0.9546556054723309,-1.1800389571955447
0.7381999999999513,0.0,0.0,0.0,0.0,0.0,0.0,0.010496038232498707,-0.02539972055891229,5.784352038152776,0.4612907522452204,0.9552370610648829,-1.1951649192817593
0.7401999999999511,0.0,0.0,0.0,0.0,0.0,0.0,0.01083221813377979,-0.02240468834199904,5.785245303206233,0.46494168320098755,0.9559496018368516,-1.2103031636564447
0.7421999999999509,0.0,0.0,0.0,0.0,0.0,0.0,0.011127702589288807,-0.019371615169756988,5.7860158918857225,0.4686079633660226,0.9567941695609421,-1.225447612192841
0.7441999999999507,0.0,0.0,0.0,0.0,0.0,0.0,0.011381588514790443,-0.016306587833317846,5.786662141778028,0.47228591217208593,0.9577715136801959,-1.2405921870652146
0.7461999999999505,0.0,0.0,0.0,0.0,0.0,0.0,0.01159307594291949,-0.013215807208750277,5.787182770280799,0.47597181044917536,0.9588821890355288,-1.2557308169486128
0.7481999999999502,0.0,0.0,0.0,0.0,0.0,0.0,0.011761471970722146,-0.010105561343445696,5.787576881297151,0.4796619082952611,0.9601265541368377,-1.270857443277157
0.75019999999995,0.0,0.0,0.0,0.0,0.0,0.0,0.011886194238555269,-0.0069821980022528336,5.787843969876156,0.48335243300319225,0.9615047699854721,-1.2859660265332553
0.7521999999999498,0.0,0.0,0.0,0.0,0.0,0.0,0.011966773916311907,-0.003852096853782227,5.787983924760904,0.48703959701096444,0.9630167994530034,-1.3010505525396774
0.7541999999999496,0.0,0.0,0.0,0.0,0.0,0.0,0.012002858176375364,-0.0007216414807336047,5.787997028822649,0.4907196058415596,0.9646624072183125,-1.3161050387262365
0.7561999999999494,0.0,0.0,0.0,0.0,0.0,0.0,0.011994212136342164,0.0024028086001923908,5.787883957376571,0.4943886659988338,0.9664411602621036,-1.3311235403428976
0.7581999999999491,0.0,0.0,0.0,0.0,0.0,0.0,0.011940720258360139,0.005514945723274239,5.787645774391793,0.49804299278644387,0.9683524289150535,-1.3461001565914508
0.7601999999999489,0.0,0.0,0.0,0.0,0.0,0.0,0.011842387195865643,0.008608541479896311,5.787283926625301,0.5016788180175562,0.9703953884529508,-1.3610290366484603
0.7621999999999487,0.0,0.0,0.0,0.0,0.0,0.0,0.011699338082537553,0.011677473565592716,5.786800235726083,0.505292397584064,0.9725690212293853,-1.3759043855530222
0.7641999999999485,0.0,0.0,0.0,0.0,0.0,0.0,0.011511818262374544,0.014715751892965308,5.786196888371993,0.5088800188552426,0.9748721193338491,-1.3907204699339013
0.7661999999999483,0.0,0.0,0.0,0.0,0.0,0.0,0.011280192463903604,0.01771754380225656,5.785476424517402,0.5124380078771769,0.9773032877605211,-1.405471623551891
0.768199999999948,0.0,0.0,0.0,0.0,0.0,0.0,0.011004943425609951,0.020677198209707096,5.784641723844324,0.5159627363458849,0.9798609480705479,-1.4201522526346961
0.7701999999999478,0.0,0.0,0.0,0.0,0.0,0.0,0.010686669983686854,0.023589268543624878,5.783695990523495,0.5194506283288224,0.982543342528333,-1.4347568409832854
0.7721999999999476,0.0,0.0,0.0,0.0,0.0,0.0,0.010326084637112352,0.0264485343292064,5.782642736404373,0.5228981667113523,0.9853485386902068,-1.4492799548304691
0.7741999999999474,0.0,0.0,0.0,0.0,0.0,0.0,0.009924010608824512,0.029250021295444517,5.781485762764369,0.5263018993467944,0.9882744344218941,-1.4637162474343914
0.7761999999999472,0.0,0.0,0.0,0.0,0.0,0.0,0.009481378425340732,0.031989019890796104,5.780229140757565,0.5296584448907926,0.9913187633194476,-1.4780604633916858
0.7781999999999469,0.0,0.0,0.0,0.0,0.0,0.0,0.008999222040538631,0.03466110210849741,5.778877190711626,0.532964498302941,0.9944791005067556,-1.4923074426571832
0.7801999999999467,0.0,0.0,0.0,0.0,0.0,0.0,0.008478674532423467,0.03726213653733527,5.777434460428555,0.5362168360008663,0.9977528687814037,-1.5064521242592703
0.7821999999999465,0.0,0.0,0.0,0.0,0.0,0.0,0.00792096340454703,0.039788301569148164,5.775905702650318,0.5394123206542404,1.0011373450795484,-1.5204895497022397
0.7841999999999463,0.0,0.0,0.0,0.0,0.0,0.0,0.007327405526269834,0.042236096710148635,5.774295851854054,0.5425479056084882,1.0046296672295674,-1.5344148660492332
0.786199999999946,0.0,0.0,0.0,0.0,0.0,0.0,0.006699401748266467,0.044602351959154435,5.772610000543734,0.5456206389302224,1.0082268409635795,-1.5482233286816258
0.7881999999999458,0.0,0.0,0.0,0.0,0.0,0.0,0.006038431231522415,0.04688423523181798,5.7708533752056,0.5486276670686645,1.0119257471554777,-1.561910303732919
0.7901999999999456,0.0,0.0,0.0,0.0,0.0,0.0,0.005346045529578193,0.049079257825765214,5.769031312093597,0.5515662381294895,1.0157231492538774,-1.575471270197377
0.7921999999999454,0.0,0.0,0.0,0.0,0.0,0.0,0.004623862464892257,0.05118527793704157,5.7671492330084275,0.5544337047596135,1.019615700878363,-1.5889018217157211
0.7941999999999452,0.0,0.0,0.0,0.0,0.0,0.0,0.0038735598409534652,0.053200502253238,5.765212621229681,0.5572275266434619,1.0235999535475993,-1.6021976680422065
0.796199999999945,0.0,0.0,0.0,0.0,0.0,0.0,0.0030968690321405306,0.055123485663003145,5.763226997755054,0.5599452726131356,1.0276723645082264,-1.6153546361992916
0.7981999999999447,0.0,0.0,0.0,0.0,0.0,0.0,0.002295568493333353,0.056953129135188775,5.761197897993883,0.5625846223766835,1.0318293046340379,-1.6283686713278853
0.8001999999999445,0.0,0.0,0.0,0.0,0.0,0.0,0.0014714772309105844,0.05868867583350353,5.759130849054241,0.5651433678703278,1.0360670663656373,-1.6412358372427946
0.8021999999999443,0.0,0.0,0.0,0.0,0.0,0.0,0.0006264482760547956,0.06032970554415921,5.757031347753889,0.567619414242016,1.0403818716616684,-1.6539523167044954
0.8041999999999441,0.0,0.0,0.0,0.0,0.0,0.0,-0.00023763779977505273,0.06187612750449593,5.754904839475433,0.570010780475031,1.0447698799337184,-1.6665144114196968
0.8061999999999439,0.0,0.0,0.0,0.0,0.0,0.0,-0.0011188792887145609,0.06332817172988266,5.752756697975356,0.5723155996616386,1.049227195938161,-1.6789185417843646
0.8081999999999436,0.0,0.0,0.0,0.0,0.0,0.0,-0.002015359632890224,0.06468637894426145,5.750592206245282,0.5745321189378234,1.0537498775994467,-1.6911612463839054
0.8101999999999434,0.0,0.0,0.0,0.0,0.0,0.0,-0.0029251535584676395,0.06595158922649536,5.748416538512012,0.5766586990911137,1.0583339437407262,-1.7032391812661019
0.8121999999999432,0.0,0.0,0.0,0.0,0.0,0.0,-0.003846333024656498,0.06712492949015701,5.746234743450735,0.578693813854291,1.062975381699111,-1.7151491190030994
0.814199999999943,0.0,0.0,0.0,0.0,0.0,0.0,-0.004776972957381368,0.06820779991858165,5.744051728673505,0.5806360488984469,1.06767015480441,-1.726887947559321
0.8161999999999427,0.0,0.0,0.0,0.0,0.0,0.0,-0.005715156739898421,0.06920185947987453,5.741872246542638,0.5824841005393725,1.0724142097017078,-1.738452668982596
0.8181999999999425,0.0,0.0,0.0,0.0,0.0,0.0,-0.0066589814353749405,0.0701090106481827,5.739700881346418,0.584236774171679,1.0772034834997781,-1.7498403979360657
0.8201999999999423,0.0,0.0,0.0,0.0,0.0,0.0,-0.00760656271928769,0.07093138345791317,5.737542037862421,0.5858929824453243,1.0820339107289223,-1.7610483600885403
0.8221999999999421,0.0,0.0,0.0,0.0,0.0,0.0,-0.008556039502430963,0.07167131901678878,5.735399931321943,0.587451743199405,1.086901430093475,-1.7720738903810034
0.8241999999999419,0.0,0.0,0.0,0.0,0.0,0.0,-0.00950557822830363,0.0723313526017303,5.733278578777757,0.5889121771681423,1.0918019910058363,-1.7829144311867944
0.8261999999999416,0.0,0.0,0.0,0.0,0.0,0.0,-0.010453376831651548,0.07291419645862048,5.731181791866605,0.5902735054739796,1.0967315598905163,-1.7935675303827792
0.8281999999999414,0.0,0.0,0.0,0.0,0.0,0.0,-0.011397668347929192,0.07342272242313039,5.729113170947656,0.5915350469226057,1.101686126248275,-1.8040308393484505
0.8301999999999412,0.0,0.0,0.0,0.0,0.0,0.0,-0.012336724166401643,0.07385994447504698,5.727076100588718,0.5926962151145536,1.1066617084720045,-1.8143021109094413
0.832199999999941,0.0,0.0,0.0,0.0,0.0,0.0,-0.013268856922500079,0.07422900133306203,5.72507374636325,0.5937565153877921,1.1116543594075192,-1.8243791972413932
0.8341999999999408,0.0,0.0,0.0,0.0,0.0,0.0,-0.014192423027834218,0.07453313919082732,5.723109052913322,0.5947155416054395,1.1166601716539117,-1.8342600477494877
0.8361999999999405,0.0,0.0,0.0,0.0,0.0,0.0,-0.015105824838961,0.07477569468838363,5.721184743226603,0.5955729728024088,1.121675282599531,-1.8439427069382606
0.8381999999999403,0.0,0.0,0.0,0.0,0.0,0.0,-0.016007512468558284,0.0749600782059239,5.719303319069235,0.5963285697044252,1.1266958791910207,-1.8534253122855449
0.8401999999999401,0.0,0.0,0.0,0.0,0.0,0.0,-0.016895985245058507,0.07508975755934427,5.717467062511128,0.5969821711324753,1.1317182024341375,-1.8627060921335814
0.8421999999999399,0.0,0.0,0.0,0.0,0.0,0.0,-0.017769792829041096,0.07516824216929391,5.715678038475738,0.597533690305341,1.136738551626306,-1.8717833636094796
0.8441999999999397,0.0,0.0,0.0,0.0,0.0,0.0,-0.016870215128989903,0.07415976066115314,5.7146692558100955,0.5979851192817454,1.1417538235144848,-1.8806563922790205
0.8461999999999394,0.0,0.0,0.0,0.0,0.0,0.0,-0.0156379064671163,0.07308058841650997,5.713804312410548,0.5983503172989468,1.1467642027142733,-1.8893294850443298
0.8481999999999392,0.0,0.0,0.0,0.0,0.0,0.0,-0.014666134648647255,0.07226044595950004,5.71283802418262,0.598645129933827,1.1517706767959162,-1.8978075383638435
0.850199999999939,0.0,0.0,0.0,0.0,0.0,0.0,-0.014980028248254186,0.07219601795020959,5.711370011325867,0.5988811518690015,1.1567733265894669,-1.906093413599391
0.8521999999999388,0.0,0.0,0.0,0.0,0.0,0.0,-0.015545870355095383,0.0722363085046319,5.709840295821008,0.5990612151416225,1.1617699701192608,-1.9141862309954387
0.8541999999999386,0.0,0.0,0.0,0.0,0.0,0.0,-0.016104441817771212,0.07223890842038269,5.7083555747567,0.599185730174791,1.1667578046358973,-1.9220841368983375
0.8561999999999383,0.0,0.0,0.0,0.0,0.0,0.0,-0.016654649142881384,0.07220651586150606,5.706917141938595,0.5992551705667085,1.1717340806180805,-1.929785348367512
0.8581999999999381,0.0,0.0,0.0,0.0,0.0,0.0,-0.017195429161082097,0.07214181931037329,5.705526136396017,0.5992700698872465,1.176696104537926,-1.9372881522203074
0.8601999999999379,0.0,0.0,0.0,0.0,0.0,0.0,-0.017725750097350765,0.07204748800761795,5.704183546958322,0.599231018404225,1.18164124142736,-1.9445909041381089
0.8621999999999377,0.0,0.0,0.0,0.0,0.0,0.0,-0.018244612441861575,0.07192616290154077,5.702890217278119,0.5991386597481205,1.1865669172483955,-1.9516920278386338
0.8641999999999375,0.0,0.0,0.0,0.0,0.0,0.0,-0.018751049628739958,0.07178044812440149,5.701646851246053,0.5989936875238113,1.191470621070713,-1.9585900143185702
0.8661999999999372,0.0,0.0,0.0,0.0,0.0,0.0,-0.019244128531015915,0.07161290300830556,5.7004540187424775,0.5987968418778475,1.1963499070605466,-1.9652834211700094
0.868199999999937,0.0,0.0,0.0,0.0,0.0,0.0,0.11525171170069104,0.27911475597073127,5.622945140279688,0.5985315037380542,1.201176834974872,-1.9717521879178213
0.8701999999999368,0.0,0.0,0.0,0.0,0.0,0.0,0.09203800163833621,0.24791831599137806,5.628854406069527,0.5978012734387109,1.205364103938784,-1.9775700069327145
0.8721999999999366,0.0,0.0,0.0,0.0,0.0,0.0,0.07105039937082543,0.2179450556202498,5.635915381006615,0.5965100537068304,1.2087619068484323,-1.982635204702887
0.8741999999999364,0.0,0.0,0.0,0.0,0.0,0.0,0.05402145119322446,0.19260216546006462,5.642439973987511,0.5947383994113806,1.2114801211882196,-1.9870335430911554
0.8761999999999361,0.0,0.0,0.0,0.0,0.0,0.0,0.039948549109246896,0.17085088657002806,5.648495148016149,0.5925565066722032,1.213614377305766,-1.9908378616829525
0.8781999999999359,0.0,0.0,0.0,0.0,0.0,0.0,0.028271630901026384,0.15219057894767532,5.654033516437377,0.5900259545371057,1.215248667904737,-1.9941108029047165
0.8801999999999357,0.0,0.0,0.0,0.0,0.0,0.0,0.018548701008388572,0.1361930393751754,5.659042846136067,0.5872006137387513,1.2164566840236242,-1.9969063777536067
0.8821999999999355,0.0,0.0,0.0,0.0,0.0,0.0,0.010429338961030972,0.12249175565659629,5.663533663691177,0.5841274469232403,1.217302951100361,-1.9992712178274044
0.8841999999999353,0.0,0.0,0.0,0.0,0.0,0.0,0.0036343356314134027,0.11077262243230784,5.667530709075987,0.5808472511709978,1.2178438535517555,-2.0012456204908773
0.886199999999935,0.0,0.0,0.0,0.0,0.0,0.0,0.0005915250708639975,0.09678421306988853,5.673499932984699,0.5773954352132481,1.218128579011176,-2.002865254433428
0.8881999999999348,0.0,0.0,0.0,0.0,0.0,0.0,0.0009883297572374679,0.08041355514598232,5.681416562226917,0.5738042791038214,1.2182003164052462,-2.0041764209378483
0.8901999999999346,0.0,0.0,0.0,0.0,0.0,0.0,-0.0020899587701483013,0.07164033442406705,5.685079989040738,0.5701026074859518,1.2180967061429109,-2.005228980864846
0.8921999999999344,0.0,0.0,0.0,0.0,0.0,0.0,-0.005536550258832458,0.06547170299073046,5.687460889074558,0.5663134382700145,1.21784983691939,-2.006051078899307
0.8941999999999342,0.0,0.0,0.0,0.0,0.0,0.0,-0.008440246219072498,0.0602437368109036,5.689524580686802,0.5624558715313257,1.2174872582975491,-2.006661955463546
0.8961999999999339,0.0,0.0,0.0,0.0,0.0,0.0,-0.01087867894233149,0.055830583563003126,5.691306782907506,0.5585461505959887,1.217032677411434,-2.007078168148477
0.8981999999999337,0.0,0.0,0.0,0.0,0.0,0.0,-0.012916673375621994,0.05212295711829069,5.692840683098659,0.5545980197367335,1.2165064261968601,-2.007313939089027
0.9001999999999335,0.0,0.0,0.0,0.0,0.0,0.0,-0.01460872195390995,0.049025841729534926,5.694156784158102,0.5506230417281237,1.2159258765420808,-2.0073814528256895
0.9021999999999333,0.0,0.0,0.0,0.0,0.0,0.0,-0.016000921392458806,0.04645654812057336,5.695282883804474,0.5466308793706987,1.2153058088072695,-2.007291116304252
0.9041999999999331,0.0,0.0,0.0,0.0,0.0,0.0,-0.01704367530183928,0.044478861427351205,5.696186551704277,0.5426295402519351,1.214658732438654,-2.007051781977528
0.9061999999999328,0.0,0.0,0.0,0.0,0.0,0.0,-0.016692548074120912,0.044646687898987646,5.696202936735227,0.5386240183278315,1.213992852506916,-2.0066692262720167
0.9081999999999326,0.0,0.0,0.0,0.0,0.0,0.0,-0.016331394446738968,0.04481221315142064,5.696239990827932,0.5346146426806975,1.2133095899785227,-2.0061442714428357
0.9101999999999324,0.0,0.0,0.0,0.0,0.0,0.0,-0.01596023928206579,0.04497517839505377,5.696297763507486,0.5306010836992994,1.2126094401092542,-2.0054770867576037
0.9121999999999322,0.0,0.0,0.0,0.0,0.0,0.0,-0.015579115035608231,0.04513530018604147,5.696376292316755,0.5265830004428921,1.2118929216433498,-2.0046678884042053
0.914199999999932,0.0,0.0,0.0,0.0,0.0,0.0,-0.01518806232348158,0.04529227066888361,5.696475602441884,0.522560041086571,1.211160576777129,-2.003716939449749
0.9161999999999317,0.0,0.0,0.0,0.0,0.0,0.0,-0.014787130498860736,0.04544575787703531,5.696595706307483,0.5185318434105625,1.2104129711058176,-2.0026245497801565
0.9181999999999315,0.0,0.0,0.0,0.0,0.0,0.0,-0.014376378235671157,0.0455954060928134,5.696736603142744,0.514498035332487,1.2096506935529454,-2.0013910760208726
0.9201999999999313,0.0,0.0,0.0,0.0,0.0,0.0,-0.01395587411767543,0.04574083626785249,5.696898278520006,0.5104582354815247,1.2088743562816195,-2.0000169214392005
0.9221999999999311,0.0,0.0,0.0,0.0,0.0,0.0,-0.01352569723100189,0.04588164650532663,5.697080703867423,0.5064120538133045,1.2080845945869474,-1.99850253582878
0.9241999999999309,0.0,0.0,0.0,0.0,0.0,0.0,-0.013085937758058507,0.046017412605098895,5.6972838359576325,0.5023590922642452,1.2072820667688384,-1.996848415376761
0.9261999999999306,0.0,0.0,0.0,0.0,0.0,0.0,-0.012636697570668936,0.04614768867289522,5.697507616374529,0.4982989454439728,1.2064674539843832,-1.9950551025141978
0.9281999999999304,0.0,0.0,0.0,0.0,0.0,0.0,-0.012178090820165813,0.0462720077945191,5.697751970960401,0.4942312013643458,1.2056414600789835,-1.9931231857502276
0.9301999999999302,0.0,0.0,0.0,0.0,0.0,0.0,-0.011710244522080741,0.04638988277602946,5.698016809245956,0.4901554422035285,1.2048048113953707,-1.991053299490574
0.93219999999993,0.0,0.0,0.0,0.0,0.0,0.0,-0.011233299132970683,0.04650080695068815,5.698302023865902,0.4860712451034605,1.203958256559637,-1.9888461238409298
0.9341999999999298,0.0,0.0,0.0,0.0,0.0,0.0,-0.010747409116835275,0.046604255053362686,5.698607489962952,0.48197818299898837,1.2031025662433845,-1.9865023843957468
0.9361999999999295,0.0,0.0,0.0,0.0,0.0,0.0,-0.010252743498490997,0.046699684162917685,5.698933064583336,0.4778758254768405,1.2022385329010876,-1.9840228520129732
0.9381999999999293,0.0,0.0,0.0,0.0,0.0,0.0,-0.009749486401192286,0.04678653471297397,5.699278586067048,0.47376373966254864,1.2013669704817485,-1.9814083425752407
0.9401999999999291,0.0,0.0,0.0,0.0,0.0,0.0,-0.009237837565716433,0.04686423157122951,5.699643873436238,0.4696414911333434,1.2004887141139418,-1.9786597167379998
0.9421999999999289,0.0,0.0,0.0,0.0,0.0,0.0,-0.00871801284806585,0.04693218518734294,5.700028725785348,0.46550864485498017,1.199604619763334,-1.9757778796650685
0.9441999999999287,0.0,0.0,0.0,0.0,0.0,0.0,-0.00819024469288752,0.046989792809165536,5.700432921676697,0.46136476614038413,1.1987155638617777,-1.9727637807520406
0.9461999999999284,0.0,0.0,0.0,0.0,0.0,0.0,-0.007654782579663501,0.04703643976687641,5.7008562185454235,0.4572094216279411,1.1978224429071023,-1.9696184133379708
0.9481999999999282,0.0,0.0,0.0,0.0,0.0,0.0,-0.007111893438691262,0.04707150082432728,5.701298352117763,0.45304218027719784,1.1969261730327427,-1.9663428144057051
0.950199999999928,0.0,0.0,0.0,0.0,0.0,0.0,-0.0065618620338524225,0.04709434159663861,5.701759035846815,0.44886261437968505,1.19602768954637,-1.9629380642712106
0.9521999999999278,0.0,0.0,0.0,0.0,0.0,0.0,-0.006004991309154412,0.04710432003280814,5.702237960370014,0.4446703005825243,1.1951279464367366,-1.9594052862622038
0.9541999999999276,0.0,0.0,0.0,0.0,0.0,0.0,-0.005441602696035346,0.04710078796179666,5.7027347929926275,0.4404648209224314,1.194227915847981,-1.9557456463863354
0.9561999999999273,0.0,0.0,0.0,0.0,0.0,0.0,-0.004872036378437658,0.04708309270024847,5.703249177201673,0.43624576386769226,1.1933285875206774,-1.9519603529891552
0.9581999999999271,0.0,0.0,0.0,0.0,0.0,0.0,-0.00429665151268828,0.047050578719676245,5.7037807322146925,0.43201272536564794,1.192430968199002,-1.9480506564020186
0.9601999999999269,0.0,0.0,0.0,0.0,0.0,0.0,-0.003715826399270949,0.047002589370611816,5.704329052567861,0.4277653098931949,1.191536081003402,-1.9440178485800605
0.9621999999999267,0.0,0.0,0.0,0.0,0.0,0.0,-0.0031299586036394565,0.046938468660873575,5.704893707747906,0.4235031315077811,1.1906449647682629,-1.9398632627303045
0.9641999999999264,0.0,0.0,0.0,0.0,0.0,0.0,-0.0025394650233023105,0.046857563084753334,5.705474241872324,0.4192258148963569,1.18975867334412,-1.9355882729299219
0.9661999999999262,0.0,0.0,0.0,0.0,0.0,0.0,-0.0019447818985063438,0.046759223499559965,5.706070173422318,0.41493299641972375,1.1888782748640458,-1.9311942937346125
0.968199999999926,0.0,0.0,0.0,0.0,0.0,0.0,-0.0013463647639651863,0.04664280704559866,5.706680995032844,0.4106243251497157,1.1880048509739343,-1.9266827797770096
0.9701999999999258,0.0,0.0,0.0,0.0,0.0,0.0,-0.000744688339211014,0.046507679105290925,5.70730617334406,0.4062994638966416,1.1871394960264876,-1.9220552253549754
0.9721999999999256,0.0,0.0,0.0,0.0,0.0,0.0,-0.00014024635530346133,0.04635321529677748,5.7079451489183555,0.40195809022441975,1.186283316238817,-1.9173131640095835
0.9741999999999253,0.0,0.0,0.0,0.0,0.0,0.0,0.00046644868419936985,0.04617880349697891,5.708597336227017,0.3975998974508427,1.1854374288136642,-1.9124581680925463
0.9761999999999251,0.0,0.0,0.0,0.0,0.0,0.0,0.0010748658099115583,0.04598384588872795,5.7092621237104,0.393224595630423,1.1846029610243598,-1.907491848322778
0.9781999999999249,0.0,0.0,0.0,0.0,0.0,0.0,0.0016844559626249703,0.04576776102623387,5.709938873915301,0.3888319125172923,1.183781049263757,-1.9024158533317503
0.9801999999999247,0.0,0.0,0.0,0.0,0.0,0.0,0.0022946524401161097,0.04552998591279816,5.710626923712995,0.3844215945056474,1.1829728380574753,-1.8972318691972319
0.9821999999999245,0.0,0.0,0.0,0.0,0.0,0.0,0.0029048714159721997,0.04526997808436745,5.711325584601151,0.37999340754527494,1.1821794790419315,-1.8919416189649716
0.9841999999999242,0.0,0.0,0.0,0.0,0.0,0.0,0.0035145125313919673,0.04498721769219852,5.712034143092563,0.37554713802971873,1.1814021299077488,-1.8865468621578267
0.986199999999924,0.0,0.0,0.0,0.0,0.0,0.0,0.004122959560635895,0.044681209577614164,5.7127518611933406,0.3710825936547029,1.1806419533092578,-1.8810493942718085
0.9881999999999238,0.0,0.0,0.0,0.0,0.0,0.0,0.004729581150501872,0.04435148533155416,5.71347797697284,0.36659960424447285,1.17990011574095,-1.8754510462584715
0.9901999999999236,0.0,0.0,0.0,0.0,0.0,0.0,0.0053337316338931805,0.04399760533138151,5.714211705227291,0.3620980225437749,1.1791777863818573,-1.8697536839930455
0.9921999999999234,0.0,0.0,0.0,0.0,0.0,0.0,0.0059347519172171246,0.043619160747178726,5.714952238238667,0.35757772497325985,1.1784761359089777,-1.8639592077276719
0.9941999999999231,0.0,0.0,0.0,0.0,0.0,0.0,0.006531970441017334,0.04321577550958572,5.715698746629945,0.3530386123461674,1.1777963352810024,-1.8580695515290884
0.9961999999999229,0.0,0.0,0.0,0.0,0.0,0.0,0.007124704212890759,0.04278710823106993,5.716450380317472,0.3484806105442245,1.177139554493723,-1.8520866827000848
0.9981999999999227,0.0,0.0,0.0,0.0,0.0,0.0,0.007712259911385168,0.04233285407240542,5.717206269560697,0.3439036711507764,1.1765069613086507,-1.8460126011840297
1.0001999999999225,0.0,0.0,0.0,0.0,0.0,0.0,0.008293935059203757,0.04185274654605274,5.717965526109061,0.3393077720392596,1.175899719956497,-1.8398493389517707
1.0021999999999223,0.0,0.06279051952687674,0.0,0.0,0.0,0.0,0.0749421058438369,0.11957123563601982,5.691984370677287,0.3346811397882117,1.1752745855206181,-1.8335438796261712
1.004199999999922,0.0,0.12533323356187517,0.0,0.0,0.0,0.0,0.14372609863847233,0.19634143732728718,5.667752868310551,0.3299756160771694,1.1744564338902705,-1.8268785706075596
1.0061999999999218,0.0,0.1873813145833128,0.0,0.0,0.0,0.0,0.214609773996038,0.2717792353357571,5.645801807547898,0.3251340176975349,1.173249817271095,-1.819607690161601
1.0081999999999216,0.0,0.2486898871624699,0.0,0.0,0.0,0.0,0.28767171944196995,0.3454957601983629,5.62689649741082,0.32009628256046957,1.1714647924720407,-1.8114885940737033
1.0101999999999214,0.0,0.3090169943725991,0.0,0.0,0.0,0.0,0.36308781780309207,0.417066042336536,5.612035200696802,0.31479920297077174,1.1689186555080655,-1.8022826888182812
1.0121999999999212,0.0,0.3681245526823757,0.0,0.0,0.0,0.0,0.44110374491313364,0.4859880385405141,5.602445386423947,0.3091760801384171,1.1654379719412271,-1.791756332639908
1.014199999999921,0.0,0.42577929156282596,0.0,0.0,0.0,0.0,0.5219945632759397,0.5516306278040748,5.599577118842873,0.3031564078198717,1.16086089891744,-1.7796816891814693
1.0161999999999207,0.0,0.4817536740995333,0.0,0.0,0.0,0.0,0.6060079066081411,0.6131703965652581,5.605091181645877,0.29666571719251733,1.1550397896039852,-1.7658375786311955
1.0181999999999205,0.0,0.5358267949768885,0.0,0.0,0.0,0.0,0.6932867009557547,0.6695187892041412,5.620837355188943,0.28962573576756656,1.1478440601683053,-1.750010398945373
1.0201999999999203,0.0,0.5877852522904475,0.0,0.0,0.0,0.0,0.7837672749026183,0.7192436709751182,5.648815688261717,0.28195502664854033,1.1391632799697071,-1.7319952251057695
1.02219999999992,0.0,0.6374239897467552,0.0,0.0,0.0,0.0,0.8770495916692757,0.7604927279023814,5.6911108408899995,0.2735702770499495,1.1289104134650512,-1.711597236903832
1.0241999999999198,0.0,0.6845471059268534,0.0,0.0,0.0,0.0,0.9722388882929247,0.7909305188232608,5.74978706538948,0.26438839320768004,1.1170250939976984,-1.6886336726242053
1.0261999999999196,0.0,0.7289686274196833,0.0,0.0,0.0,0.0,1.06776304458066,0.8077062686446764,5.826729941667625,0.2543295293780267,1.1034767428933256,-1.6629365515202739
1.0281999999999194,0.0,0.7705132427741755,0.0,0.0,0.0,0.0,1.1611782703785138,0.8074750587602524,5.923421852238327,0.24332112835092498,1.0882672623762173,-1.6343564429008701
1.0301999999999192,0.0,0.8090169943734554,0.0,0.0,0.0,0.0,1.2489875069797522,0.7864996166918768,6.04064309888145,0.2313029764226345,1.0714329322755927,-1.6027675711051932
1.032199999999919,0.0,0.8443279255006512,0.0,0.0,0.0,0.0,1.3265106018235993,0.7408611812666374,6.178101488996823,0.21823317347185733,1.053045039300074,-1.5680745177826223
1.0341999999999187,0.0,0.876306680042634,0.0,0.0,0.0,0.0,1.387860435396196,0.6668027497119978,6.334011738710045,0.20409478550976712,1.0332086834453054,-1.5302206986757243
1.0361999999999185,0.0,0.9048270524649299,0.0,0.0,0.0,0.0,1.4260900188247532,0.5612128184983683,6.504672245230398,0.18890278227841945,1.012059168435988,-1.489198636547659
1.0381999999999183,0.0,0.9297764858873068,0.0,0.0,0.0,0.0,1.4335750234194158,0.4222298027507493,6.684117770191019,0.1727106723124098,0.9897554304419702,-1.4450618170219918
1.040199999999918,0.0,0.9510565162943585,0.0,0.0,0.0,0.0,1.402675968807911,0.24990693927491223,6.86395504714281,0.15561605113171934,0.9664701335896885,-1.3979376053791812
1.0421999999999179,0.0,0.9685831611279895,0.0,0.0,0.0,0.0,1.3266779844134384,0.04683040694609744,7.033502295199995,0.13776411242124492,0.9423763959804669,-1.3480403454774683
1.0441999999999176,0.0,0.9822872507282039,0.0,0.0,0.0,0.0,1.200933878200332,-0.1814574872725126,7.180338573250693,0.11934809623990707,0.9176316143424427,-1.2956834074163956
1.0461999999999174,0.0,0.9921147013141527,0.0,0.0,0.0,0.0,1.024049868599708,-0.4263940246017598,7.291313262737164,0.10060573733264508,0.892359491223802,-1.241288671954362
1.0481999999999172,0.0,0.9980267284281082,0.0,0.0,0.0,0.0,0.7988777374251095,-0.6768259999008964,7.353969032524773,0.08181110186951274,0.8666320365411607,-1.1853918220175998
1.050199999999917,0.0,1.0,0.0,0.0,0.0,0.0,0.5330458708763071,-0.9199856890183727,7.358210664014431,0.06326179703483434,0.8404538568094491,-1.1286419284861302
1.0521999999999168,0.0,0.9980267284284358,0.0,0.0,0.0,0.0,0.23880404004575134,-1.1429352892684714,7.297942996311598,0.045262363801284365,0.8137512728448603,-1.0717942026358418
1.0541999999999165,0.0,0.9921147013148064,0.0,0.0,0.0,0.0,-0.06791889220539628,-1.334259341342079,7.1723485757917675,0.02810557653902118,0.7863685625071108,-1.0156954135074554
1.0561999999999163,0.0,0.9822872507291812,0.0,0.0,0.0,0.0,-0.36916374339545316,-1.4856767714982693,6.98651309207229,0.01205414062765113,0.7580728534219091,-0.961262244665494
1.058199999999916,0.0,0.9685831611292866,0.0,0.0,0.0,0.0,-0.6470324704613692,-1.5932170385313718,6.751236854247451,-0.002674362993538693,0.7285679902273676,-0.9094536625287076
1.0601999999999159,0.0,0.9510565162959701,0.0,0.0,0.0,0.0,-0.8858385268301998,-1.6576786931765897,6.482056367738057,-0.015916686318188388,0.6975163233137841,-0.8612390599679995
1.0621999999999157,0.0,0.9297764858892267,0.0,0.0,0.0,0.0,-1.0739202234152878,-1.6842456240056987,6.197677037477127,-0.027565565394701556,0.6645661464759336,-0.8175644300755393
1.0641999999999154,0.0,0.9048270524671506,0.0,0.0,0.0,0.0,-1.2048189301372838,-1.6813267215507497,5.9181229243510485,-0.03756346160422572,0.6293817518263141,-0.7793190644361875
1.0661999999999152,0.0,0.8763066800451466,0.0,0.0,0.0,0.0,-1.2674582676611406,-1.6421454864052785,5.678645260972222,-0.04589160805044935,0.591674453850971,-0.7472996655219455
1.068199999999915,0.0,0.8443279255034457,0.0,0.0,0.0,0.0,-1.2864420265767131,-1.6100655362152367,5.469770306839016,-0.052588492360265034,0.5512513795003519,-0.7221092736535366
1.0701999999999148,0.0,0.809016994376521,0.0,0.0,0.0,0.0,-1.2635574493835737,-1.5748167084589852,5.312564122328964,-0.05767094871816625,0.5079986720093909,-0.7042683943370174
1.0721999999999146,0.0,0.7705132427775001,0.0,0.0,0.0,0.0,-1.2080808350934724,-1.5398163423211744,5.219405419379891,-0.06112233223258684,0.4618975236321522,-0.6941883841456459
1.0741999999999143,0.0,0.7289686274232534,0.0,0.0,0.0,0.0,-1.133394118391192,-1.5048379379647085,5.195031718699082,-0.06289907440657372,0.4130415961663059,-0.6921357287994281
1.0761999999999141,0.0,0.6845471059306552,0.0,0.0,0.0,0.0,-1.053115734931583,-1.465750351351222,5.2387523486276955,-0.06292361588292153,0.3616381345978066,-0.6982350965037217
1.078199999999914,0.0,0.6374239897507737,0.0,0.0,0.0,0.0,-0.9796881738518867,-1.415463251595628,5.344262324908838,-0.0610833665793556,0.30800245805230825,-0.7124779771212973
1.0801999999999137,0.0,0.5877852522946669,0.0,0.0,0.0,0.0,-0.9231363320175537,-1.3455634495234146,5.499903355019456,-0.0572352985277535,0.25254598276972356,-0.7347354438298251
1.0821999999999135,0.0,0.5358267949812917,0.0,0.0,0.0,0.0,-0.8901271000096832,-1.2483671165589971,5.6895448418417915,-0.051215055747294916,0.1957580662536948,-0.7647736643479002
1.0841999999999132,0.0,0.48175367410410386,0.0,0.0,0.0,0.0,-0.8834750799836998,-1.1189777436868908,5.894174769401673,-0.04284894922663644,0.1381823123419791,-0.8022711775003655
1.086199999999913,0.0,0.4257792915675449,0.0,0.0,0.0,0.0,-0.9022134453304945,-0.9568778994499352,6.094106989072353,-0.031966853973130226,0.08038857539639235,-0.8468375502327465
1.0881999999999128,0.0,0.3681245526872245,0.0,0.0,0.0,0.0,-0.9422640520110822,-0.7666450875362972,6.271487837265509,-0.018413798523915288,0.022942654886483154,-0.8980337114167823
1.0901999999999126,0.0,0.30901699437755936,0.0,0.0,0.0,0.0,-0.9976107233595845,-0.5575798833121723,6.412618276238163,-0.002057933817751212,-0.03362361423880493,-0.9553948660153757
1.0921999999999124,0.0,0.24868988716752125,0.0,0.0,0.0,0.0,-1.0617494324267227,-0.3423186802174661,6.509585971465766,0.017207359470669113,-0.08883872640087903,-1.0184572624096488
1.0941999999999121,0.0,0.18738131458843613,0.0,0.0,0.0,0.0,-1.1291145593875653,-0.13477540150968698,6.560854164187019,0.039469128807535385,-0.14231119189757774,-1.0867900755114923
1.096199999999912,0.0,0.1253332335670494,0.0,0.0,0.0,0.0,-1.1961970100956676,0.0520859748060474,6.570729597854936,0.06480949352897761,-0.19373995846979547,-1.1600332005160152
1.0981999999999117,0.0,0.0627905195320819,0.0,0.0,0.0,0.0,-1.2621725494477976,0.20815759208543444,6.547922184593485,0.09332944451180207,-0.24291397866520723,-1.2379408447439122
1.1001999999999115,0.0,2.7810090967610067e-12,0.0,0.0,0.0,0.0,-1.3290043798895728,0.3274429104556774,6.503605803970624,0.12518060585268162,-0.28970056169337044,-1.320429564425128
1.1021999999999113,0.0,0.0,0.0,0.0,0.0,0.0,-1.3896704049225077,0.4446163661783804,6.414407397938751,0.16058512021698326,-0.3340086920566331,-1.4075899953994255
1.104199999999911,0.0,0.0,0.0,0.0,0.0,0.0,-1.437534350725299,0.5572205249873824,6.308516204200335,0.19977414975044944,-0.3757341988783628,-1.4995381248600597
1.1061999999999108,0.0,0.0,0.0,0.0,0.0,0.0,-1.4713297052211245,0.6627446057448767,6.188326726968844,0.24294901916959763,-0.4147867912127085,-1.596353211775124
1.1081999999999106,0.0,0.0,0.0,0.0,0.0,0.0,-1.4903336522886106,0.7590342018255424,6.056659352018692,0.2902711949020196,-0.45109959202065475,-1.6980723287907535
1.1101999999999104,0.0,0.0,0.0,0.0,0.0,0.0,-1.4943727495649737,0.8443793580744471,5.916604489402247,0.34185123250595534,-0.484630555312654,-1.8046810811406815
1.1121999999999101,0.0,0.0,0.0,0.0,0.0,0.0,-1.4837911687651326,0.9175728988492373,5.771359331432829,0.39773825230426074,-0.5153629581185328,-1.9161050662812842
1.11419999999991,0.0,0.0,0.0,0.0,0.0,0.0,-1.4593851994271387,0.977935861237029,5.624068422070939,0.4579107892324674,-0.54330482998217,-2.0322028288668275
1.1161999999999097,0.0,0.0,0.0,0.0,0.0,0.0,-1.422310732576606,1.0253087968734143,5.477678485619216,0.5222697825385757,-0.5684872710639768,-2.1527609575826148
1.1181999999999095,0.0,0.0,0.0,0.0,0.0,0.0,-1.373972991706543,1.0600099002226913,5.3348167144414385,0.5906342493756377,-0.5909617379894011,-2.277491728074675
1.1201999999999093,0.0,0.0,0.0,0.0,0.0,0.0,-1.3159095009614956,1.0827634655292138,5.197699819595158,0.6627398881762964,-0.6107965261588408,-2.406033390612866
1.122199999999909,0.0,0.0,0.0,0.0,0.0,0.0,-1.2496779140356427,1.0946048492136087,5.0680785392320296,0.7382406006113323,-0.6280728144245171,-2.537952954919597
1.1241999999999088,0.0,0.0,0.0,0.0,0.0,0.0,-1.1767598634519303,1.0967705901465314,4.9472192347085855,0.8167128259592056,-0.6428807200630501,-2.672751262015038
1.1261999999999086,0.0,0.0,0.0,0.0,0.0,0.0,-1.0984905049722036,1.0905844864458774,4.835921156020955,0.8976626952586887,-0.6553158010690225,-2.8098703013173423
1.1281999999999084,0.0,0.0,0.0,0.0,0.0,0.0,-1.011380859488862,1.0797202447451795,4.732564580438566,0.9805360848910252,-0.6654834548548789,-2.9486948435528246
1.1301999999999082,0.0,0.0,0.0,0.0,0.0,0.0,-0.9250107267798682,1.0586056197724112,4.640243418969476,1.0647479032973035,-0.6735100500388903,-3.0885651328828096
1.132199999999908,0.0,0.0,0.0,0.0,0.0,0.0,-0.8364357925499872,1.0325781515259627,4.558022475328549,1.1497048503909395,-0.6794946611578031,-3.228849881240117
1.1341999999999077,0.0,0.0,0.0,0.0,0.0,0.0,-0.7463797923024826,1.0026470626254975,4.485503944628713,1.234802933363889,-0.6835294979759989,-3.368919454514888
1.1361999999999075,0.0,0.0,0.0,0.0,0.0,0.0,-0.6554550464067385,0.9696663271541697,4.422169278529597,1.3194425746606049,-0.6857028539734044,-3.5081570341543924
1.1381999999999073,0.0,0.0,0.0,0.0,0.0,0.0,-0.5641932342642055,0.9343610248658591,4.367440453428733,1.4030454037027407,-0.6860997808719631,-3.6459746420452994
1.140199999999907,0.0,0.0,0.0,0.0,0.0,0.0,-0.47306155166433017,0.8973619060230502,4.320722455513394,1.4850705570145466,-0.6848029291290982,-3.781828934125023
1.1421999999999068,0.0,0.0,0.0,0.0,0.0,0.0,-0.3824631438887739,0.8592351071709533,4.281428587501719,1.5650291213840337,-0.6818934206647046,-3.9152353747312763
1.1441999999999066,0.0,0.0,0.0,0.0,0.0,0.0,-0.2927269477701203,0.8204991360800008,4.248993827940982,1.6424956499148007,-0.6774516935930266,-4.0457796307665825
1.1461999999999064,0.0,0.0,0.0,0.0,0.0,0.0,-0.20409474152624707,0.7816278888920221,4.222882292339114,1.7171161622708289,-0.6715582816931974,-4.173125476350065
1.1481999999999062,0.0,0.0,0.0,0.0,0.0,0.0,-0.11671227560037865,0.743043457678705,4.202593363139297,1.7886125006453852,-0.6642944779143108,-4.2970189675213195
1.150199999999906,0.0,0.0,0.0,0.0,0.0,0.0,-0.030628464255221886,0.7051045857629021,4.187668694409522,1.8567832401524489,-0.6557428120183806,-4.417289008521921
1.1521999999999057,0.0,0.0,0.0,0.0,0.0,0.0,0.054196537461902616,0.6680962613925985,4.177700279669986,1.9215015438832084,-0.6459872717026202,-4.533844667645716
1.1541999999999055,0.0,0.0,0.0,0.0,0.0,0.0,0.13787594963898422,0.6322241684796917,4.172338639624131,1.9827104602423644,-0.635113221018143,-4.646669749743374
1.1561999999999053,0.0,0.0,0.0,0.0,0.0,0.0,0.22057654989513478,0.5976155051472531,4.171299918498963,2.0404162296726702,-0.6232070111288904,-4.755815232142426
1.158199999999905,0.0,0.0,0.0,0.0,0.0,0.0,0.3024975224688726,0.5643257186631561,4.174370980879804,2.0946802145516847,-0.6103553212378459,-4.861390232691646
1.1601999999999049,0.0,0.0,0.0,0.0,0.0,0.0,0.3838504917145266,0.5323493971810499,4.1814121347396185,2.145610080126386,-0.5966442984514944,-4.96355219382772
1.1621999999999046,0.0,0.0,0.0,0.0,0.0,0.0,0.46484224527214685,0.5016330491211055,4.192357600388955,2.193350821154638,-0.5821585777273913,-5.062496923928812
1.1641999999999044,0.0,0.0,0.0,0.0,0.0,0.0,0.5456605980436771,0.47208768803902856,4.207214147926315,2.23807614470783,-0.5669802574212524,-5.158449037981873
1.1661999999999042,0.0,0.0,0.0,0.0,0.0,0.0,0.6264630369626815,0.44359975695296505,4.226058404703965,2.279980595883271,-0.5511878878746059,-5.251653200028983
1.168199999999904,0.0,0.0,0.0,0.0,0.0,0.0,0.7073673399361614,0.4160396670776075,4.24903323914033,2.3192726715010292,-0.534855507210497,-5.342366414939062
1.1701999999999038,0.0,0.0,0.0,0.0,0.0,0.0,0.7884432554380144,0.3892678614153332,4.276343440305562,2.3561690299863933,-0.5180517363021429,-5.430851471267862
1.1721999999999035,0.0,0.0,0.0,0.0,0.0,0.0,0.8697044560488159,0.3631387336077766,4.308250708434291,2.390889790674095,-0.500838927710804,-5.517371517646165
1.1741999999999033,0.0,0.0,0.0,0.0,0.0,0.0,0.9511002208183702,0.3375029315477056,4.345067796651028,2.423654831334477,-0.4832723528304948,-5.602185670147367
1.176199999999903,0.0,0.0,0.0,0.0,0.0,0.0,1.0325065679413692,0.3122086075962777,4.3871515174371405,2.454680939704436,-0.4653994073592356,-5.685545497179562
1.1781999999999029,0.0,0.0,0.0,0.0,0.0,0.0,1.1137168024231647,0.2871021125870513,4.434894248827193,2.4841796489859567,-0.44725881645016896,-5.767692206279689
1.1801999999999027,0.0,0.0,0.0,0.0,0.0,0.0,1.1944316486456057,0.2620285275525767,4.4887135373725044,2.512355582188132,-0.4288798261419097,-5.848854356399867
1.1821999999999024,0.0,0.0,0.0,0.0,0.0,0.0,1.2742493104207904,0.236832322796336,4.549039389989371,2.5394051393155497,-0.4102813757332801,-5.929245932732632
1.1841999999999022,0.0,0.0,0.0,0.0,0.0,0.0,1.3526559540059346,0.21135834659429797,4.616298871259199,2.565515379421689,-0.3914712557541776,-6.009064643116559
1.186199999999902,0.0,0.0,0.0,0.0,0.0,0.0,1.429017254558617,0.18545327988286625,4.69089767767903,2.5908629727715544,-0.37244526746541956,-6.088490321697599
1.1881999999999018,0.0,0.0,0.0,0.0,0.0,0.0,1.502571790569799,0.1589676456819972,4.773198450886479,2.6156131246871435,-0.35318641193257033,-6.167683354559133
1.1901999999999016,0.0,0.0,0.0,0.0,0.0,0.0,1.5724272144198108,0.13175842663526893,4.863495725705008,2.6399184011976002,-0.33366414922038434,-6.246783072501851
1.1921999999999013,0.0,0.0,0.0,0.0,0.0,0.0,1.6375602643372442,0.10369231463206126,4.961987594739338,2.6639174172541793,-0.3138337805883206,-6.325906087850798
1.1941999999999011,0.0,0.0,0.0,0.0,0.0,0.0,1.696821801536398,0.07464958790867578,5.0687444175709615,2.687733381132717,-0.2936360179472241,-6.405144585160542
1.196199999999901,0.0,0.0,0.0,0.0,0.0,0.0,1.7489481382151164,0.044528579888117245,5.183675215924621,2.7114725236504245,-0.27299681417348026,-6.4845646098496195
1.1981999999999007,0.0,0.0,0.0,0.0,0.0,0.0,1.792579943789711,0.013250668505905044,5.306492779657398,2.735222477227029,-0.2518275337608047,-6.564204433362933
1.2001999999999005,0.0,0.0,0.0,0.0,0.0,0.0,1.8262899487784454,-0.019234325771112063,5.436678959660343,2.7590507058551674,-0.23002554405252879,-6.6440731066980065
1.2021999999999002,0.0,0.0,0.0,0.0,0.0,0.0,1.848620472721443,-0.05294249079493085,5.573452131522218,2.783003119698181,-0.20747530116724675,-6.724149343110238
1.2041999999999,0.0,0.0,0.0,0.0,0.0,0.0,1.8581314437999588,-0.08785013148903006,5.715739353092008,2.8071030330690343,-0.18404999010032946,-6.804380891437983
1.2061999999998998,0.0,0.0,0.0,0.0,0.0,0.0,1.8534590106015467,-0.12388830382524287,5.862156264496674,2.831350636874873,-0.15961375427917993,-6.884684568856273
1.2081999999998996,0.0,0.0,0.0,0.0,0.0,0.0,1.8333840334487996,-0.1609379076804995,6.0109982177040955,2.8557231510942866,-0.1340245159648849,-6.964947111039199
1.2101999999998994,0.0,0.0,0.0,0.0,0.0,0.0,1.796908666119032,-0.19882574610070636,6.160246369021039,2.880175795481673,-0.10713734660590185,-7.045026964880801
1.2121999999998991,0.0,0.0,0.0,0.0,0.0,0.0,1.7433379211783138,-0.2373220345389289,6.307592387271729,2.9046436660101183,-0.07880829850510906,-7.124757092823247
1.214199999999899,0.0,0.0,0.0,0.0,0.0,0.0,1.6723616400610377,-0.2761399081986766,6.450484875255659,2.9290445329532977,-0.04889856057457151,-7.2039487810192915
1.2161999999998987,0.0,0.0,0.0,0.0,0.0,0.0,1.5841308309911604,-0.3149375050489308,6.586199445579755,2.9532824908699937,-0.01727875741946535,-7.28239635308364
1.2181999999998985,0.0,0.0,0.0,0.0,0.0,0.0,1.4793211447466905,-0.3533231650156899,6.711932575628806,2.9772523021428787,0.016166821123301863,-7.359882598307106
1.2201999999998983,0.0,0.0,0.0,0.0,0.0,0.0,1.3591756351503215,-0.3908641508794172,6.824916950191486,3.0008441976941223,0.051536287884130304,-7.4361846417074
1.222199999999898,0.0,0.0,0.0,0.0,0.0,0.0,1.225519197864567,-0.42709904406859245,6.922553195786547,3.0239488444074967,0.08890674574980223,-7.511079926778094
1.2241999999998978,0.0,0.0,0.0,0.0,0.0,0.0,1.0807384121173456,-0.4615536037874633,7.0025500792744895,3.046462168656919,0.1283315890503714,-7.584351960525319
1.2261999999998976,0.0,0.0,0.0,0.0,0.0,0.0,0.9277229763153829,-0.49375943742463974,7.0630628482034155,3.0682897432977954,0.16983866668678857,-7.655795488584481
1.2281999999998974,0.0,0.0,0.0,0.0,0.0,0.0,0.7697683676051739,-0.5232743801133493,7.102817910480246,3.089350498592094,0.213429394234301,-7.7252208228701384
1.2301999999998972,0.0,0.0,0.0,0.0,0.0,0.0,0.6104433896659914,-0.5497031046380748,7.121211876798563,3.1095795965535564,0.25907883543564636,-7.792457125725849
1.232199999999897,0.0,0.0,0.0,0.0,0.0,0.0,0.45343036062395586,-0.572716259900423,7.118374328555256,3.128930399897612,0.30673670829168764,-7.857354549075554
1.2341999999998967,0.0,0.0,0.0,0.0,0.0,0.0,0.302349220829722,-0.5920664243758782,7.095186491934438,3.14737555720018,0.3563292143359965,-7.919785219839434
1.2361999999998965,0.0,0.0,0.0,0.0,0.0,0.0,0.1605792370076952,-0.6075993806255767,7.053252006028929,3.1649073033505517,0.40776154658291297,-7.979643141225695
1.2381999999998963,0.0,0.0,0.0,0.0,0.0,0.0,0.031092825028348006,-0.6192596456961972,6.994820663566177,3.181537131600842,0.4609209044924525,-8.036843135059808
1.240199999999896,0.0,0.0,0.0,0.0,0.0,0.0,-0.08368487617625417,-0.6270897699921638,6.922670736415972,3.197295028139439,0.5156798331255389,-8.091318979610305
1.2421999999998958,0.0,0.0,0.0,0.0,0.0,0.0,-0.1819795798994467,-0.631223558335594,6.839959609548063,3.212228474248921,0.5718997066246982,-8.143020901269526
1.2441999999998956,0.0,0.0,0.0,0.0,0.0,0.0,-0.2627272949358568,-0.6318739772732507,6.750055365830418,3.226401419969089,0.6294341902438529,-8.191912560652003
1.2461999999998954,0.0,0.0,0.0,0.0,0.0,0.0,-0.32558690131406276,-0.629317007103322,6.656363316576234,3.2398934236292902,0.6881325368778858,-8.23796763900341
1.2481999999998952,0.0,0.0,0.0,0.0,0.0,0.0,-0.37090774167044227,-0.6238730142178901,6.562161146460792,3.2527991409433694,0.7478425999484237,-8.28116608363151
1.250199999999895,0.0,0.0,0.0,0.0,0.0,0.0,-0.39965817509080803,-0.6158873307725532,6.470454493957338,3.265228342686896,0.8084134714615383,-8.321490014073389
1.2521999999998947,0.0,0.0,0.0,0.0,0.0,0.0,-0.413324057274858,-0.6057116410180564,6.383861801556069,3.2773066482254065,0.8696976793927179,-8.358919224055928
1.2541999999998945,0.0,0.0,0.0,0.0,0.0,0.0,-0.41378780022663725,-0.5936875237491761,6.304533661757766,3.2891771907248386,0.9315529000240932,-8.39342613487031
1.2561999999998943,0.0,0.0,0.0,0.0,0.0,0.0,-0.4031989790111315,-0.580133145679581,6.234108203827512,3.3010034879335803,0.9938431564854272,-8.424969956239552
1.258199999999894,0.0,0.0,0.0,0.0,0.0,0.0,-0.38384655178684324,-0.5653337074593703,6.173700795056167,3.312973893134159,1.0564394825802186,-8.453489677987324
1.2601999999998938,0.0,0.0,0.0,0.0,0.0,0.0,-0.35804094361264716,-0.5495358775611664,6.1239238184501,3.3253081648472125,1.1192200286652578,-8.478895327967281
1.2621999999998936,0.0,0.0,0.0,0.0,0.0,0.0,-0.3280118741313274,-0.5329461677834678,6.084930727506471,3.338266955018871,1.1820695704840498,-8.501056652830972
1.2641999999998934,0.0,0.0,0.0,0.0,0.0,0.0,-1.2510051640254574,-2.137798785481751,4.7290036815565815,3.3502444150608834,1.2415485280292025,-8.5170997756839
1.2661999999998932,0.0,0.0,0.0,0.0,0.0,0.0,-0.8259931391091982,-1.8170943084183862,4.91113595372948,3.357029899526565,1.2902529860840866,-8.52180602516791
1.268199999999893,0.0,0.0,0.0,0.0,0.0,0.0,-0.6177437226217324,-1.5872028263988054,5.087558877001302,3.358895897541382,1.329367772477778,-8.517436997126326
1.2701999999998927,0.0,0.0,0.0,0.0,0.0,0.0,-0.5442170221891283,-1.4180407280249903,5.239146745999535,3.356100911761625,1.3602696577702982,-8.50606784321238
1.2721999999998925,0.0,0.0,0.0,0.0,0.0,0.0,-0.5534835426405725,-1.287339399435409,5.362411744751476,3.34878927866852,1.38416709100763,-8.489378432221699
1.2741999999998923,0.0,0.0,0.0,0.0,0.0,0.0,-0.6122410883938529,-1.1789558917575593,5.460141923294193,3.3370655801039115,1.402116593208456,-8.468722721366046
1.276199999999892,0.0,0.0,0.0,0.0,0.0,0.0,-0.6988443184920221,-1.0815371886008942,5.537033036520139,3.321041129801966,1.415038710250124,-8.445177080263502
1.2781999999998919,0.0,0.0,0.0,0.0,0.0,0.0,-0.7990023371743048,-0.9873982322892837,5.59780459966572,3.3008588810348867,1.4237331189612914,-8.419580219297014
1.2801999999998916,0.0,0.0,0.0,0.0,0.0,0.0,-0.9031388989246498,-0.8916241256148765,5.646488691579452,3.2767022764054854,1.4288925949594378,-8.392569911979301
1.2821999999998914,0.0,0.0,0.0,0.0,0.0,0.0,-1.004778473871914,-0.79135838825899,5.686257424164662,3.2487932099544934,1.4311157439717868,-8.364617781078286
1.2841999999998912,0.0,0.0,0.0,0.0,0.0,0.0,-1.0995541560765556,-0.685236304106207,5.719481272387155,3.217383655633133,1.430918493858802,-8.33606165787689
1.286199999999891,0.0,0.0,0.0,0.0,0.0,0.0,-1.1845841633109937,-0.5729325121283922,5.747870313622071,3.1827445862532993,1.4287443927244299,-8.307134571274947
1.2881999999998908,0.0,0.0,0.0,0.0,0.0,0.0,-1.2580622345029162,-0.4548023228654015,5.772629539710381,3.14515473966864,1.424973783382682,-8.277989636891652
1.2901999999998905,0.0,0.0,0.0,0.0,0.0,0.0,-1.3189708742592572,-0.33160296799043243,5.7945987131164,3.104890785201742,1.4199319372547352,-8.248720559488111
1.2921999999998903,0.0,0.0,0.0,0.0,0.0,0.0,-1.3668662119513386,-0.2042842394965306,5.814366608651866,3.0622196349220308,1.4138962365987804,-8.219377885595653
1.29419999999989,0.0,0.0,0.0,0.0,0.0,0.0,-1.401707022349317,-0.0738391339787022,5.832358698612768,3.0173930772525597,1.4071024952320998,-8.189981440877999
1.2961999999998899,0.0,0.0,0.0,0.0,0.0,0.0,-1.4237138609673194,0.058794495146526196,5.848901326690757,2.9706445672614734,1.3997505059196467,-8.160529541694535
1.2981999999998897,0.0,0.0,0.0,0.0,0.0,0.0,-1.4332513443220556,0.19278985370447743,5.864266727359118,2.9221878398237986,1.3920088983096464,-8.131005609473027
1.3001999999998894,0.0,0.0,0.0,0.0,0.0,0.0,-1.4307301003749153,0.3274525017223767,5.87870324145943,2.872216962673635,1.3840193854619876,-8.101382779575243
1.3021999999998892,0.0,0.0,0.0,0.0,0.0,0.0,-1.416526582401922,0.4622137347066546,5.8924544857554135,2.820907467518209,1.3759004702835618,-8.07162701951261
1.304199999999889,0.0,0.0,0.0,0.0,0.0,0.0,-1.3909198312267945,0.5966014768123045,5.905770439520944,2.7684182526745853,1.3677506760694984,-8.041699181106198
1.3061999999998888,0.0,0.0,0.0,0.0,0.0,0.0,-1.3540449726402584,0.730192859918046,5.918912607293144,2.7148940162780577,1.359651358228605,-8.011556323876592
1.3081999999998886,0.0,0.0,0.0,0.0,0.0,0.0,-1.3058640429749548,0.8625516590522748,5.932154691197639,2.660468040925019,1.3516691474009352,-7.9811525709577005
1.3101999999998883,0.0,0.0,0.0,0.0,0.0,0.0,-1.2461557505983565,0.9931532209672813,5.945779594074522,2.6052652012649236,1.3438580677142686,-7.950439697030628
1.3121999999998881,0.0,0.0,0.0,0.0,0.0,0.0,-1.174526961937832,1.1212996913766728,5.960073092014999,2.5494051021979356,1.3362613679697668,-7.91936759970944
1.314199999999888,0.0,0.0,0.0,0.0,0.0,0.0,-1.0904498541049796,1.2460294537194294,5.975314178925128,2.4930052757670222,1.3289130981617217,-7.887884769205596
1.3161999999998877,0.0,0.0,0.0,0.0,0.0,0.0,-0.9933294253682344,1.3660269353462227,5.991761926059248,2.4361843693916128,1.3218394589929428,-7.855938842813063
1.3181999999998875,0.0,0.0,0.0,0.0,0.0,0.0,-0.8826058065393495,1.479542371513086,6.009638761557891,2.3790652472374605,1.3150599480494294,-7.8234773073431985
1.3201999999998872,0.0,0.0,0.0,0.0,0.0,0.0,-0.757893775918382,1.5843354829411762,6.029110412203928,2.3217779015463815,1.3085883231998767,-7.790448390698627
1.322199999999887,0.0,0.0,0.0,0.0,0.0,0.0,-0.6191571833710909,1.6776615096575624,6.050263400036204,2.26446203449664,1.302433401792036,-7.756802160295246
1.3241999999998868,0.0,0.0,0.0,0.0,0.0,0.0,-0.46690803029159833,1.7563210833495086,6.073081932531842,2.2072691290557236,1.2965997135519254,-7.722491818842164
1.3261999999998866,0.0,0.0,0.0,0.0,0.0,0.0,-0.302408946896321,1.8167946665988186,6.097427140769135,2.1503637883568536,1.2910880259177127,-7.6874751563334955
1.3281999999998864,0.0,0.0,0.0,0.0,0.0,0.0,-0.12784548236192725,1.8554750464984417,6.123022627088418,2.0939241003909728,1.2858957628367946,-7.651716082384107
1.3301999999998861,0.0,0.0,0.0,0.0,0.0,0.0,0.053575311681448474,1.8689956909367058,6.1494507560867415,2.0381407941197978,1.2810173414584092,-7.615186129273821
1.332199999999886,0.0,0.0,0.0,0.0,0.0,0.0,0.23764569377335448,1.8546291203387175,6.176163583595528,1.983215009803558,1.2764444548261509,-7.577865789799874
1.3341999999998857,0.0,0.0,0.0,0.0,0.0,0.0,0.419332176094387,1.8107022811349824,6.202510447520073,1.929354619437565,1.2721663312889577,-7.539745543216876
1.3361999999998855,0.0,0.0,0.0,0.0,0.0,0.0,0.5931128923410618,1.7369539449400906,6.2277811377335786,1.8767691986944168,1.268170001302461,-7.5008264341929864
1.3381999999998853,0.0,0.0,0.0,0.0,0.0,0.0,0.7534474676689371,1.6347530328583812,6.251259894414268,1.8256639478012016,1.2644405981757083,-7.461120106942018
1.340199999999885,0.0,0.0,0.0,0.0,0.0,0.0,0.8953101959337785,1.5071141286807448,6.272282403753327,1.7762330464793634,1.260961710543999,-7.420648256198868
1.3421999999998848,0.0,0.0,0.0,0.0,0.0,0.0,1.014691638939216,1.358486672274249,6.290286657337237,1.728653060404988,1.257715791672883,-7.379441528232872
1.3441999999998846,0.0,0.0,0.0,0.0,0.0,0.0,1.1089735679258867,1.1943464522764637,6.304849664555266,1.6830770535927457,1.2546846163092042,-7.337537973726735
1.3461999999998844,0.0,0.0,0.0,0.0,0.0,0.0,1.177109957835644,1.0206643969179416,6.315705272112257,1.6396299852460108,1.2518497627877712,-7.2949812051123155
1.3481999999998842,0.0,0.0,0.0,0.0,0.0,0.0,1.2195933533073144,0.8433520700334249,6.322742622941436,1.5984057944005223,1.2491930894767325,-7.2518184337810885
1.350199999999884,0.0,0.0,0.0,0.0,0.0,0.0,1.238234723566865,0.6677787099300234,6.32598864428948,1.5594663416892653,1.2466971722582856,-7.208098555362005
1.3521999999998837,0.0,0.0,0.0,0.0,0.0,0.0,1.2358199295929408,0.4984259425844025,6.325580306154694,1.522842138179873,1.2443456737087435,-7.163870419656774
1.3541999999998835,0.0,0.0,0.0,0.0,0.0,0.0,1.2157187353275698,0.3387064333667687,6.321732887905464,1.4885345948568578,1.2421236234372184,-7.119181376364475
1.3561999999998833,0.0,0.0,0.0,0.0,0.0,0.0,1.181514092573018,0.19093581730146142,6.314709483810528,1.4565194028215256,1.2400176001812915,-7.074076139766025
1.358199999999883,0.0,0.0,0.0,0.0,0.0,0.0,1.1366980999038032,0.05642265890620602,6.3047951843826056,1.4267506105742636,1.238015817186241,-7.028595973981429
1.3601999999998828,0.0,0.0,0.0,0.0,0.0,0.0,1.0844561876258043,-0.0643684430950629,6.292277496584226,1.3991649887768258,1.236108121189695,-6.982778170179009
1.3621999999998826,0.0,0.0,0.0,0.0,0.0,0.0,1.0275400621296975,-0.1716228993721784,6.2774330763926764,1.3736863422245893,1.234285921022464,-6.936655769288437
1.3641999999998824,0.0,0.0,0.0,0.0,0.0,0.0,0.9682162607096682,-0.2659839143176961,6.260519916774963,1.3502295192547586,1.2325420643373475,-6.890257476748294
1.3661999999998822,0.0,0.0,0.0,0.0,0.0,0.0,0.9082709716199318,-0.348382714375149,6.241773722759796,1.328703960640328,1.2308706808232885,-6.843607716715789
1.368199999999882,0.0,0.0,0.0,0.0,0.0,0.0,0.8490512819497443,-0.4199012079828265,6.221407168356306,1.309016710199552,1.229267008267644,-6.796726778920824
1.3701999999998817,0.0,0.0,0.0,0.0,0.0,0.0,0.7915258963448569,-0.48166911120759937,6.199610906678916,1.2910748716454112,1.227727214825002,-6.74963101938732
1.3721999999998815,0.0,0.0,0.0,0.0,0.0,0.0,0.7363526138209177,-0.534792629035157,6.176555465787191,1.274787539504824,1.2262482275218516,-6.702333084736769
1.3741999999998813,0.0,0.0,0.0,0.0,0.0,0.0,0.6839441092384828,-0.5803093516900972,6.152393425447066,1.2600672583114825,1.224827573850475,-6.65484213761314
1.376199999999881,0.0,0.0,0.0,0.0,0.0,0.0,0.6345271351703885,-0.6191633572817191,6.127261491936447,1.2468310772331979,1.2234632405602006,-6.607164067371338
1.3781999999998809,0.0,0.0,0.0,0.0,0.0,0.0,0.5881929044380607,-0.6521948949503755,6.101282255079557,1.2350012706165219,1.222153551557489,-6.559301675386
1.3801999999998806,0.0,0.0,0.0,0.0,0.0,0.0,0.5449381761616315,-0.680139911122714,6.074565525946617,1.2245057919922728,1.2208970651865705,-6.511254828224606
1.3821999999998804,0.0,0.0,0.0,0.0,0.0,0.0,0.5046976164543573,-0.7036357163380583,6.047209224298266,1.2152785225654679,1.219692490023632,-6.4630205746620994
1.3841999999998802,0.0,0.0,0.0,0.0,0.0,0.0,0.4673685354952125,-0.7232300675364544,6.019299822755649,1.207259367058499,1.2185386175940975,-6.414593224303812
1.38619999999988,0.0,0.0,0.0,0.0,0.0,0.0,0.43282929165397366,-0.7393917664956967,5.990912369583558,1.2003942412889401,1.2174342700215166,-6.365964386633144
1.3881999999998798,0.0,0.0,0.0,0.0,0.0,0.0,0.40095263762341077,-0.7525215229236052,5.962110111446972,1.1946349878375067,1.2163782604515148,-6.31712296978702
1.3901999999998795,0.0,0.0,0.0,0.0,0.0,0.0,0.37891848778867443,-0.7623778571114941,5.93014342936035,1.1899342553618433,1.2153694291387767,-6.268057242930863
1.3921999999998793,0.0,0.0,0.0,0.0,0.0,0.0,0.35018010902849595,-0.7733850856280948,5.895672443605207,1.1862413831529586,1.2143985758746747,-6.218765812461679
1.394199999999879,0.0,0.0,0.0,0.0,0.0,0.0,0.3217360724335407,-0.781408759355179,5.861425436812538,1.1835256964014809,1.2134302255863978,-6.169267877187297
1.3961999999998789,0.0,0.0,0.0,0.0,0.0,0.0,0.29374282508199245,-0.7865083765278975,5.827701209182549,1.1817572930061853,1.2124247108937527,-6.119587108021876
1.3981999999998787,0.0,0.0,0.0,0.0,0.0,0.0,0.2663152985954001,-0.788852627425373,5.794612094643733,1.1809050676569306,1.211343715745257,-6.0697466360692305
1.4001999999998784,0.0,0.0,0.0,0.0,0.0,0.0,0.2395520552404745,-0.788612521921567,5.762255481137841,1.1809367613261168,1.2101503297412786,-6.019769214967454
1.4021999999998782,0.0,0.0,0.0,0.0,0.0,0.0,0.21353636670302437,-0.7859592954800161,5.730714694002149,1.181819019334231,1.2088090875371629,-5.969677360230742
1.404199999999878,0.0,0.0,0.0,0.0,0.0,0.0,0.18833734026423524,-0.7810626264880631,5.700059935575367,1.1835174576130494,1.2072859954591468,-5.919493465258381
1.4061999999998778,0.0,0.0,0.0,0.0,0.0,0.0,0.16401106148692593,-0.7740891401862054,5.670349255837263,1.1859967369349325,1.2055485472390015,-5.8692398939432735
1.4081999999998775,0.0,0.0,0.0,0.0,0.0,0.0,0.14060172867941528,-0.7652011728486261,5.641629533806919,1.1892206449434297,1.2035657305401533,-5.8189390500806795
1.4101999999998773,0.0,0.0,0.0,0.0,0.0,0.0,0.11814275995654114,-0.7545557695346065,5.6139374537802995,1.193152185816082,1.2013080257179227,-5.76861342404997
1.412199999999877,0.0,0.0,0.0,0.0,0.0,0.0,0.09665785859908786,-0.742303889356405,5.587300464240762,1.1977536773240645,1.1987473980372627,-5.718285617514997
1.4141999999998769,0.0,0.0,0.0,0.0,0.0,0.0,0.07616202660426294,-0.7285897935277396,5.561737710420671,1.2029868549362561,1.1958572843691264,-5.667978347157777
1.4161999999998767,0.0,0.0,0.0,0.0,0.0,0.0,0.05666251983176885,-0.713550593234626,5.5372609340537755,1.2088129824599387,1.1926125752058085,-5.61771442872038
1.4181999999998764,0.0,0.0,0.0,0.0,0.0,0.0,0.03815974101743047,-0.6973159364112372,5.513875335883628,1.21519296852999,1.1889895926792375,-5.567516742874946
1.4201999999998762,0.0,0.0,0.0,0.0,0.0,0.0,0.02064806920078746,-0.6800078146495918,5.4915803980456115,1.222087488066813,1.1849660651356668,-5.517408184664689
1.422199999999876,0.0,0.0,0.0,0.0,0.0,0.0,0.004116625857350412,-0.6617404736015794,5.470370664590226,1.2294571076336667,1.1805210987156445,-5.467411598452772
1.4241999999998758,0.0,0.0,0.0,0.0,0.0,0.0,-0.01145002069086358,-0.6426204122568269,5.450236479237009,1.2372624134490031,1.1756351463084955,-5.417549700474204
1.4261999999998756,0.0,0.0,0.0,0.0,0.0,0.0,-0.026071210119915512,-0.6227464583421815,5.431164680013812,1.2454641406598157,1.170289974193838,-5.3678449912027215
1.4281999999998753,0.0,0.0,0.0,0.0,0.0,0.0,-0.03976960116387818,-0.6022099087555909,5.413139250811227,1.2540233023669038,1.1644686266461661,-5.318319659815126
1.4301999999998751,0.0,0.0,0.0,0.0,0.0,0.0,-0.05257063553023043,-0.5810947254077989,5.396141930123744,1.2629013168190812,1.158155388759074,-5.268995483056974
1.432199999999875,0.0,0.0,0.0,0.0,0.0,0.0,-0.06450205118323517,-0.559477778103973,5.380152777404706,1.2720601311648578,1.1513357477397326,-5.219893720784433
1.4341999999998747,0.0,0.0,0.0,0.0,0.0,0.0,-0.07559344151893858,-0.5374291271706897,5.365150697566312,1.2814623401686054,1.1439963529283117,-5.171035010378604
1.4361999999998745,0.0,0.0,0.0,0.0,0.0,0.0,-0.08587585706032162,-0.5150123394440047,5.351113924233537,1.2910712983626818,1.1361249748076274,-5.122439262103259
1.4381999999998742,0.0,0.0,0.0,0.0,0.0,0.0,-0.0953814464630637,-0.4922848320076038,5.3380204624260355,1.3008512242141876,1.1277104632823582,-5.074125557309404
1.440199999999874,0.0,0.0,0.0,0.0,0.0,0.0,-0.10414313381327714,-0.46929823873126764,5.325848491401754,1.3107672950297111,1.118742705521875,-5.026112051186521
1.4421999999998738,0.0,0.0,0.0,0.0,0.0,0.0,-0.11219432939826425,-0.44609879523157386,5.3145767284499525,1.32078573149679,1.1092125836738282,-4.978415881527971
1.4441999999998736,0.0,0.0,0.0,0.0,0.0,0.0,-0.11956867132657491,-0.42272773837719096,5.304184754466887,1.3308738709590613,1.0991119327653807,-4.931053084725057
1.4461999999998734,0.0,0.0,0.0,0.0,0.0,0.0,-0.12629979555680582,-0.3992217169033587,5.294653302178906,1.3410002287347624,1.0884334991140487,-4.884038519938825
1.4481999999998731,0.0,0.0,0.0,0.0,0.0,0.0,-0.13242113206259576,-0.37561321009312293,5.285964507890595,1.3511345470069345,1.0771708995698421,-4.837385802129422
1.450199999999873,0.0,0.0,0.0,0.0,0.0,0.0,-0.1379657250140999,-0.3519309518307136,5.278102127625989,1.361247831030236,1.065318581904404,-4.7911072443572
1.4521999999998727,0.0,0.0,0.0,0.0,0.0,0.0,-0.14296607499580133,-0.32820035763657057,5.271051718497332,1.371312372606301,1.0528717866512673,-4.745213809515015
1.4541999999998725,0.0,0.0,0.0,0.0,0.0,0.0,-0.14745400140964424,-0.30444395255324613,5.264800786079492,1.3813017609706768,1.0398265106845475,-4.699715071413139
1.4561999999998723,0.0,0.0,0.0,0.0,0.0,0.0,-0.1514605233341882,-0.28068179796486536,5.2593388984924125,1.3911908814043465,1.026179472802077,-4.654619184921531
1.458199999999872,0.0,0.0,0.0,0.0,0.0,0.0,-0.15501575722743213,-0.2569319155986758,5.254657767804297,1.4009559020277254,1.0119280815539151,-4.609932864682404
1.4601999999998718,0.0,0.0,0.0,0.0,0.0,0.0,-0.15814882997509663,-0.23321070707439706,5.25075129927174,1.4105742493521896,0.9970704055294062,-4.565661371741013
1.4621999999998716,0.0,0.0,0.0,0.0,0.0,0.0,-0.16088780589865853,-0.20953336743610487,5.2476156088374415,1.420024573252246,0.9816051462863824,-4.521808507305229
1.4641999999998714,0.0,0.0,0.0,0.0,0.0,0.0,-0.16325962644885475,-0.1859142911242012,5.245249009219482,1.4292867020800482,0.9655316140758465,-4.478376612734353
1.4661999999998712,0.0,0.0,0.0,0.0,0.0,0.0,-0.16529006142040614,-0.16236746882482422,5.243651964856021,1.4383415886738002,0.9488497064854312,-4.435366574773312
1.468199999999871,0.0,0.0,0.0,0.0,0.0,0.0,-0.16700367063190774,-0.1389068735757024,5.24282701592258,1.447171248014035,0.9315598900960659,-4.392777834987701
1.4701999999998707,0.0,0.0,0.0,0.0,0.0,0.0,-0.16842377512022647,-0.11554683441664669,5.242778671621665,1.4557586872587842,0.9136631852194367,-4.350608402315186
1.4721999999998705,0.0,0.0,0.0,0.0,0.0,0.0,-0.16957243700049635,-0.09230239575613988,5.243513272960785,1.4640878288426242,0.8951611537597078,-4.30885486762608
1.4741999999998703,0.0,0.0,0.0,0.0,0.0,0.0,-0.17047044723992474,-0.06918966048984879,5.245038825288801,1.47214342725793,0.8760558902222727,-4.267512419176843
1.47619999999987,0.0,0.0,0.0,0.0,0.0,0.0,-0.17113732068551019,-0.04622611475969072,5.247364800953982,1.4799109800519081,0.8563500158755368,-4.22657485784094
1.4781999999998698,0.0,0.0,0.0,0.0,0.0,0.0,-0.1715912977717646,-0.02343093209056881,5.250501912581759,1.487376633472425,0.8360466760593847,-4.186034611007894
1.4801999999998696,0.0,0.0,0.0,0.0,0.0,0.0,-0.17184935241436025,-0.0008252544933944046,5.25446185764643,1.4945270830813036,0.8151495406264377,-4.145882744049717
1.4821999999998694,0.0,0.0,0.0,0.0,0.0,0.0,-0.1719272056690917,0.02156755201534424,5.259257035228811,1.5013494695272698,0.7936628074998149,-4.106108968260243
1.4841999999998692,0.0,0.0,0.0,0.0,0.0,0.0,-0.17183934480273605,0.04372167014847123,5.264900236110048,1.507831269533221,0.7715912093341788,-4.066701644173626
1.486199999999869,0.0,0.0,0.0,0.0,0.0,0.0,-0.17159904748332225,0.06560863510567161,5.271404307649375,1.5139601820045343,0.7489400232757012,-4.027647779159666
1.4881999999998687,0.0,0.0,0.0,0.0,0.0,0.0,-0.17121841085232878,0.087197172188283,5.278781795228073,1.5197240090067423,0.7257150838315611,-3.9889330181724034
1.4901999999998685,0.0,0.0,0.0,0.0,0.0,0.0,-0.17070838529058038,0.10845307113483266,5.287044562410989,1.525110531191362,0.701922798881103,-3.950541626490864
1.4921999999998683,0.0,0.0,0.0,0.0,0.0,0.0,-0.1700788127334395,0.12933910002539847,5.296203392377035,1.5301073770666318,0.6775701688893537,-3.912456463233565
1.494199999999868,0.0,0.0,0.0,0.0,0.0,0.0,-0.16933846942964734,0.1498149615367307,5.306267573597011,1.5347018853133145,0.6526648094198535,-3.874658944347799
1.4961999999998679,0.0,0.0,0.0,0.0,0.0,0.0,-0.16849511307209702,0.16983729420662555,5.317244473185955,1.5388809591316184,0.6272149770885742,-3.837128993666721
1.4981999999998676,0.0,0.0,0.0,0.0,0.0,0.0,-0.16755553425853523,0.1893597211791001,5.329139101821598,1.54263091137006,0.60122959915513,-3.79984498048786
1.5001999999998674,0.0,0.0,0.0,0.0,0.0,0.0,-0.16652561226598225,0.20833294864560015,5.341953674593616,1.5459372989260551,0.5747183070129351,-3.7627836419508047
1.5021999999998672,0.0,0.0,0.0,0.0,0.0,0.0,-0.1654103751454176,0.22670491586654135,5.355687172621694,1.5487847446156149,0.5476914739181935,-3.725919988274317
1.504199999999867,0.0,0.0,0.0,0.0,0.0,0.0,-0.16207697964239703,0.24776225436314825,5.365884166565348,1.5511574111486706,0.5201599191484447,-3.6892264267032027
1.5061999999998668,0.0,0.0,0.0,0.0,0.0,0.0,-0.16100007558372234,0.26570462170586917,5.381434972624668,1.5530531893059358,0.49212727325962446,-3.6526563585187994
1.5081999999998665,0.0,0.0,0.0,0.0,0.0,0.0,-0.15985144188172506,0.28286441071059004,5.39798377180597,1.5544583330555812,0.46360226659288833,-3.6161729646931384
1.5101999999998663,0.0,0.0,0.0,0.0,0.0,0.0,-0.15863304726635832,0.29917244551140515,5.415510014809386,1.5553500885556588,0.4345982700786809,-3.579745316880812
1.512199999999866,0.0,0.0,0.0,0.0,0.0,0.0,-0.15734652330034504,0.3145585491924487,5.433987387271473,1.5557036926202301,0.40512982731992997,-3.5433397786178458
1.5141999999998659,0.0,0.0,0.0,0.0,0.0,0.0,-0.1559932323551587,0.3289520345075568,5.453383521344374,1.5554920589797483,0.3752127241480201,-3.5069197495236417
1.5161999999998657,0.0,0.0,0.0,0.0,0.0,0.0,-0.15457434011876245,0.34228223956906756,5.473659751515341,1.554685425395978,0.34486406895301674,-3.4704453688965504
1.5181999999998654,0.0,0.0,0.0,0.0,0.0,0.0,-0.15309089295052672,0.3544791046030619,5.4947709214645695,1.55325095544452,0.31410238575272104,-3.433873172343839
1.5201999999998652,0.0,0.0,0.0,0.0,0.0,0.0,-0.15154390045302796,0.3654737847592065,5.516665248589241,1.5511522877311223,0.2829477223485122,-3.39715569409438
1.522199999999865,0.0,0.0,0.0,0.0,0.0,0.0,-0.14993442369997126,0.37519929278282116,5.5392842524845864,1.5483490241097417,0.2514217763827439,-3.360241006500937
1.5241999999998648,0.0,0.0,0.0,0.0,0.0,0.0,-0.14826366964236823,0.38359116410929006,5.562562753137961,1.5447961471119767,0.21954804268070122,-3.323072186940956
1.5261999999998646,0.0,0.0,0.0,0.0,0.0,0.0,-0.14653309230469963,0.39058813563040956,5.586428943818078,1.5404433552791876,0.18735198595138103,-3.285586700871835
1.5281999999998643,0.0,0.0,0.0,0.0,0.0,0.0,-0.1447445014636038,0.39613282801285676,5.610804542570209,1.5352343034268021,0.15486124376118737,-3.2477156882077605
1.5301999999998641,0.0,0.0,0.0,0.0,0.0,0.0,-0.1429001795426754,0.4001724200267801,5.635605024773891,1.5291057331097109,0.12210586571280067,-3.209383138508287
1.532199999999864,0.0,0.0,0.0,0.0,0.0,0.0,-0.14100300740234245,0.4026593018807593,5.660739937253847,1.5219864767898288,0.08911859599164813,-3.1705049387997084
1.5341999999998637,0.0,0.0,0.0,0.0,0.0,0.0,-0.13905659945403548,0.4035516930885195,5.68611329176232,1.5137963175992157,0.05593520792100257,-3.13098777636206
1.5361999999998635,0.0,0.0,0.0,0.0,0.0,0.0,-0.13706544791579955,0.40281420898195575,5.711624031975463,1.5044446854325269,0.022594900930068253,-3.0907278778023612
1.5381999999998632,0.0,0.0,0.0,0.0,0.0,0.0,-0.13503507477267507,0.4004183587809175,5.7371665630209625,1.493829169867683,-0.010859227582113731,-3.0496095656839963
1.540199999999863,0.0,0.0,0.0,0.0,0.0,0.0,-0.13297218765775518,0.39634295743049736,5.762631325315198,1.4818338318717479,-0.04437962059683058,-3.0075036156717125
1.5421999999998628,0.0,0.0,0.0,0.0,0.0,0.0,-0.13088483170731388,0.39057443379750334,5.787905384175361,1.4683273006130175,-0.07791359243607267,-2.964265401805931
1.5441999999998626,0.0,0.0,0.0,0.0,0.0,0.0,-0.12878252234659238,0.3831070203566808,5.812872991945628,1.4531606508513697,-0.11140253180042708,-2.9197328270305754
1.5461999999998624,0.0,0.0,0.0,0.0,0.0,0.0,-0.1266763322424417,0.37394281613973784,5.837416058486846,1.436165073184153,-0.14478095342347744,-2.8737240533382837
1.5481999999998621,0.0,0.0,0.0,0.0,0.0,0.0,-0.1245788868753105,0.36309172886382896,5.861414436794091,1.417149378171929,-0.17797537238325503,-2.8260350751458785
1.550199999999862,0.0,0.0,0.0,0.0,0.0,0.0,-0.12250419403833578,0.350571329509853,5.884745891463708,1.3958974223219456,-0.21090297382722747,-2.7764372270000997
1.5521999999998617,0.0,0.0,0.0,0.0,0.0,0.0,-0.12046718911361767,0.3364067023138742,5.907285568736013,1.3721656179410142,-0.24347005215256645,-2.724674791220603
1.5541999999998615,0.0,0.0,0.0,0.0,0.0,0.0,-0.11848281663769915,0.3206304587545923,5.928904733080003,1.345680802000575,-0.2755701997753541,-2.670462984436097
1.5561999999998612,0.0,0.0,0.0,0.0,0.0,0.0,-0.1165643892033985,0.3032832235693087,5.949468494086204,1.316138906538365,-0.30708224005945944,-2.6134867689418693
1.558199999999861,0.0,0.0,0.0,0.0,0.0,0.0,-0.11472087692674166,0.2844151121444436,5.968832260867812,1.2832051115299037,-0.3378679270861814,-2.553401171524662
1.5601999999998608,0.0,0.0,0.0,0.0,0.0,0.0,-0.11295271748632082,0.26408900555944154,5.986836815752431,1.246516484125099,-0.36776948424923894,-2.4898341113268097
1.5621999999998606,0.0,0.0,0.0,0.0,0.0,0.0,-0.1112457761125949,0.2423867459314204,6.003302348683882,1.2056885145623517,-0.396607133774259,-2.4223931367956326
1.5641999999998604,0.0,0.0,0.0,0.0,0.0,0.0,-0.1095633774958651,0.2194195535225807,6.018022765887578,1.1603274109636719,-0.4241768904542321,-2.3506779098543182
1.5661999999998601,0.0,0.0,0.0,0.0,0.0,0.0,-0.10783711365702292,0.19534361247634976,6.030763314895232,1.1100504006410443,-0.4502490617796105,-2.2743006395010616
1.56819999999986,0.0,0.0,0.0,0.0,0.0,0.0,-0.10595866552505623,0.17038017021074578,6.041267042780573,1.0545163690371004,-0.4745681070727083,-2.192916721912989
1.5701999999998597,0.0,0.0,0.0,0.0,0.0,0.0,-0.10377720853125705,0.1448357471743456,6.0492780131056145,0.9934685493695119,-0.49685472613687215,-2.1062671958170474
1.5721999999998595,0.0,0.0,0.0,0.0,0.0,0.0,-0.10110941667154048,0.11911183906587147,6.054589160006211,0.9267891204193448,-0.5168111930321346,-2.0142327499367005
1.5741999999998593,0.0,0.0,0.0,0.0,0.0,0.0,-0.09776957668388571,0.09368682900328332,6.057116016209811,0.8545620044506904,-0.534130887614249,-1.9168954796789897
1.576199999999859,0.0,0.0,0.0,0.0,0.0,0.0,-0.09472312448555746,0.07244020638298922,6.0621081282668525,0.7771315936931439,-0.5485151756951988,-1.8145936608660804
1.5781999999998588,0.0,0.0,0.0,0.0,0.0,0.0,-0.0899240080951407,0.04825340964348587,6.060518885274592,0.6951379798928184,-0.5596982627948578,-1.707949133894098
1.5801999999998586,0.0,0.0,0.0,0.0,0.0,0.0,-0.08440660882479996,0.025278517429606573,6.057057533701195,0.6095594302932894,-0.5674458731429589,-1.5979294241363844
1.5821999999998584,0.0,0.0,0.0,0.0,0.0,0.0,-0.07849540556541819,0.0034023230976828397,6.052421758825946,0.521669233818217,-0.5715881777689832,-1.48579307540047
1.5841999999998582,0.0,0.0,0.0,0.0,0.0,0.0,-0.07263397582482346,-0.017767262433795745,6.047210634875779,0.4329462001275436,-0.5720386657134338,-1.3729987788951878
1.586199999999858,0.0,0.0,0.0,0.0,0.0,0.0,-0.06727147723781902,-0.038740441732229035,6.041733676870357,0.3449445560371131,-0.5688033975627977,-1.261076937799127
1.5881999999998577,0.0,0.0,0.0,0.0,0.0,0.0,-0.06274488316328512,-0.05992648223663771,6.035944955850116,0.2591472657351538,-0.5619804546246835,-1.151485487664522
1.5901999999998575,0.0,0.0,0.0,0.0,0.0,0.0,-0.05920980301590703,-0.08147283761472954,6.0295324833231145,0.17683512186833414,-0.5517497063479981,-1.0454815189858577
1.5921999999998573,0.0,0.0,0.0,0.0,0.0,0.0,-0.05664192649167564,-0.1032368718467896,6.022096955104213,0.09899791007330161,-0.5383551578905764,-0.9440342655054986
1.594199999999857,0.0,0.0,0.0,0.0,0.0,0.0,-0.054891879090331615,-0.12487596003535441,6.013316137212894,0.026299026641093924,-0.5220834800505141,-0.8477904941015763
1.5961999999998568,0.0,0.0,0.0,0.0,0.0,0.0,-0.05375691926391283,-0.14598237736460418,6.003028498184922,-0.04091116061412438,-0.503242504548288,-0.7570876927808442
1.5981999999998566,0.0,0.0,0.0,0.0,0.0,0.0,-0.05303920509935185,-0.1661926907192918,5.991233356545219,-0.10254844047383727,-0.48214263271585434,-0.6720001954929207
1.6001999999998564,0.0,0.0,0.0,0.0,0.0,0.0,-0.0525784832364415,-0.18524174465703583,5.978043647924584,-0.15873230273148878,-0.4590827617450663,-0.5924007115939366
1.6021999999998562,0.0,0.0,0.0,0.0,0.0,0.0,-0.05226193053352818,-0.20296820916306843,5.963629837784214,-0.2097226058507949,-0.43434103918210476,-0.5180228248578602
1.604199999999856,0.0,0.0,0.0,0.0,0.0,0.0,-0.05201994990166963,-0.219293635057124,5.948176955338511,-0.25586443714147145,-0.4081698644688069,-0.4485155132154499
1.6061999999998557,0.0,0.0,0.0,0.0,0.0,0.0,-0.05181618511418021,-0.23419453433801016,5.9318600919073425,-0.29754496894612525,-0.38079414129837963,-0.3834858964312321
1.6081999999998555,0.0,0.0,0.0,0.0,0.0,0.0,-0.05163698868303076,-0.24767841776526708,5.914834695170909,-0.3351624926148966,-0.3524117375043953,-0.3225299865598848
1.6101999999998553,0.0,0.0,0.0,0.0,0.0,0.0,-0.051482721384348985,-0.25976733916159406,5.897235713541052,-0.3691059145035385,-0.3231952665193071,-0.265253100156922
1.612199999999855,0.0,0.0,0.0,0.0,0.0,0.0,-0.05136146041948535,-0.2704884199428323,5.879180721026388,-0.3997423583261591,-0.2932945314627646,-0.21128223842631924
1.6141999999998549,0.0,0.0,0.0,0.0,0.0,0.0,-0.051284846054363516,-0.2798694014089763,5.86077403522459,-0.4274105958046897,-0.262839189666314,-0.16027267765693853
1.6161999999998546,0.0,0.0,0.0,0.0,0.0,0.0,-0.051265537208939525,-0.2879372581550056,5.842110383475428,-0.45241841618182604,-0.23194136817219485,-0.11191063669675239
1.6181999999998544,0.0,0.0,0.0,0.0,0.0,0.0,-0.051315765074781354,-0.29471839668124317,5.823277626778621,-0.4750425037002877,-0.20069808382198454,-0.06591343946590711
1.6201999999998542,0.0,0.0,0.0,0.0,0.0,0.0,-0.05144658636023772,-0.3002394975282489,5.804358532202572,-0.4955298053476725,-0.16919340218353096,-0.02202818376471954
1.622199999999854,0.0,0.0,0.0,0.0,0.0,0.0,-0.05166755785654227,-0.3045284725456236,5.785431773575354,-0.5140996996190059,-0.1375003185552891,0.01997039696603939
1.6241999999998538,0.0,0.0,0.0,0.0,0.0,0.0,-0.05198665106772335,-0.3076152804689881,5.7665723790278545,-0.5309465193563763,-0.10568237166443833,0.06028243248569825
1.6261999999998535,0.0,0.0,0.0,0.0,0.0,0.0,-0.05241029479551782,-0.3095325035151354,5.747851818945412,-0.5462421516180994,-0.07379501423276623,0.09908549762717016
1.6281999999998533,0.0,0.0,0.0,0.0,0.0,0.0,-0.052943479321600866,-0.31031567233995805,5.729337883968569,-0.5601385521401178,-0.04188676981096403,0.13653711384902928
1.630199999999853,0.0,0.0,0.0,0.0,0.0,0.0,-0.053589884605802614,-0.3100033662313442,5.7110944597612345,-0.5727700867698867,-0.010000205796398277,0.17277708185735063
1.6321999999998529,0.0,0.0,0.0,0.0,0.0,0.0,-0.05435201231761386,-0.3086371299553391,5.693181270237077,-0.5842556595569214,0.02182724938131116,0.20792960407329422
1.6341999999998527,0.0,0.0,0.0,0.0,0.0,0.0,-0.055231311670125995,-0.30626125052864717,5.675653634795679,-0.594700616031059,0.05356261994222764,0.24210518470848538
1.6361999999998524,0.0,0.0,0.0,0.0,0.0,0.0,-0.05622829472993178,-0.30292243332120855,5.658562266628762,-0.6041984269723062,0.08517680567747281,0.2754023121321395
1.6381999999998522,0.0,0.0,0.0,0.0,0.0,0.0,-0.05734263993405467,-0.2986694109858102,5.641953126539272,-0.6128321670345329,0.11664409572390114,0.30790893740893194
1.640199999999852,0.0,0.0,0.0,0.0,0.0,0.0,-0.05857328407267538,-0.2935525125693428,5.625867338340135,-0.6206758068375163,0.14794175775586715,0.33970376725487716
1.6421999999998518,0.0,0.0,0.0,0.0,0.0,0.0,-0.05991850366930692,-0.28762321456169926,5.610341166476128,-0.6277953384908808,0.17904968974093802,0.3708573911016622
1.6441999999998516,0.0,0.0,0.0,0.0,0.0,0.0,-0.06137598690518255,-0.28093369084192465,5.595406053098179,-0.6342497541825253,0.20995012361422202,0.40143326170315086
1.6461999999998513,0.0,0.0,0.0,0.0,0.0,0.0,-0.06294289722094255,-0.27353637450104923,5.581088709754159,-0.6400918962252038,0.24062737208354015,0.4314885475362605
1.6481999999998511,0.0,0.0,0.0,0.0,0.0,0.0,-0.06461592961367421,-0.26548354127096613,5.567411257694163,-0.6453691952849822,0.27106761132428014,0.46107487362228655
1.650199999999851,0.0,0.0,0.0,0.0,0.0,0.0,-0.0663913604998898,-0.25682692165402915,5.554391410219906,-0.650124311700899,0.3012586936016397,0.4902389656134993
1.6521999999998507,0.0,0.0,0.0,0.0,0.0,0.0,-0.06826509186955086,-0.2476173467173768,5.542042690336849,-0.654395693011662,0.3311899849107548,0.5190232102213029
1.6541999999998505,0.0,0.0,0.0,0.0,0.0,0.0,-0.07023269032848199,-0.23790443079321122,5.530374677060679,-0.6582180591220556,0.36085222358954233,0.5474661433978283
1.6561999999998502,0.0,0.0,0.0,0.0,0.0,0.0,-0.07228942152185787,-0.22773629293364642,5.519393273997877,-0.6616228250115739,0.3902373965676882,0.5756028761667925
1.65819999999985,0.0,0.0,0.0,0.0,0.0,0.0,-0.07443028034968868,-0.217159317844487,5.509100994202854,-0.6646384695253619,0.41933863049581277,0.6034654666477253
1.6601999999998498,0.0,0.0,0.0,0.0,0.0,0.0,-0.07665001732417533,-0.20621795611877566,5.499497255769787,-0.6672908575914215,0.4481500954746413,0.6310832456297645
1.6621999999998496,0.0,0.0,0.0,0.0,0.0,0.0,-0.07894316137484504,-0.1949545628706097,5.490578683116362,-0.6696035221680898,0.4766669194941408,0.6584831020177294
1.6641999999998494,0.0,0.0,0.0,0.0,0.0,0.0,-0.08130403937715758,-0.18340927330334147,5.482339409437598,-0.6715979113277091,0.5048851120127903,0.6856897335803247
1.6661999999998491,0.0,0.0,0.0,0.0,0.0,0.0,-0.08372679266048692,-0.17161991331017157,5.4747713763347745,-0.6732936051104228,0.5328014953702579,0.7127258676627576
1.668199999999849,0.0,0.0,0.0,0.0,0.0,0.0,-0.08620539073933221,-0.15962194288011586,5.467864627145067,-0.6747085061204853,0.5604136429432518,0.7396124558684095
1.6701999999998487,0.0,0.0,0.0,0.0,0.0,0.0,-0.08778498032941258,-0.15131710797542547,5.457315104973454,-0.675862193938656,0.5877180882428122,0.7663651945265147
1.6721999999998485,0.0,0.0,0.0,0.0,0.0,0.0,-0.09030339637615557,-0.13834166348721558,5.451605073623918,-0.6767847702676357,0.6147058485834253,0.7929843655203994
1.6741999999998483,0.0,0.0,0.0,0.0,0.0,0.0,-0.09285279949506929,-0.12524795966519547,5.446572416481794,-0.6774937652418397,0.641375250107187,0.8194815174635851
1.676199999999848,0.0,0.0,0.0,0.0,0.0,0.0,-0.09542519418236475,-0.11206561598447592,5.4422022439900415,-0.6780032590833193,0.6677266088117879,0.8458696319516267
1.6781999999998478,0.0,0.0,0.0,0.0,0.0,0.0,-0.09801249611617271,-0.09882199949921722,5.438478899723398,-0.6783264209253543,0.6937608321266482,0.8721604510749903
1.6801999999998476,0.0,0.0,0.0,0.0,0.0,0.0,-0.10060654062720623,-0.08554231357209882,5.435386168667667,-0.6784756029811396,0.7194793845782647,0.8983645670977449
1.6821999999998474,0.0,0.0,0.0,0.0,0.0,0.0,-0.1031990897769778,-0.07224970005827885,5.432907466451395,-0.6784624244325594,0.7448842561584619,0.9244915022714352
1.6841999999998472,0.0,0.0,0.0,0.0,0.0,0.0,-0.10578183831027976,-0.05896535249193051,5.431026009435114,-0.6782978462364643,0.7699779330878692,0.9505497800118168
1.686199999999847,0.0,0.0,0.0,0.0,0.0,0.0,-0.1083464187411801,-0.04570863797498514,5.429724965800057,-0.6779922378870632,0.7947633707069666,0.9765469885068335
1.6881999999998467,0.0,0.0,0.0,0.0,0.0,0.0,-0.11088440582319772,-0.03249722563137004,5.428987587981021,-0.6775554370370647,0.8192439682606381,1.0024898376869547
1.6901999999998465,0.0,0.0,0.0,0.0,0.0,0.0,-0.11338732064466177,-0.019347219660833602,5.428797326958333,-0.6769968027637113,0.8434235453705003,1.0283842103704897
1.6921999999998463,0.0,0.0,0.0,0.0,0.0,0.0,-0.11584663457959964,-0.0062732952002878435,5.429137929064209,-0.6763252631660516,0.8673063200132365,1.0542352082938633
1.694199999999846,0.0,0.0,0.0,0.0,0.0,0.0,-0.1182537733129587,0.006711164626140688,5.429993516071164,-0.6755493578942646,0.8908968878435619,1.0800471936476983
1.6961999999998458,0.0,0.0,0.0,0.0,0.0,0.0,-0.12060012114664699,0.019593931917309144,5.431348649417342,-0.6746772761385992,0.9142002027178953,1.1058238266618454
1.6981999999998456,0.0,0.0,0.0,0.0,0.0,0.0,-0.12287702577991061,0.03236379875042027,5.43318837948816,-0.6737168905427946,0.9372215582898457,1.1315680997145015
1.7001999999998454,0.0,0.0,0.0,0.0,0.0,0.0,-0.1250758037440431,0.04501044461004737,5.435498280918116,-0.672675787453267,0.9599665705616981,1.1572823683807851
1.7021999999998452,0.0,0.0,0.0,0.0,0.0,0.0,-0.12718774665744886,0.05752430747185144,5.438264474903607,-0.6715612938696465,0.9824411612875411,1.1829683797833153
1.704199999999845,0.0,0.0,0.0,0.0,0.0,0.0,-0.1292041284527226,0.06989645938455348,5.44147363952952,-0.6703805014234095,1.0046515421338411,1.2086272985604378
1.7061999999998447,0.0,0.0,0.0,0.0,0.0,0.0,-0.1311162137127545,0.08211848726673471,5.445113009111634,-0.6691402876784713,1.0266041995123816,1.2342597307257877
1.7081999999998445,0.0,0.0,0.0,0.0,0.0,0.0,-0.13291526723789304,0.09418237951893366,5.4491703635456314,-0.6678473350199683,1.0483058800087393,1.2598657456551003
1.7101999999998443,0.0,0.0,0.0,0.0,0.0,0.0,-0.1345925649510206,0.10608041894621091,5.453634008633773,-0.666508147374434,1.0697635763370656,1.2854448964019227
1.712199999999844,0.0,0.0,0.0,0.0,0.0,0.0,-0.13613940623191384,0.11780508239173354,5.458492748333961,-0.6651290649856351,1.0909845137589784,1.3109962385124587
1.7141999999998438,0.0,0.0,0.0,0.0,0.0,0.0,-0.13754712775656108,0.1293489473975728,5.463735849844573,-0.6637162774550753,1.1119761369109908,1.3365183474807703
1.7161999999998436,0.0,0.0,0.0,0.0,0.0,0.0,-0.1388071189011003,0.14070460613424882,5.469353002403625,-0.6622758352442365,1.1327460969911773,1.3620093349583773
1.7181999999998434,0.0,0.0,0.0,0.0,0.0,0.0,-0.13991083875369598,0.15186458677504358,5.475334270643773,-0.6608136598267491,1.1533022392617815,1.3874668638065724
1.7201999999998432,0.0,0.0,0.0,0.0,0.0,0.0,-0.14084983476101567,0.16282128243384383,5.481670043306572,-0.6593355526726924,1.17365259083025,1.412888162055036
1.722199999999843,0.0,0.0,0.0,0.0,0.0,0.0,-0.1416157630188455,0.17356688773561782,5.488350978081052,-0.6578472032439879,1.1938053486767863,1.438270035806196
1.7241999999998427,0.0,0.0,0.0,0.0,0.0,0.0,0.16986480512165464,0.8357170118114816,6.691028326828253,-0.6567639541657819,1.2130340967328739,1.4627622873912043
1.7261999999998425,0.0,0.0,0.0,0.0,0.0,0.0,0.1529901452197717,0.7053871615039209,6.638051954428025,-0.6574115468668462,1.2290192228132566,1.4836576714789356
1.7281999999998423,0.0,0.0,0.0,0.0,0.0,0.0,0.1364097177332444,0.5947484500296641,6.567997232202143,-0.6596929610348056,1.2420103447818949,1.5012025582198814
1.730199999999842,0.0,0.0,0.0,0.0,0.0,0.0,0.12083149949680691,0.5026231835082257,6.489993202651514,-0.6634024122637032,1.2524193557228254,1.5158493793737988
1.7321999999998419,0.0,0.0,0.0,0.0,0.0,0.0,0.10636988004607102,0.4262893053092851,6.40897032648034,-0.6683517369349193,1.260605545530817,1.527999728711934
1.7341999999998416,0.0,0.0,0.0,0.0,0.0,0.0,0.09316211667503863,0.36330062762587456,6.328758029230952,-0.6743712904672878,1.2668833321550101,1.5380069027669032
1.7361999999998414,0.0,0.0,0.0,0.0,0.0,0.0,0.0812549433522628,0.31137105301287316,6.251850294351847,-0.6813099594223629,1.271528068236388,1.5461792836727746
1.7381999999998412,0.0,0.0,0.0,0.0,0.0,0.0,0.06245065173313282,0.263738314498642,6.183207794535187,-0.6890268063464225,1.2747809877943428,1.5527996350770006
1.740199999999841,0.0,0.0,0.0,0.0,0.0,0.0,0.047489220800596976,0.22540126563373583,6.118796343275308,-0.697378303829196,1.2768534888710723,1.5581524071309079
1.7421999999998408,0.0,0.0,0.0,0.0,0.0,0.0,0.03572236001779734,0.1944746304342901,6.059480478273992,-0.7062418914075349,1.2779302991765698,1.5624781274152757
1.7441999999998405,0.0,0.0,0.0,0.0,0.0,0.0,0.02649812819036419,0.16937579423999705,6.005649781204013,-0.7155171633279304,1.2781726291885027,1.5659722531558455
1.7461999999998403,0.0,0.0,0.0,0.0,0.0,0.0,0.019301743694317135,0.14886489911082693,5.957342988938024,-0.7251220797922555,1.2777209875351685,1.5687935031227058
1.74819999999984,0.0,0.0,0.0,0.0,0.0,0.0,0.013722154376194676,0.13197689233157475,5.914385344793551,-0.7349897711002582,1.2766976331189066,1.571070674090252
1.7501999999998399,0.0,0.0,0.0,0.0,0.0,0.0,0.009428562060293886,0.1179637110287007,5.8764781380427396,-0.7450658590486652,1.2752087247367032,1.5729082097533509
1.7521999999998397,0.0,0.0,0.0,0.0,0.0,0.0,0.006153510350160907,0.10624676280180208,5.843256795136233,-0.7553062233853012,1.273346214583596,1.5743907456476633
1.7541999999998394,0.0,0.0,0.0,0.0,0.0,0.0,0.003680357524472425,0.09637873811933852,5.814328269361411,-0.7656751473040286,1.271189521938318,1.575586815331682
1.7561999999998392,0.0,0.0,0.0,0.0,0.0,0.0,0.0018337339663908382,0.08801339664044161,5.789294789808386,-0.7761437832093273,1.2688070161234788,1.5765518706245791
1.758199999999839,0.0,0.0,0.0,0.0,0.0,0.0,0.00047207958630872307,0.08088193324271874,5.7677686163242985,-0.7866888873691987,1.2662573325744186,1.577330741495581
1.7601999999998388,0.0,0.0,0.0,0.0,0.0,0.0,-0.0005183275175406846,0.0747746522345615,5.749380865784395,-0.797291779130002,1.2635905419255273,1.5779596385950168
1.7621999999998386,0.0,0.0,0.0,0.0,0.0,0.0,-0.001228238944063068,0.06952685804704314,5.733786437726738,-0.807937486844634,1.2608491890206135,1.5784677827326383
1.7641999999998383,0.0,0.0,0.0,0.0,0.0,0.0,-0.0017294602258122534,0.0650080576502374,5.720666385368518,-0.8186140484620356,1.2580692164009646,1.5788787302255782
1.7661999999998381,0.0,0.0,0.0,0.0,0.0,0.0,-0.0020782096027971903,0.06111374158341521,5.709728628170934,-0.8293119398178955,1.2552807849366776,1.5792114504086396
1.768199999999838,0.0,0.0,0.0,0.0,0.0,0.0,-0.002317937297587145,0.05775915857494262,5.70070760430396,-0.8400236080768281,1.2525090027184602,1.5794812012518527
1.7701999999998377,0.0,0.0,0.0,0.0,0.0,0.0,-0.0024816976312249275,0.05487462197700536,5.693363263370977,-0.8507430915543124,1.249774572032524,1.579700240564782
1.7721999999998375,0.0,0.0,0.0,0.0,0.0,0.0,-0.002594144414565429,0.05240198652781176,5.687479667522395,-0.8614657103540339,1.2470943631406823,1.5798784033491784
1.7741999999998372,0.0,0.0,0.0,0.0,0.0,0.0,-0.0026732054931375747,0.05029201434014476,5.6828633803446875,-0.8721878149591447,1.2444819226392903,1.5800235702128906
1.776199999999837,0.0,0.0,0.0,0.0,0.0,0.0,-0.0027314823491575288,0.04850241277517169,5.679341763054628,-0.8829065821798245,1.2419479233440083,1.5801420471483931
1.7781999999998368,0.0,0.0,0.0,0.0,0.0,0.0,-0.0027774135340024836,0.046996377042537,5.676761256954471,-0.8936198497459799,1.2395005619205421,1.58023887321928
1.7801999999998366,0.0,0.0,0.0,0.0,0.0,0.0,-0.002816235338302486,0.04574150962455224,5.67498570347293,-0.9043259823992003,1.237145909837983,1.5803180696319963
1.7821999999998364,0.0,0.0,0.0,0.0,0.0,0.0,-0.0028507688436607494,0.044709019176550555,5.673894734227772,-0.9150237636322328,1.2348882226486608,1.5803828411704122
1.7841999999998361,0.0,0.0,0.0,0.0,0.0,0.0,-0.0028820589430124132,0.04387312522759453,5.673382250600083,-0.9257123082909894,1.2327302120866555,1.580435738933245
1.786199999999836,0.0,0.0,0.0,0.0,0.0,0.0,-0.0029098878333848276,0.043210613264787846,5.673355003434464,-0.9363909921312402,1.2306732850185078,1.5804787916535599
1.7881999999998357,0.0,0.0,0.0,0.0,0.0,0.0,-0.0029331827432871366,0.04270049880462259,5.673731277410889,-0.9470593951418596,1.2287177528678108,1.580513611526071
1.7901999999998355,0.0,0.0,0.0,0.0,0.0,0.0,-0.0029503351845437016,0.042323769768177595,5.674439680515808,-0.9577172560360151,1.2268630147649038,1.5805414793648997
1.7921999999998353,0.0,0.0,0.0,0.0,0.0,0.0,-0.0029594467763300945,0.04206318462017665,5.675418036286489,-0.9683644357938836,1.2251077173393912,1.5805634130155681
1.794199999999835,0.0,0.0,0.0,0.0,0.0,0.0,-0.0029585146566933757,0.041903109884509494,5.676612374708411,-0.979000888534404,1.2234498937727019,1.5805802222125607
1.7961999999998348,0.0,0.0,0.0,0.0,0.0,0.0,-0.002945567661806086,0.041829385265953825,5.67797601652929,-0.9896266383150918,1.22188708445711,1.5805925524769848
1.7981999999998346,0.0,0.0,0.0,0.0,0.0,0.0,-0.002918762806715688,0.04182920804539434,5.67946874511631,-1.0002417607211267,1.220416441363524,1.5806009201626627
1.8001999999998344,0.0,0.0,0.0,0.0,0.0,0.0,-0.002876450134983058,0.041891030951702685,5.681056059684365,-1.0108463683185933,1.2190348180003243,1.5806057403629434
1.8021999999998342,0.0,0.0,0.0,0.0,0.0,0.0,-0.0028172127090763804,0.04200446956377299,5.6827085036616785,-1.0214405992207856,1.2177388466472472,1.5806073490679502
1.804199999999834,0.0,0.0,0.0,0.0,0.0,0.0,-0.002739887378231244,0.04216021662858667,5.6844010620617444,-1.0320246081581546,1.2165250043696632,1.580606020699353
1.8061999999998337,0.0,0.0,0.0,0.0,0.0,0.0,-0.0026435709740771527,0.042349961625115576,5.686112621944204,-1.0425985595577696,1.2153896691577304,1.580601981935954
1.8081999999998335,0.0,0.0,0.0,0.0,0.0,0.0,-0.0025276157342752252,0.04256631455900256,5.687825490333145,-1.0531626222319332,1.214329167390057,1.5805954225694008
1.8101999999998333,0.0,0.0,0.0,0.0,0.0,0.0,-0.0023916170278498513,0.042802733415526414,5.689524964291117,-1.0637169653518397,1.2133398136912268,1.5805865039878435
1.812199999999833,0.0,0.0,0.0,0.0,0.0,0.0,-0.0022353958400269007,0.043053454986471895,5.691198948200319,-1.074261755444149,1.2124179441353677,1.5805753657703034
1.8141999999998328,0.0,0.0,0.0,0.0,0.0,0.0,-0.002058977956620613,0.043313428964052554,5.692837613663976,-1.0847971541987038,1.2115599436426592,1.58056213078105
1.8161999999998326,0.0,0.0,0.0,0.0,0.0,0.0,-0.0018625713564065275,0.043578255294981855,5.694433097800236,-1.0953233169165175,1.2107622683211314,1.5805469090773805
1.8181999999998324,0.0,0.0,0.0,0.0,0.0,0.0,-0.0016465429632495446,0.043844124834623514,5.69597923605067,-1.1058403914603663,1.2100214634212585,1.5805298008826336
1.8201999999998322,0.0,0.0,0.0,0.0,0.0,0.0,-0.0014113956177005003,0.04410776335295831,5.697471325960396,-1.1163485175972672,1.2093341774947788,1.5805108988263377
1.822199999999832,0.0,0.0,0.0,0.0,0.0,0.0,-0.000956590852592205,0.04437909511331962,5.698841938178264,-1.126847853627307,1.2086971728710494,1.5804902345397445
1.8241999999998317,0.0,0.0,0.0,0.0,0.0,0.0,-0.00012314989807396515,0.04464913617871128,5.700036945372138,-1.1373393568656391,1.2081073223755772,1.580466186250975
1.8261999999998315,0.0,0.0,0.0,0.0,0.0,0.0,0.0006999052782070219,0.04488454565284766,5.701177910364201,-1.1478248503089639,1.2075616162000307,1.5804353419204613
1.8281999999998313,0.0,0.0,0.0,0.0,0.0,0.0,0.001512022069138113,0.04508538391729497,5.702264025344323,-1.158306107788783,1.2070571800163479,1.5803943669587026
1.830199999999831,0.0,0.0,0.0,0.0,0.0,0.0,0.002312796821603687,0.04525194169314331,5.703295023524591,-1.1687848060072996,1.206591277042,1.5803401035224132
1.8321999999998309,0.0,0.0,0.0,0.0,0.0,0.0,0.003101955849762907,0.0453846960346359,5.704271088190274,-1.1792625291777767,1.2061613078945335,1.5802695623837597
1.8341999999998306,0.0,0.0,0.0,0.0,0.0,0.0,0.0038793380130487947,0.04548427185721691,5.705192773659872,-1.1897407738963979,1.205764809298639,1.5801799142445667
1.8361999999998304,0.0,0.0,0.0,0.0,0.0,0.0,0.004644878799117873,0.04555140848373627,5.706060936679045,-1.2002209541631235,1.2053994518526925,1.5800684806670091
1.8381999999998302,0.0,0.0,0.0,0.0,0.0,0.0,0.005398595841800599,0.04558693071912506,5.706876676959241,-1.2107044064821841,1.205063037034405,1.5799327247657018
1.84019999999983,0.0,0.0,0.0,0.0,0.0,0.0,0.006140575796936162,0.04559172399315517,5.70764128573329,-1.221192394984337,1.2047534936010127,1.5797702417827941
1.8421999999998298,0.0,0.0,0.0,0.0,0.0,0.0,0.006870962494383036,0.04556671314180918,5.708356201340494,-1.2316861165230006,1.2044688735180435,1.5795787496472764
1.8441999999998295,0.0,0.0,0.0,0.0,0.0,0.0,0.007589946282011787,0.04551284442938452,5.7090229709755365,-1.2421867057050373,1.204207347531816,1.579356079601961
1.8461999999998293,0.0,0.0,0.0,0.0,0.0,0.0,0.008297754476739494,0.04543107044503647,5.709643217841419,-1.2526952398244593,1.2039672004841726,1.5791001669661713
1.848199999999829,0.0,0.0,0.0,0.0,0.0,0.0,0.008994642838335173,0.04532233753847628,5.710218613038813,-1.2632127436737777,1.2037468264533207,1.5788090420888428
1.8501999999998289,0.0,0.0,0.0,0.0,0.0,0.0,0.009680887983474685,0.04518757548953328,5.710750851604462,-1.2737401942132691,1.2035447237917927,1.5784808215352504
1.8521999999998287,0.0,0.0,0.0,0.0,0.0,0.0,0.010356780660158894,0.04502768913498968,5.7112416321813955,-1.2842785250831548,1.2033594901212772,1.5781136995407274
1.8541999999998284,0.0,0.0,0.0,0.0,0.0,0.0,0.011022619805872805,0.04484355170328151,5.711692639864998,-1.2948286309477302,1.2031898173342326,1.5777059397563369
1.8561999999998282,0.0,0.0,0.0,0.0,0.0,0.0,0.011678707316587574,0.04463599963316427,5.712105531822626,-1.305391371663866,1.2030344866435985,1.5772558673043215
1.858199999999828,0.0,0.0,0.0,0.0,0.0,0.0,0.01232534345776154,0.04440582867626194,5.71248192533168,-1.3159675762691776,1.2028923637144608,1.5767618611551513
1.8601999999998278,0.0,0.0,0.0,0.0,0.0,0.0,0.012962822852711537,0.044153791105429045,5.712823387922411,-1.3265580467875149,1.2027623939050298,1.576222346832956
1.8621999999998275,0.0,0.0,0.0,0.0,0.0,0.0,0.013591430988063015,0.04388059387118496,5.71313142934839,-1.337163561851413,1.202643597638702,1.5756357894519637
1.8641999999998273,0.0,0.0,0.0,0.0,0.0,0.0,0.014211441180301843,0.04358689756705874,5.713407495139801,-1.3477848801427101,1.2025350659241292,1.5750006870831403
1.866199999999827,0.0,0.0,0.0,0.0,0.0,0.0,0.014823111951721372,0.043273316081660095,5.713652961523312,-1.3584227436538387,1.2024359560360718,1.5743155644474585
1.8681999999998269,0.0,0.0,0.0,0.0,0.0,0.0,0.015426684768242702,0.04294041683070595,5.713869131517679,-1.3690778807733,1.2023454873662769,1.5735789669300246
1.8701999999998267,0.0,0.0,0.0,0.0,0.0,0.0,0.016022382095571573,0.042588721476149526,5.714057232036636,-1.3797510091995904,1.2022629374505664,1.5727894549075747
1.8721999999998264,0.0,0.0,0.0,0.0,0.0,0.0,0.016610405734072305,0.04221870705215971,5.714218411850826,-1.3904428386884267,1.202187638175807,1.5719455983805601
1.8741999999998262,0.0,0.0,0.0,0.0,0.0,0.0,0.017190935396359058,0.041830807428956916,5.714353740278241,-1.4011540736384909,1.2021189721682433,1.5710459719001213
1.876199999999826,0.0,0.0,0.0,0.0,0.0,0.0,0.01776412749514211,0.04142541505564732,5.714464206488665,-1.4118854155211669,1.202056369362903,1.5700891497796186
1.8781999999998258,0.0,0.0,0.0,0.0,0.0,0.0,0.01833011411211672,0.04100288293220249,5.7145507193218075,-1.4226375651598402,1.2019993037522791,1.569073701580057
1.8801999999998256,0.0,0.0,0.0,0.0,0.0,0.0,0.018889002121826256,0.040563526768799124,5.714614107531647,-1.433411224864337,1.2019472903112949,1.5679981878585945
1.8821999999998253,0.0,0.0,0.0,0.0,0.0,0.0,0.019440872447305513,0.040107627297840474,5.7146551203808,-1.4442071004259782,1.2018998820945481,1.566861156169411
1.8841999999998251,0.0,0.0,0.0,0.0,0.0,0.0,0.019985779427075134,0.03963543271031823,5.71467442851911,-1.4550259029785653,1.2018566675010731,1.5656611373064278
1.886199999999825,0.0,0.0,0.0,0.0,0.0,0.0,0.020523750275623465,0.03914716119375356,5.714672625089787,-1.465868350730357,1.2018172677012375,1.564396641777737
1.8881999999998247,0.0,0.0,0.0,0.0,0.0,0.0,0.0210547846219065,0.038643003553842384,5.714650227014718,-1.4767351705718266,1.2017813342199275,1.5630661565020825
1.8901999999998245,0.0,0.0,0.0,0.0,0.0,0.0,0.021578854112717406,0.038123125906273835,5.714607676418085,-1.4876270995636252,1.201748546669868,1.5616681417182856
1.8921999999998242,0.0,0.0,0.0,0.0,0.0,0.0,0.022095902069875828,0.037587672428912554,5.714545342154095,-1.4985448863088204,1.2017186106286728,1.5602010280991845
1.894199999999824,0.0,0.0,0.0,0.0,0.0,0.0,0.022605843192275807,0.03703676816784029,5.714463521410796,-1.5094892922130618,1.2016912556531145,1.5586632140623307
1.8961999999998238,0.0,0.0,0.0,0.0,0.0,0.0,0.023108563295749743,0.036470521893562674,5.714362441367427,-1.5204610926358972,1.2016662334240455,1.5570530632704838
1.8981999999998236,0.0,0.0,0.0,0.0,0.0,0.0,0.02360391908558924,0.035889029006127324,5.714242260887826,-1.531461077936007,1.2016433160154134,1.5553689023157118
1.9001999999998234,0.0,0.0,0.0,0.0,0.0,0.0,0.024091737958368376,0.03529237448995275,5.714103072236949,-1.5424900544126652,1.2016222942808872,1.5536090185817588
1.9021999999998231,0.0,0.0,0.0,0.0,0.0,0.0,0.024571817831464858,0.034680635920900364,5.7139449028117975,-1.5535488451452502,1.2016029763517178,1.5517716582801881
1.904199999999823,0.0,0.0,0.0,0.0,0.0,0.0,0.02504392700042052,0.03405388652954712,5.7137677168818835,-1.5646382907321492,1.2015851862396196,1.5498550246566696
1.9061999999998227,0.0,0.0,0.0,0.0,0.0,0.0,0.025507804025953467,0.03341219832572734,5.71357141733788,-1.5757592499299127,1.2015687625386149,1.547857276364677
1.9081999999998225,0.0,0.0,0.0,0.0,0.0,0.0,0.025963604742288017,0.03275581299984006,5.713356829665777,-1.5869126002037632,1.201553557195169,1.545776525983015
1.9101999999998223,0.0,0.0,0.0,0.0,0.0,0.0,0.026414559306643444,0.03208602066008555,5.7131314434606395,-1.598099241345823,1.2015394270081865,1.5436108322865008
1.912199999999822,0.0,0.0,0.0,0.0,0.0,0.0,0.026854813975423282,0.031400810051794466,5.712882884491329,-1.609320098272626,1.2015262266294042,1.5413581940588217
1.9141999999998218,0.0,0.0,0.0,0.0,0.0,0.0,0.02728427323868469,0.030700469023855474,5.712611531124246,-1.6205761130630176,1.201513826428314,1.539016565660476
1.9161999999998216,0.0,0.0,0.0,0.0,0.0,0.0,0.02770276699617587,0.029985264163218273,5.712317589260939,-1.6318682446136363,1.2015021128353338,1.5365838572457664
1.9181999999998214,0.0,0.0,0.0,0.0,0.0,0.0,0.028110057198567292,0.029255450766829203,5.712001113009946,-1.6431974693313964,1.201490986106189,1.5340579328380404
1.9201999999998212,0.0,0.0,0.0,0.0,0.0,0.0,0.028505843708460783,0.02851128190891082,5.711662022672653,-1.6545647816033122,1.2014803583954132,1.5314366088026365
1.922199999999821,0.0,0.0,0.0,0.0,0.0,0.0,0.02888976951140431,0.027753016761279406,5.711300120459044,-1.6659711940590223,1.2014701520960442,1.528717652686145
1.9241999999998207,0.0,0.0,0.0,0.0,0.0,0.0,0.029261425394279013,0.026980928300585027,5.710915104294977,-1.6774177376382593,1.2014602984085876,1.525898782396605
1.9261999999998205,0.0,0.0,0.0,0.0,0.0,0.0,0.02962035419744306,0.026195310515492513,5.710506580036189,-1.6889054614728245,1.2014507361074875,1.522977665704478
1.9281999999998203,0.0,0.0,0.0,0.0,0.0,0.0,0.029966054737614878,0.0253964852083652,5.710074072364278,-1.7004354325902964,1.201441410477791,1.5199519200487364
1.93019999999982,0.0,0.0,0.0,0.0,0.0,0.0,0.03029798549048315,0.02458480846963605,5.709617034605518,-1.7120087354447189,1.201432272398521,1.5168191126362955
1.9321999999998198,0.0,0.0,0.0,0.0,0.0,0.0,0.030615568115203377,0.023760676888339567,5.709134857683773,-1.7236264712778078,1.2014232775525593,1.5135767608263286
1.9341999999998196,0.0,0.0,0.0,0.0,0.0,0.0,0.030918190897146404,0.022924533548959444,5.708626878393121,-1.735289757312789,1.2014143857456991,1.5102223327938586
1.9361999999998194,0.0,0.0,0.0,0.0,0.0,0.0,0.031205212180242758,0.022076873852543775,5.7080923871535285,-1.7469997257817702,1.2014055603199407,1.5067532484694128
1.9381999999998192,0.0,0.0,0.0,0.0,0.0,0.0,0.03147596385595423,0.02121825118875646,5.707530635393456,-1.75875752278658,1.2013967676482369,1.5031668807535135
1.940199999999819,0.0,0.0,0.0,0.0,0.0,0.0,0.03172975497204942,0.020349282474933495,5.7069408426860875,-1.7705643069922297,1.2013879766996862,1.499460557006413
1.9421999999998187,0.0,0.0,0.0,0.0,0.0,0.0,0.03196587552086709,0.019470653568191464,5.706322203750557,-1.782421248151577,1.2013791586657445,1.4956315608147568
1.9441999999998185,0.0,0.0,0.0,0.0,0.0,0.0,0.03218360046343549,0.01858312454704646,5.705673895415725,-1.794329525459377,1.201370286639358,1.4916771340378083
1.9461999999998183,0.0,0.0,0.0,0.0,0.0,0.0,0.03238219404257818,0.017687534849743027,5.704995083631329,-1.8062903257336853,1.201361335340092,1.4875944791365183
1.948199999999818,0.0,0.0,0.0,0.0,0.0,0.0,0.03256159458520996,0.01678482967691749,5.7042860798075745,-1.8183048414520613,1.2013522808230912,1.4833807617287917
1.9501999999998179,0.0,0.0,0.0,0.0,0.0,0.0,0.03272367556571738,0.01587598749261712,5.703550396790599,-1.8303742718163822,1.2013430940946108,1.4790331068728997
1.9521999999998176,0.0,0.0,0.0,0.0,0.0,0.0,0.03286397993247206,0.014961929980697035,5.702780890302348,-1.8424998227251925,1.201333736370947,1.4745485974178758
1.9541999999998174,0.0,0.0,0.0,0.0,0.0,0.0,0.03298180942204579,0.014043885275326311,5.701976824921033,-1.8546826982112128,1.2013241703376594,1.4699242897561107
1.9561999999998172,0.0,0.0,0.0,0.0,0.0,0.0,0.03307648045680141,0.013123181228123287,5.7011374870222635,-1.8669240971064305,1.2013143612317692,1.4651572189039288
1.958199999999817,0.0,0.0,0.0,0.0,0.0,0.0,0.03314733105458279,0.012201249132016324,5.700262193327172,-1.8792252102429294,1.2013042765857436,1.4602444024234194
1.9601999999998168,0.0,0.0,0.0,0.0,0.0,0.0,0.0331937283151075,0.011279626979561327,5.699350299833528,-1.891587217467643,1.2012938860033568,1.4551828446582635
1.9621999999998165,0.0,0.0,0.0,0.0,0.0,0.0,0.03321507649030124,0.010359962176259481,5.698401211112169,-1.9040112844738617,1.2012831609651677,1.4499695412809852
1.9641999999998163,0.0,0.0,0.0,0.0,0.0,0.0,0.0332108256378258,0.00944401362450649,5.69741438994121,-1.9164985594537418,1.201272074661538,1.4446014841470094
1.966199999999816,0.0,0.0,0.0,0.0,0.0,0.0,0.03318048084789156,0.0085336530897433,5.696389367239892,-1.9290501695776128,1.2012606018512892,1.4390756664485997
1.9681999999998159,0.0,0.0,0.0,0.0,0.0,0.0,0.03312361202297744,0.007630865757432438,5.695325752252682,-1.941667217307628,1.2012487187442422,1.4333890881592182
1.9701999999998157,0.0,0.0,0.0,0.0,0.0,0.0,0.03303986417843161,0.006737749887907106,5.694223242922524,-1.9543507765551573,1.2012364029060125,1.42753876175605
1.9721999999998154,0.0,0.0,0.0,0.0,0.0,0.0,0.032928968219071715,0.0058565154761422164,5.693081636380044,-1.9671018886933433,1.2012236331835382,1.4215217182054556
1.9741999999998152,0.0,0.0,0.0,0.0,0.0,0.0,0.03279075213305671,0.0049894818253911535,5.691900839463516,-1.9799215584383618,1.2012103896499122,1.41533501319291
1.976199999999815,0.0,0.0,0.0,0.0,0.0,0.0,0.032625152529496174,0.004139073947600354,5.69068087917241,-1.9928107496151546,1.2011966535671526,1.40897573357566
1.9781999999998148,0.0,0.0,0.0,0.0,0.0,0.0,0.032432226430851134,0.003307817709809389,5.68942191294604,-2.0057703808257115,1.2011824073655968,1.4024410040328472
1.9801999999998146,0.0,0.0,0.0,0.0,0.0,0.0,0.03221216321535907,0.002498333654559363,5.68812423864837,-2.018801321040309,1.2011676346386475,1.3957279938843279
1.9821999999998143,0.0,0.0,0.0,0.0,0.0,0.0,0.031965296588787745,0.0017133294337751998,5.686788304130769,-2.031904385134479,1.2011523201516021,1.3888339240458454
1.9841999999998141,0.0,0.0,0.0,0.0,0.0,0.0,0.031692116449319976,0.0009555908097775567,5.685414716237044,-2.0450803293967925,1.201136449863312,1.3817560740847172
1.986199999999814,0.0,0.0,0.0,0.0,0.0,0.0,0.03139328049457372,0.00022797119401039297,5.68400424910959,-2.0583298470347993,1.2011200109594038,1.3744917893367816
1.9881999999998137,0.0,0.0,0.0,0.0,0.0,0.0,0.031069625406259405,-0.0004666202863349943,5.6825578516525805,-2.071653563708585,1.201102991895776,1.3670384880421376
1.9901999999998135,0.0,0.0,0.0,0.0,0.0,0.0,0.030722177436274815,-0.0011252321815288996,5.681076654008004,-2.0850520331233753,1.2010853824510468,1.359393668454251
1.9921999999998132,0.0,0.0,0.0,0.0,0.0,0.0,0.030352162208659807,-0.0017448855357473992,5.679561972903562,-2.0985257327143265,1.2010671737865979,1.35155491587438
1.994199999999813,0.0,0.0,0.0,0.0,0.0,0.0,0.0299610135453139,-0.002322590064018994,5.678015315738035,-2.112075059458138,1.2010483585128162,1.3435199095610748
1.9961999999998128,0.0,0.0,0.0,0.0,0.0,0.0,0.029550381120276064,-0.0028553615994212933,5.676438383280125,-2.125700325847206,1.2010289307600808,1.335286429462814
1.9981999999998126,0.0,0.0,0.0,0.0,0.0,0.0,0.02912213674811629,-0.003340240692053841,5.674833070870891,-2.1394017560628407,1.2010088862530126,1.3268523627207145
2.0001999999998126,0.0,0.0,0.0,0.0,0.0,0.0,0.028678146708372255,-0.0037742090497063455,5.673201209561824,-2.153179482357899,1.200988222426356,1.3182157099442167
2.0021999999998124,0.0,0.0,0.0,0.0,0.0,0.0,0.028219377579312494,-0.004153754571795975,5.671543602313864,-2.1670335403755687,1.2009669405683687,1.3093745940146984
2.004199999999812,0.0,0.0,0.0,0.0,0.0,0.0,0.02774869795774179,-0.0044761281807230826,5.669863136392737,-2.1809638632261867,1.2009450503983166,1.3003272719196493
2.006199999999812,0.0,0.0,0.0,0.0,0.0,0.0,0.02726949575236825,-0.004738865601266957,5.668163167715782,-2.1949702794540324,1.2009225693886063,1.291072138673571
2.0081999999998117,0.0,0.0,0.0,0.0,0.0,0.0,0.026785335583823594,-0.004939663678680216,5.6664471335869075,-2.20905251247027,1.2008995204300534,1.2816077283820733
2.0101999999998115,0.0,0.0,0.0,0.0,0.0,0.0,0.026299949778650005,-0.0050763959898385,5.664718543444085,-2.223210180288746,1.2008759296103748,1.2719327149247768
2.0121999999998113,0.0,0.0,0.0,0.0,0.0,0.0,0.025817226024253518,-0.0051471268208211724,5.662980967391665,-2.2374427955709075,1.200851824123828,1.2620459122578296
2.014199999999811,0.0,0.0,0.0,0.0,0.0,0.0,0.0253411926982174,-0.00515012362567598,5.661238023804685,-2.2517497659880616,1.2008272303222856,1.2519462743314818
2.016199999999811,0.0,0.0,0.0,0.0,0.0,0.0,0.02487600277050035,-0.005083868176748922,5.659493367020284,-2.2661303949042164,1.20080217192075,1.2416328946275934
2.0181999999998106,0.0,0.0,0.0,0.0,0.0,0.0,0.024425917024970215,-0.004947066672393622,5.657750675843469,-2.2805838823800246,1.2007766683695626,1.231105005326513
2.0201999999998104,0.0,0.0,0.0,0.0,0.0,0.0,0.02399528716927272,-0.0047386590812875115,5.656013643308972,-2.295109326497605,1.2007507334020244,1.2203619761130342
2.02219999999981,0.0,0.0,0.0,0.0,0.0,0.0,0.02358853921515492,-0.00445782797706001,5.654285967876992,-2.309705725006639,1.200724373760325,1.2094033126279655
2.02419999999981,0.0,0.0,0.0,0.0,0.0,0.0,0.02321015733308408,-0.004104007060813284,5.652571346016639,-2.3243719772938265,1.2006975880953406,1.1982286545661558
2.0261999999998097,0.0,0.0,0.0,0.0,0.0,0.0,0.022864668231680492,-0.0036768894938894207,5.650873465959642,-2.3391068866797964,1.2006703660276432,1.1868377734146038
2.0281999999998095,0.0,0.0,0.0,0.0,0.0,0.0,0.022556625997135777,-0.0031764360823154877,5.6491960022950805,-2.353909163049617,1.2006426873485034,1.1752305698164565
2.0301999999998093,0.0,0.0,0.0,0.0,0.0,0.0,0.022440033300757722,-0.002715474245439336,5.647657405298845,-2.368777435981311,1.200614506371139,1.1634070474622957
2.032199999999809,0.0,0.0,0.0,0.0,0.0,0.0,0.02295151531720539,-0.002652823435031154,5.6465727676364486,-2.383711125930156,1.2005844537055392,1.1513653206948222
2.034199999999809,0.0,0.0,0.0,0.0,0.0,0.0,0.023482782425851462,-0.0025486120931714497,5.645460447796527,-2.3987110220736954,1.200548868106408,1.1391001976814636
2.0361999999998086,0.0,0.0,0.0,0.0,0.0,0.0,0.02403571013294114,-0.002400478290286,5.644320891302296,-2.413777883270887,1.200503776530981,1.1266062858723525
2.0381999999998084,0.0,0.0,0.0,0.0,0.0,0.0,0.024612260208942076,-0.002205981554944666,5.643154665136464,-2.4289122842670943,1.2004451050340312,1.1138783249486561
2.040199999999808,0.0,0.0,0.0,0.0,0.0,0.0,0.025214483113431326,-0.0019626043631042114,5.641962469420312,-2.444114605454329,1.200368681008726,1.100911195756616
2.042199999999808,0.0,0.0,0.0,0.0,0.0,0.0,0.025844520169434993,-0.001667754254152536,5.640745149695061,-2.4593850223175235,1.2002702358896198,1.0876999296210224
2.0441999999998077,0.0,0.0,0.0,0.0,0.0,0.0,0.026504605437466664,-0.0013187666382781108,5.639503709807508,-2.4747234946079306,1.2001454083541836,1.0742397180024388
2.0461999999998075,0.0,0.0,0.0,0.0,0.0,0.0,0.02719706723507826,-0.0009129083632936614,5.638239325396599,-2.490129755291256,1.199989748059534,1.0605259224564683
2.0481999999998073,0.0,0.0,0.0,0.0,0.0,0.0,0.027924329243099528,-0.0004473821124902849,5.636953357971424,-2.5056032993249593,1.1997987199509805,1.0465540848470478
2.050199999999807,0.0,0.0,0.0,0.0,0.0,0.0,0.02868891113492788,8.066829165758066e-05,5.6356473695640785,-2.521143372326277,1.1995677091786858,1.0323199377591668
2.052199999999807,0.0,0.0,0.0,0.0,0.0,0.0,0.02949342866028381,0.0006741516001960114,5.634323137932742,-2.536748959199835,1.1992920266580196,1.0178194150496573
2.0541999999998066,0.0,0.0,0.0,0.0,0.0,0.0,0.030340593109810764,0.0013360217865782571,5.632982672281242,-2.5524187728012167,1.1989669153081026,1.003048662467821
2.0561999999998064,0.0,0.0,0.0,0.0,0.0,0.0,0.031233210081819698,0.0020692695495705634,5.631628229451186,-2.568151242720342,1.1985875570015063,0.9880040482707573
2.058199999999806,0.0,0.0,0.0,0.0,0.0,0.0,0.032174177467435776,0.0028769125867594164,5.630262330531318,-2.5839445042759817,1.1981490802560715,0.9726821737514526
2.060199999999806,0.0,0.0,0.0,0.0,0.0,0.0,0.03316648256547626,0.0037619845548689515,5.628887777816278,-2.599796387820002,1.1976465686972984,0.9570798835910771
2.0621999999998057,0.0,0.0,0.0,0.0,0.0,0.0,0.03421319823368569,0.004727522633704023,5.627507672033093,-2.615704408456856,1.1970750703167072,0.9411942759406827
2.0641999999998055,0.0,0.0,0.0,0.0,0.0,0.0,0.035317477978554744,0.005776553612380761,5.626125429738764,-2.6316657562903356,1.1964296075479395,0.9250227121317182
2.0661999999998053,0.0,0.0,0.0,0.0,0.0,0.0,0.0364825498820638,0.006912078419714866,5.624744800776117,-2.6476772873153864,1.195705188178156,0.9085628259096716
2.068199999999805,0.0,0.0,0.0,0.0,0.0,0.0,0.03771170926035698,0.008137055025473454,5.623369885657725,-2.6637355150778212,1.1948968171074548,0.8918125320808525
2.070199999999805,0.0,0.0,0.0,0.0,0.0,0.0,0.039008309946881974,0.009454379645789912,5.6220051527293,-2.6798366032287477,1.193999508963586,0.8747700344590449
2.0721999999998046,0.0,0.0,0.0,0.0,0.0,0.0,0.04037575409095942,0.010866866194686011,5.620655454944636,-2.695976359103355,1.193008301573185,0.8574338329966534
2.0741999999998044,0.0,0.0,0.0,0.0,0.0,0.0,0.041817480362423595,0.012377223934432488,5.619326046064028,-2.7121502284551537,1.1919182702840843,0.8398027299842314
2.076199999999804,0.0,0.0,0.0,0.0,0.0,0.0,0.04333695045400178,0.01398803329068831,5.618022596067421,-2.728353291476645,1.1907245431260298,0.821875835203072
2.078199999999804,0.0,0.0,0.0,0.0,0.0,0.0,0.04493763377579707,0.015701719814067924,5.616751205552574,-2.7445802602355722,1.189422316789356,0.8036525699180508
2.0801999999998038,0.0,0.0,0.0,0.0,0.0,0.0,0.04662299024077867,0.017520526288201246,5.615518418867525,-2.76082547765221,1.1880068733929403,0.7851326696022471
2.0821999999998035,0.0,0.0,0.0,0.0,0.0,0.0,0.0483964510468678,0.019446483005475614,5.614331235706061,-2.7770829181374466,1.1864735980040724,0.7663161852911929
2.0841999999998033,0.0,0.0,0.0,0.0,0.0,0.0,0.05026139737021055,0.021481376255633462,5.613197120875066,-2.7933461900036165,1.1848179968639063,0.7472034834729723
2.086199999999803,0.0,0.0,0.0,0.0,0.0,0.0,0.0522211368958474,0.02362671509914312,5.612124011924104,-2.8096085397500774,1.1830357162629264,0.7277952444308817
2.088199999999803,0.0,0.0,0.0,0.0,0.0,0.0,0.05427887812638052,0.025883696526736232,5.6111203243107335,-2.8258628583134104,1.1811225620015229,0.7080924589679864
2.0901999999998027,0.0,0.0,0.0,0.0,0.0,0.0,0.056437702426609775,0.028253169138569897,5.610194953760639,-2.8421016893578357,1.1790745193614312,0.6880964234576107
2.0921999999998024,0.0,0.0,0.0,0.0,0.0,0.0,0.05870053378261546,0.0307355955108824,5.609357275470033,-2.858317239665095,1.1768877735045915,0.6678087331805198
2.094199999999802,0.0,0.0,0.0,0.0,0.0,0.0,0.061070106277483674,0.03333101345448148,5.608617139789683,-2.8745013916648054,1.174558730207076,0.6472312739281184
2.096199999999802,0.0,0.0,0.0,0.0,0.0,0.0,0.06354892931286778,0.036038996407543766,5.607984864025958,-2.8906457181263026,1.1720840368272385,0.6263662118712239
2.098199999999802,0.0,0.0,0.0,0.0,0.0,0.0,0.06613925063584045,0.038858613244534664,5.607471219994968,-2.906741499011535,1.1694606033993642,0.6052159817155975
2.1001999999998016,0.0,0.0,0.0,0.0,0.0,0.0,0.06884301726389239,0.04178838782304031,5.607087416971872,-2.922779740465981,1.166685623736919,0.5837832731881313
2.1021999999998013,0.0,0.0,0.0,0.0,0.0,0.0,0.07166183443736081,0.04482625863026351,5.606845079689336,-2.9387511959011525,1.1637565964232577,0.5620710159210162
2.104199999999801,0.0,0.0,0.0,0.0,0.0,0.0,0.07459692276770022,0.04796953893024755,5.60675622105724,-2.9546463890984422,1.1606713455623816,0.5400823628249595
2.106199999999801,0.0,0.0,0.0,0.0,0.0,0.0,0.07764907379154701,0.051214877850676986,5.606833209300773,-2.970455639240377,1.1574280411582611,0.5178206720661221
2.1081999999998007,0.0,0.0,0.0,0.0,0.0,0.0,0.08081860418401048,0.05455822288366548,5.607088729246108,-2.9861690877520854,1.1540252189884035,0.49528948778444704
2.1101999999998005,0.0,0.0,0.0,0.0,0.0,0.0,0.08410530892950972,0.0579947843073154,5.607535737522316,-3.001776726813578,1.1504617998358697,0.4724925197129579
2.1121999999998002,0.0,0.0,0.0,0.0,0.0,0.0,0.0875084137941709,0.06151900206322374,5.6081874114951225,-3.017268429382702,1.1467371079438797,0.4494336218779444
2.1141999999998,0.0,0.0,0.0,0.0,0.0,0.0,0.09102652748958129,0.06512451564859946,5.609057091802573,-3.032633980549803,1.142850888558548,0.42611677057825115
2.1161999999998,0.0,0.0,0.0,0.0,0.0,0.0,0.09465759396276789,0.06880413759935651,5.6101582184244085,-3.04786311002868,1.1388033244281401,0.4025460418577082
2.1181999999997996,0.0,0.0,0.0,0.0,0.0,0.0,0.09839884529084383,0.07254983115168626,5.611504260285853,-3.062945525574713,1.1345950511315728,0.3787255886976921
2.1201999999997994,0.0,0.0,0.0,0.0,0.0,0.0,0.10224675569986019,0.07635269267331853,5.613108638471904,-3.0778709471103687,1.1302271711145786,0.35465961816654834
2.122199999999799,0.0,0.0,0.0,0.0,0.0,0.0,0.1061969972651556,0.0802029394512924,5.61498464320966,-3.0926291413310185,1.1257012663190213,0.3303523687688731
2.124199999999799,0.0,0.0,0.0,0.0,0.0,0.0,0.11024439788390542,0.08408990340991815,5.6171453448628315,-3.1072099565601046,1.1210194092991006,0.30580808824024547
2.1261999999997987,0.0,0.0,0.0,0.0,0.0,0.0,0.11438290213869716,0.08800203131017795,5.6196034992734605,-3.121603357622479,1.116184172727571,0.2810310120318272
2.1281999999997985,0.0,0.0,0.0,0.0,0.0,0.0,0.11860553569284932,0.09192689194971605,5.622371447879879,-3.135799460508016,1.1111986372054221,0.25602534272427213
2.1301999999997983,0.0,0.0,0.0,0.0,0.0,0.0,0.1229043738729348,0.09585119084047046,5.625461013135823,-3.149788566604408,1.106066397299573,0.23079523060169396
2.132199999999798,0.0,0.0,0.0,0.0,0.0,0.0,0.12727051510074333,0.09976079278887132,5.628883389852036,-3.1635611962881067,1.1007915657448764,0.20534475560418164
2.134199999999798,0.0,0.0,0.0,0.0,0.0,0.0,0.13169405983492494,0.10364075274135531,5.63264903317697,-3.177108121675476,1.0953787757588713,0.1796779108617619
2.1361999999997976,0.0,0.0,0.0,0.0,0.0,0.0,0.13616409567118024,0.1074753551860112,5.636767544025865,-3.190420398351966,1.0898331814301365,0.1537985879941042
2.1381999999997974,0.0,0.0,0.0,0.0,0.0,0.0,0.14066868922852768,0.11124816231991068,5.64124755285573,-3.2034893959152058,1.0841604561535563,0.12771056433901032
2.140199999999797,0.0,0.0,0.0,0.0,0.0,0.0,0.14519488541753112,0.11494207110169703,5.646096602765791,-3.2163068271877227,1.0783667890981576,0.10141749224925539
2.142199999999797,0.0,0.0,0.0,0.0,0.0,0.0,0.14972871464420237,0.11853937921123643,5.651321032977113,-3.2288647759762443,1.0724588797052588,0.0749228905720992
2.1441999999997967,0.0,0.0,0.0,0.0,0.0,0.0,0.1542552084505361,0.12202185983357913,5.6569258638094615,-3.2411557232765316,1.0664439302262938,0.04823013839924847
2.1461999999997965,0.0,0.0,0.0,0.0,0.0,0.0,0.15875842402950563,0.12537084507443808,5.662914684326447,-3.253172571845062,1.06032963632078,0.021342471147700583
2.1481999999997963,0.0,0.0,0.0,0.0,0.0,0.0,0.16322147797919406,0.1285673177003583,5.669289543859868,-3.2649086690810427,1.0541241757452808,-0.005737020995788945
2.150199999999796,0.0,0.0,0.0,0.0,0.0,0.0,0.16762658957821783,0.13159201078041685,5.676050848649649,-3.2763578281837535,1.0478361951738804,-0.0330053922614415
2.152199999999796,0.0,0.0,0.0,0.0,0.0,0.0,0.17195513377343186,0.13442551468935085,5.683197264845415,-3.287514347570644,1.0414747951994796,-0.06045983813625165
2.1541999999997956,0.0,0.0,0.0,0.0,0.0,0.0,0.1761877039722789,0.1370483908166523,5.690725629108728,-3.2983730285605666,1.0350495135731603,-0.0880976899048151
2.1561999999997954,0.0,0.0,0.0,0.0,0.0,0.0,0.18030418462718426,0.1394412912142006,5.698630868030497,-3.3089291913436676,1.0285703067458885,-0.1159164069640185
2.158199999999795,0.0,0.0,0.0,0.0,0.0,0.0,0.18428383348957603,0.1415850833087007,5.706905927535669,-3.3191786892745165,1.0220475297829303,-0.14391356700774902
2.160199999999795,0.0,0.0,0.0,0.0,0.0,0.0,0.18810537329806634,0.1434609787065914,5.715541713387134,-3.329117921537815,1.0154919147265666,-0.17208685419934994
2.1621999999997947,0.0,0.0,0.0,0.0,0.0,0.0,0.1917470925507498,0.14505066503027422,5.724527043822881,-3.338743844246372,1.0089145474870174,-0.20043404546918936
2.1641999999997945,0.0,0.0,0.0,0.0,0.0,0.0,0.1951869548972832,0.1463364396473968,5.7338486152658685,-3.348053980038836,1.0023268433449972,-0.22895299509230174
2.1661999999997943,0.0,0.0,0.0,0.0,0.0,0.0,0.1984027165743664,0.14730134409135498,5.7434909819357385,-3.3570464262499926,0.9957405211520365,-0.2576416177165421
2.168199999999794,0.0,0.0,0.0,0.0,0.0,0.0,0.2013720512002136,0.147929297922687,5.753436550066971,-3.365719861729231,0.9891675763167074,-0.2864978700250303
2.170199999999794,0.0,0.0,0.0,0.0,0.0,0.0,0.2040726811415707,0.14820523074892503,5.763665587301224,-3.3740735523832255,0.9826202526662609,-0.3155197312278789
2.1721999999997936,0.0,0.0,0.0,0.0,0.0,0.0,0.20648251457244854,0.14811521110576328,5.7741562476746,-3.3821073555170513,0.9761110132739564,-0.3447051825873323
2.1741999999997934,0.0,0.0,0.0,0.0,0.0,0.0,0.20857978725866214,0.147646570905684,5.784884612465822,-3.3898217230441166,0.9696525103426776,-0.3740521861875705
2.176199999999793,0.0,0.0,0.0,0.0,0.0,0.0,0.21034320802792614,0.1467880241817724,5.795824747011515,-3.397217703629553,0.9632575542352979,-0.40355866316563244
2.178199999999793,0.0,0.0,0.0,0.0,0.0,0.0,0.21175210682279721,0.14552977889410473,5.806948773432679,-3.4042969438244635,0.9569390817418332,-0.433222471623287
2.1801999999997927,0.0,0.0,0.0,0.0,0.0,0.0,0.21278658418416005,0.14386364062337492,5.818226959054954,-3.4110616882397826,0.9507101236727138,-0.46304138444133125
2.1821999999997925,0.0,0.0,0.0,0.0,0.0,0.0,0.21342766097680463,0.14178310705028688,5.829627820147121,-3.4175147787988975,0.9445837718666587,-0.4930130672178106
2.1841999999997923,0.0,0.0,0.0,0.0,0.0,0.0,0.21365742714624977,0.13928345220840951,5.841118240450277,-3.423659653097786,0.938573145700678,-0.5231350565501373
2.186199999999792,0.0,0.0,0.0,0.0,0.0,0.0,0.21345918828736793,0.13636179960097805,5.852663603826752,-3.429500341890605,0.9326913581887604,-0.5534047388781096
2.188199999999792,0.0,0.0,0.0,0.0,0.0,0.0,0.21281760881019435,0.13301718338661392,5.864227940225395,-3.43504146570772,0.9269514817548814,-0.5838193301004582
2.1901999999997916,0.0,0.0,0.0,0.0,0.0,0.0,0.21171885050591413,0.12925059696281785,5.8757740840402395,-3.4402882306023024,0.9213665137651612,-0.6143758561718452
2.1921999999997914,0.0,0.0,0.0,0.0,0.0,0.0,0.21015070534558633,0.125065028407129,5.887263843834356,-3.445246423011281,0.915949341903366,-0.6450711348802232
2.194199999999791,0.0,0.0,0.0,0.0,0.0,0.0,0.2081027213844954,0.12046548237142207,5.8986581823109985,-3.449922403706695,0.9107127094735378,-0.6759017589961624
2.196199999999791,0.0,0.0,0.0,0.0,0.0,0.0,0.20556632069477987,0.11545898816248844,5.909917405340582,-3.4543231008047686,0.9056691807133915,-0.7068640809761882
2.1981999999997908,0.0,0.0,0.0,0.0,0.0,0.0,0.20253490830679377,0.11005459387932942,5.9210013587947,-3.4584560017924533,0.900831106202282,-0.7379541993913105
2.2001999999997905,0.0,0.0,0.0,0.0,0.0,0.0,0.19900397120391297,0.10426334661210107,5.931869631897106,-3.4623291445250213,0.8962105884480311,-0.7691679472397844
2.2021999999997903,0.0,0.0,0.0,0.0,0.0,0.0,0.19497116648470483,0.09809825883724213,5.942481765775312,-3.4659511071436806,0.8918194477377365,-0.8005008822896967
2.20419999999979,0.0,0.0,0.0,0.0,0.0,0.0,0.19043639787909186,0.09157426126605489,5.95279746588431,-3.4693309968593433,0.8876691883388685,-0.8319482795821941
2.20619999999979,0.0,0.0,0.0,0.0,0.0,0.0,0.18540187987992687,0.08470814251824922,5.962776816973929,-3.472478437547647,0.8837709651384701,-0.8635051262100876
2.2081999999997897,0.0,0.0,0.0,0.0,0.0,0.0,0.1798721888272038,0.07751847609645397,5.972380499282038,-3.475403556101291,0.880135550810113,-0.8951661184691443
2.2101999999997894,0.0,0.0,0.0,0.0,0.0,0.0,0.1738543003579271,0.07002553523148665,5.981570004654728,-3.478116967488673,0.8767733036003638,-0.9269256614606657
2.2121999999997892,0.0,0.0,0.0,0.0,0.0,0.0,0.1673576127098437,0.06225119625074592,5.99030785131981,-3.480629758472777,0.8736941358288429,-0.9587778712039838
2.214199999999789,0.0,0.0,0.0,0.0,0.0,0.0,0.16039395544144816,0.054218831193286104,5.998557796069096,-3.482953469951162,0.8709074831984441,-0.9907165792963424
2.216199999999789,0.0,0.0,0.0,0.0,0.0,0.0,0.15297758320385293,0.04595319045514494,6.006285042635808,-3.485100077886773,0.8684222750148393,-1.0227353401353827
2.2181999999997886,0.0,0.0,0.0,0.0,0.0,0.0,0.14512515427261194,0.037480276297921535,6.013456445084251,-3.4870819728098876,0.8662469054169278,-1.0548274406962521
2.2201999999997883,0.0,0.0,0.0,0.0,0.0,0.0,0.13685569361991237,0.02882720809321639,6.020040705057667,-3.4889119378837736,0.8643892057223002,-1.0869859128313528
2.222199999999788,0.0,0.0,0.0,0.0,0.0,0.0,0.12599379855819332,0.025619847210970586,6.027516513097771,-3.4906024820959547,0.8628550020814453,-1.1192044644696966
2.224199999999788,0.0,0.0,0.0,0.0,0.0,0.0,0.11667790410382828,0.016664664890818373,6.033109119305339,-3.492162326196375,0.8616402194714468,-1.151482365890192
2.2261999999997877,0.0,0.0,0.0,0.0,0.0,0.0,0.10701722327626893,0.007575251617236361,6.03800058697441,-3.4936047974417415,0.8607491676383348,-1.1838124435391209
2.2281999999997875,0.0,0.0,0.0,0.0,0.0,0.0,0.09704236816967453,-0.0016164297296182824,6.04216594281534,-3.494944693193887,0.8601878433617756,-1.2161857275235441
2.2301999999997872,0.0,0.0,0.0,0.0,0.0,0.0,0.08678605312887158,-0.010877776668209407,6.045583352224579,-3.4961971289038853,0.859961464971236,-1.248593082238138
2.232199999999787,0.0,0.0,0.0,0.0,0.0,0.0,0.07628292824491226,-0.020175743288210545,6.048234292495519,-3.497377499172496,0.8600744489372609,-1.28102523304576
2.234199999999787,0.0,0.0,0.0,0.0,0.0,0.0,0.06556939490455285,-0.02947704078910443,6.050103705863229,-3.4985014374077408,0.8605303892016651,-1.3134727948731733
2.2361999999997866,0.0,0.0,0.0,0.0,0.0,0.0,0.05468340444904241,-0.03874834084875863,6.051180130799478,-3.4995847742621837,0.8613320393927921,-1.3459263024326018
2.2381999999997864,0.0,0.0,0.0,0.0,0.0,0.0,0.043664241185708344,-0.04795648024886294,6.051455810093753,-3.5006434950504266,0.8624812980580465,-1.3783762417545447
2.240199999999786,0.0,0.0,0.0,0.0,0.0,0.0,0.03255229118374812,-0.05706866515642532,6.05092677439223,-3.501693696362432,0.8639791970300782,-1.4108130826958556
2.242199999999786,0.0,0.0,0.0,0.0,0.0,0.0,0.021388798471256854,-0.06605267344284352,6.049592900020965,-3.502751542100109,0.8658258930254159,-1.4432273120699979
2.2441999999997857,0.0,0.0,0.0,0.0,0.0,0.0,0.01021561043138772,-0.07487705341487275,6.047457940093209,-3.503833219172772,0.8680206625552176,-1.4756094670338917
2.2461999999997855,0.0,0.0,0.0,0.0,0.0,0.0,-0.00092508563121074,-0.0835113173361237,6.0445295280945635,-3.5049548930913033,0.8705619002073515,-1.5079501683582361
2.2481999999997853,0.0,0.0,0.0,0.0,0.0,0.0,-0.01199103262024691,-0.09192612813439704,6.0408191533539055,-3.506132663701,0.8734471203375205,-1.5402401532056855
2.250199999999785,0.0,0.0,0.0,0.0,0.0,0.0,-0.022940178192677484,-0.10009347772030384,6.03634210804267,-3.5073825212890473,0.8766729621848722,-1.572470307043928
2.252199999999785,0.0,0.0,0.0,0.0,0.0,0.0,-0.03373095130792012,-0.10798685538740083,6.031117405599015,-3.5087203032944467,0.8802351984048398,-1.6046316943284327
2.2541999999997846,0.0,0.0,0.0,0.0,0.0,0.0,-0.04432253826342556,-0.1155814048244494,6.025167670745458,-3.5101616518361753,0.884128746989144,-1.6367155876022643
2.2561999999997844,0.0,0.0,0.0,0.0,0.0,0.0,-0.05467515561754675,-0.1228540683473966,6.018519001555828,-3.51172197225971,0.8883476865202888,-1.6687134946776545
2.258199999999784,0.0,0.0,0.0,0.0,0.0,0.0,-0.0647503173494269,-0.1297837170530053,6.011200804327184,-3.513416392883131,0.8928852746858503,-1.700617183585574
2.260199999999784,0.0,0.0,0.0,0.0,0.0,0.0,-0.07451109358769686,-0.13635126570808817,6.003245602320213,-3.515259726102383,0.8977339699566693,-1.7324187050049658
2.2621999999997837,0.0,0.0,0.0,0.0,0.0,0.0,-0.08392235825809594,-0.14253977131820048,5.994688819743168,-3.517266430991456,0.9028854563130443,-1.7641104119120528
2.2641999999997835,0.0,0.0,0.0,0.0,0.0,0.0,-0.09295102305699143,-0.14833451446696277,5.985568542664049,-3.5194505775077904,0.9083306708844001,-1.7956849762216782
2.2661999999997833,0.0,0.0,0.0,0.0,0.0,0.0,-0.10156625525480062,-0.15372306268111885,5.975925258837706,-3.5218258123869326,0.9140598343509546,-1.8271354022264223
2.268199999999783,0.0,0.0,0.0,0.0,0.0,0.0,-0.10973967697114784,-0.158695315255587,5.965801578722418,-3.524405326783846,0.9200624839407596,-1.8584550366746397
2.270199999999783,0.0,0.0,0.0,0.0,0.0,0.0,-0.11744554374197193,-0.16324352916529009,5.9552419402281735,-3.527201825692151,0.9263275088423302,-1.8896375753650587
2.2721999999997826,0.0,0.0,0.0,0.0,0.0,0.0,-0.12466090041646383,-0.16736232589398567,5.944292299979581,-3.5302274991474683,0.9328431878419805,-1.9206770661726051
2.2741999999997824,0.0,0.0,0.0,0.0,0.0,0.0,-0.13136571267625152,-0.17104867922186306,5.932999814084187,-3.5334939951976563,0.9395972289860013,-1.9515679084571502
2.276199999999782,0.0,0.0,0.0,0.0,0.0,0.0,-0.137542972757303,-0.17430188422993687,5.921412511566224,-3.5370123946016157,0.9465768110609725,-1.9823048488435266
2.278199999999782,0.0,0.0,0.0,0.0,0.0,0.0,-0.1431787782721753,-0.17712350799671725,5.90957896375129,-3.54079318719995,0.9537686266807297,-2.0128829733969953
2.2801999999997817,0.0,0.0,0.0,0.0,0.0,0.0,-0.14826238337119857,-0.17951732267727158,5.897547952965223,-3.5448462498856173,0.9611589267657663,-2.043297696253082
2.2821999999997815,0.0,0.0,0.0,0.0,0.0,0.0,-0.15278622183979476,-0.18148922186267682,5.885368143937053,-3.549180826091062,0.9687335661999925,-2.0735447447940882
2.2841999999997813,0.0,0.0,0.0,0.0,0.0,0.0,-0.15674590209873404,-0.18304712131491413,5.873087761269685,-3.553805506700515,0.9764780504506829,-2.1036201414964335
2.286199999999781,0.0,0.0,0.0,0.0,0.0,0.0,-0.16014017444741901,-0.18420084535452497,5.860754276261853,-3.558728212292292,0.9843775829399373,-2.1335201826032457
2.288199999999781,0.0,0.0,0.0,0.0,0.0,0.0,-0.1629708712598602,-0.18496200034216478,5.848414106231763,-3.5639561766161676,0.9924171129598555,-2.1632414138051503
2.2901999999997806,0.0,0.0,0.0,0.0,0.0,0.0,-0.16524282120131134,-0.18534383683715022,5.836112329308359,-3.5694959312151777,1.000581383928711,-2.192780603139083
2.2921999999997804,0.0,0.0,0.0,0.0,0.0,0.0,-0.16696373887325539,-0.1853611021333367,5.823892417423817,-3.5753532911094923,1.0088549817914376,-2.2221347113401566
2.29419999999978,0.0,0.0,0.0,0.0,0.0,0.0,-0.16814409160857008,-0.1850298849627974,5.811795989964844,-3.58153334147204,1.0172223833745409,-2.251300859905204
2.29619999999978,0.0,0.0,0.0,0.0,0.0,0.0,-0.16879694542100937,-0.18436745421912648,5.799862590226478,-3.58804042524119,1.0256680045128572,-2.2802762971486765
2.2981999999997798,0.0,0.0,0.0,0.0,0.0,0.0,-0.1689377923578941,-0.18339209358365144,5.788129486466688,-3.5948781316345895,1.0341762477732237,-2.3090583625520775
2.3001999999997795,0.0,0.0,0.0,0.0,0.0,0.0,-0.16858436170767663,-0.182122933939176,5.776631498990524,-3.60204928554984,1.0427315496078455,-2.337644449727176
2.3021999999997793,0.0,0.0,0.0,0.0,0.0,0.0,-0.1677564176711518,-0.18057978542738506,5.765400854306645,-3.6095559378616153,1.0513184267778164,-2.3660319683307582
2.304199999999779,0.0,0.0,0.0,0.0,0.0,0.0,-0.16647554621427263,-0.17878297094891776,5.754467067004959,-3.6173993566504548,1.0599215218946512,-2.3942183052846517
2.306199999999779,0.0,0.0,0.0,0.0,0.0,0.0,-0.16476493388059146,-0.1767531628210329,5.743856849609973,-3.625580019425267,1.0685256479347085,-2.4222007856690446
2.3081999999997787,0.0,0.0,0.0,0.0,0.0,0.0,-0.1626491413524415,-0.174511224199161,5.733594050278373,-3.63409760642886,1.0771158315878768,-2.449976633669504
2.3101999999997784,0.0,0.0,0.0,0.0,0.0,0.0,-0.16015387451338867,-0.1720780567383341,5.723699617838971,-3.642950995142796,1.0856773553078163,-2.4775429339684085
2.312199999999778,0.0,0.0,0.0,0.0,0.0,0.0,-0.15730575568263416,-0.16947445582174936,5.714191593325423,-3.652138256133911,1.0941957979363128,-2.5048965939793226
2.314199999999778,0.0,0.0,0.0,0.0,0.0,0.0,-0.1541320975684812,-0.16672097452023493,5.705085126833437,-3.661656650409016,1.1026570737788868,-2.532034307327865
2.3161999999997778,0.0,0.0,0.0,0.0,0.0,0.0,-0.15066068232695914,-0.1638377972719013,5.696392518249601,-3.6715026284658863,1.1110474700128048,-2.5589525189843507
2.3181999999997775,0.0,0.0,0.0,0.0,0.0,0.0,-0.14691954791841788,-0.16084462408969832,5.688123280152958,-3.6816718312468044,1.119353682312016,-2.585647392451502
2.3201999999997773,0.0,0.0,0.0,0.0,0.0,0.0,-0.14293678373493446,-0.1577605659198035,5.68028422098587,-3.6921590932148405,1.1275628485764906,-2.612114779404259
2.322199999999777,0.0,0.0,0.0,0.0,0.0,0.0,-0.13874033723075588,-0.15460405158950088,5.6728795464296065,-3.7029584477820063,1.135662580656063,-2.6383501921677555
2.324199999999777,0.0,0.0,0.0,0.0,0.0,0.0,-0.13435783303290105,-0.1513927466029726,5.665910976803131,-3.714063135321678,1.1436409939613545,-2.664348779403304
2.3261999999997767,0.0,0.0,0.0,0.0,0.0,0.0,-0.12981640574564365,-0.14814348387039666,5.659377878230324,-3.725465613994666,1.1514867348569058,-2.690105305350399
2.3281999999997764,0.0,0.0,0.0,0.0,0.0,0.0,-0.12514254739676742,-0.14487220629282133,5.653277405289917,-3.7371575736085196,1.1591890057344831,-2.715614132944933
2.3301999999997762,0.0,0.0,0.0,0.0,0.0,0.0,-0.12036197021101488,-0.14159392097478715,5.647604652871372,-3.7491299527127766,1.166737587667936,-2.7408692110998163
2.332199999999776,0.0,0.0,0.0,0.0,0.0,0.0,-0.11549948514190507,-0.13832266470063992,5.642352815005492,-3.761372959108698,1.17412286055518,-2.7658640663939487
2.334199999999776,0.0,0.0,0.0,0.0,0.0,0.0,-0.11057889635181552,-0.13507148019034296,5.637513348516949,-3.773876093920651,1.181335820658148,-2.790591799369059
2.3361999999997756,0.0,0.0,0.0,0.0,0.0,0.0,-0.10562291160557456,-0.13185240254739344,5.63307613945269,-3.786628179337939,1.1883680954581386,-2.8150450855817266
2.3381999999997753,0.0,0.0,0.0,0.0,0.0,0.0,-0.10065306833791746,-0.12867645522573573,5.629029670370721,-3.799617390091066,1.1952119557520897,-2.8392161815002956
2.340199999999775,0.0,0.0,0.0,0.0,0.0,0.0,-0.08046114994059754,-0.2147295467693461,5.485096153524559,-3.812833929769138,1.2018269538030102,-2.863060789926518
2.342199999999775,0.0,0.0,0.0,0.0,0.0,0.0,-0.06420543526052898,-0.19755189668381518,5.511162798845161,-3.826304892708828,1.207481632361909,-2.8857760318260137
2.3441999999997747,0.0,0.0,0.0,0.0,0.0,0.0,-0.05284995840996278,-0.18222682997850967,5.532810458462593,-3.8399753904722105,1.2120246559269168,-2.907166151276446
2.3461999999997745,0.0,0.0,0.0,0.0,0.0,0.0,-0.04507005042932779,-0.16847872931231794,5.550897552316782,-3.8537742880979926,1.2156179370780664,-2.9273757116437653
2.3481999999997742,0.0,0.0,0.0,0.0,0.0,0.0,-0.03987297884805314,-0.1561764101171384,5.56594603235419,-3.8676448595187845,1.218402342492217,-2.946530874699157
2.350199999999774,0.0,0.0,0.0,0.0,0.0,0.0,-0.03652298561820108,-0.14518204109474242,5.578410560686272,-3.8815421251696294,1.220500435767338,-2.9647420250226535
2.352199999999774,0.0,0.0,0.0,0.0,0.0,0.0,-0.034475567325440104,-0.1353602416706623,5.5886833255110595,-3.89543066049166,1.2220186784945415,-2.9821057074039428
2.3541999999997736,0.0,0.0,0.0,0.0,0.0,0.0,-0.03332871643010208,-0.1265831621922837,5.597100550240109,-3.909282781598095,1.2230493841824754,-2.9987062654483756
2.3561999999997734,0.0,0.0,0.0,0.0,0.0,0.0,-0.03278667808095718,-0.11873305927462656,5.603949415202058,-3.9230770473079,1.2236724499623126,-3.014617249989218
2.358199999999773,0.0,0.0,0.0,0.0,0.0,0.0,-0.032632966011187196,-0.11170333057179992,5.609474714722624,-3.9367970259700136,1.2239568891756545,-3.0299026456014944
2.360199999999773,0.0,0.0,0.0,0.0,0.0,0.0,-0.03271024394612549,-0.105398622308035,5.613884925774502,-3.9504302832940743,1.2239621860361332,-3.0446179495532375
2.3621999999997727,0.0,0.0,0.0,0.0,0.0,0.0,-0.03290530780295506,-0.0997343981604457,5.617357566419795,-3.9639675540962407,1.2237394916553888,-3.058811127983487
2.3641999999997725,0.0,0.0,0.0,0.0,0.0,0.0,-0.031923054962089005,-0.09653192198382124,5.617785887184706,-3.9774018687965325,1.223330564270092,-3.0725209542070195
2.3661999999997723,0.0,0.0,0.0,0.0,0.0,0.0,-0.030238360933636934,-0.09468406841761833,5.61671969868577,-3.990725977271815,1.2227509037925233,-3.085756373087403
2.368199999999772,0.0,0.0,0.0,0.0,0.0,0.0,-0.02863237121865954,-0.09290659754269842,5.615730431287644,-4.003932161647902,1.2220030634796721,-3.098511402110963
2.370199999999772,0.0,0.0,0.0,0.0,0.0,0.0,-0.02710800930741519,-0.09119866899858135,5.614810288937141,-4.017013109540269,1.2210895853856705,-3.110780301831929
2.3721999999997716,0.0,0.0,0.0,0.0,0.0,0.0,-0.025667904779343408,-0.08955915853851336,5.613951699219949,-4.029961937769674,1.2200131119706181,-3.122557737410314
2.3741999999997714,0.0,0.0,0.0,0.0,0.0,0.0,-0.02431441526334902,-0.08798667687818493,5.61314733167836,-4.042772202879147,1.21877636540384,-3.1338387813679556
2.376199999999771,0.0,0.0,0.0,0.0,0.0,0.0,-0.023049648617008967,-0.08647958762470921,5.612390113664125,-4.0554379092170985,1.2173821272905407,-3.1446189141036736
2.378199999999771,0.0,0.0,0.0,0.0,0.0,0.0,-0.021875485127290227,-0.08503602419690719,5.611673243893067,-4.06795351471194,1.215833218931001,-3.1548940222876984
2.3801999999997707,0.0,0.0,0.0,0.0,0.0,0.0,-0.0207935995494582,-0.083653905664747,5.610990203877873,-4.080313934481575,1.2141324822110244,-3.164660395273103
2.3821999999997705,0.0,0.0,0.0,0.0,0.0,0.0,-0.01980548281511525,-0.08233095145176546,5.610334767422518,-4.092514542435779,1.212282761211681,-3.1739147196760493
2.3841999999997703,0.0,0.0,0.0,0.0,0.0,0.0,-0.018912463254559895,-0.08106469485957671,5.609701008366493,-4.104551171040509,1.2102868846157215,-3.182654072287301
2.38619999999977,0.0,0.0,0.0,0.0,0.0,0.0,-0.01811572719264684,-0.07985249538790222,5.609083306769272,-4.116420109420843,1.208147648977509,-3.19087591148472
2.38819999999977,0.0,0.0,0.0,0.0,0.0,0.0,-0.01741633879086086,-0.07869154983705819,5.608476353725778,-4.128118099983715,1.205867802913089,-3.198578067320572
2.3901999999997696,0.0,0.0,0.0,0.0,0.0,0.0,-0.016815259021285688,-0.077578902192389,5.607875155001896,-4.139642333743049,1.2034500322572557,-3.2057587304586
2.3921999999997694,0.0,0.0,0.0,0.0,0.0,0.0,-0.016313363670303137,-0.07651145230178368,5.607275033675807,-4.150990444528555,1.200896946225243,-3.212416440134264
2.394199999999769,0.0,0.0,0.0,0.0,0.0,0.0,-0.015911460281221305,-0.07548596336819202,5.6066716319660745,-4.162160502255756,1.198211064608098,-3.2185500713075874
2.396199999999769,0.0,0.0,0.0,0.0,0.0,0.0,-0.015610303955373434,-0.07449906828892303,5.6060609124213405,-4.173151005428855,1.1953948060229336,-3.2241588211720122
2.3981999999997687,0.0,0.0,0.0,0.0,0.0,0.0,-0.01541061194059161,-0.0735472748826151,5.60543915863928,-4.183960873040328,1.1924504772321585,-3.2292421951747876
2.4001999999997685,0.0,0.0,0.0,0.0,0.0,0.0,-0.015313076944252163,-0.0726269700530574,5.6048029756743984,-4.194589436021928,1.1893802635394606,-3.233799992695155
2.4021999999997683,0.0,0.0,0.0,0.0,0.0,0.0,-0.01531837911528465,-0.0717344229466746,5.604149290285343,-4.205036428391248,1.1861862202648097,-3.2378322925161025
2.404199999999768,0.0,0.0,0.0,0.0,0.0,0.0,-0.015427196645673696,-0.07086578716747922,5.603475351162936,-4.215301978226646,1.1828702652960132,-3.2413394382141147
2.406199999999768,0.0,0.0,0.0,0.0,0.0,0.0,-0.015640214947038482,-0.07001710211974216,5.602778729270132,-4.225386598591264,1.179434172710399,-3.2443220235794104
2.4081999999997676,0.0,0.0,0.0,0.0,0.0,0.0,-0.017847066971892624,-0.0650666454801991,5.6102048891592275,-4.235291825413331,1.1758806294747954,-3.246783637526466
2.4101999999997674,0.0,0.0,0.0,0.0,0.0,0.0,-0.021343388036889996,-0.05734488929894,5.623282548169822,-4.245030575725988,1.1722302362899482,-3.248775055535298
2.412199999999767,0.0,0.0,0.0,0.0,0.0,0.0,-0.021664782631711555,-0.05661422917477404,5.62262242539071,-4.254618093897756,1.1685066967711457,-3.2503557670388865
2.414199999999767,0.0,0.0,0.0,0.0,0.0,0.0,-0.022044968170183865,-0.055894269976463816,5.621951345617322,-4.264057573459542,1.164713421779188,-3.2515330215377047
2.4161999999997668,0.0,0.0,0.0,0.0,0.0,0.0,-0.0224849350063524,-0.055182629870031905,5.62126854646097,-4.273350938215504,1.1608513312120101,-3.2523079757862297
2.4181999999997665,0.0,0.0,0.0,0.0,0.0,0.0,-0.022985684526243094,-0.05447684801458019,5.620573412780832,-4.282500282236765,1.1569212299953706,-3.2526818541003766
2.4201999999997663,0.0,0.0,0.0,0.0,0.0,0.0,-0.023548228487726995,-0.05377438320371036,5.61986547941394,-4.291507866323758,1.15292380857866,-3.2526559418777414
2.422199999999766,0.0,0.0,0.0,0.0,0.0,0.0,-0.02417358773772099,-0.05307261239822946,5.619144434231632,-4.300376114846118,1.1488596438423595,-3.2522315795300023
2.424199999999766,0.0,0.0,0.0,0.0,0.0,0.0,-0.02486279028569603,-0.05236882919097997,5.6184101215367255,-4.30910761295937,1.1447292004115508,-3.2514101568249347
2.4261999999997657,0.0,0.0,0.0,0.0,0.0,0.0,-0.0256168687115127,-0.05166024224683386,5.617662545812273,-4.317705104194269,1.1405328323708044,-3.250193107632514
2.4281999999997654,0.0,0.0,0.0,0.0,0.0,0.0,-0.026436856884661564,-0.050943973763216945,5.61690187582912,-4.326171488411593,1.13627078537675,-3.2485819050668723
2.430199999999765,0.0,0.0,0.0,0.0,0.0,0.0,-0.027323785971053626,-0.05021705799899824,5.6161284491157195,-4.334509820112252,1.1319431991656037,-3.2465780570134477
2.432199999999765,0.0,0.0,0.0,0.0,0.0,0.0,-0.028278679702644114,-0.049476439922173515,5.61534277678966,-4.342723307089947,1.1275501104539278,-3.2441831020284932
2.4341999999997648,0.0,0.0,0.0,0.0,0.0,0.0,-0.029302548884434867,-0.04871897402952985,5.61454554874616,-4.350815309411189,1.1230914562318723,-3.241398605596205
2.4361999999997646,0.0,0.0,0.0,0.0,0.0,0.0,-0.03039638511278196,-0.047941423394370866,5.613737639194281,-4.35878933870518,1.1185670774490977,-3.2382261567270474
2.4381999999997643,0.0,0.0,0.0,0.0,0.0,0.0,-0.03156115367855064,-0.04714045900141117,5.612920112526854,-4.366649057744076,1.1139767230944966,-3.2346673648794266
2.440199999999764,0.0,0.0,0.0,0.0,0.0,0.0,-0.03279778562850682,-0.04631265943113285,5.612094229505032,-4.3743982802921915,1.1093200546716964,-3.230723857185648
2.442199999999764,0.0,0.0,0.0,0.0,0.0,0.0,-0.03410716895847884,-0.045454510959172405,5.611261453732901,-4.382040971201034,1.1045966510731093,-3.2263972759621065
2.4441999999997637,0.0,0.0,0.0,0.0,0.0,0.0,-0.035490138912354176,-0.04456240813970314,5.610423458391833,-4.389581246725437,1.099806013856033,-3.2216892764828833
2.4461999999997635,0.0,0.0,0.0,0.0,0.0,0.0,-0.036947467361909236,-0.04363265494524123,5.6095821331979945,-4.397023375034645,1.0949475729249265,-3.216601524995359
2.4481999999997632,0.0,0.0,0.0,0.0,0.0,0.0,-0.038479851243902616,-0.04266146653880197,5.608739591539821,-4.404371776890892,1.0900206926245357,-3.211135696956085
2.450199999999763,0.0,0.0,0.0,0.0,0.0,0.0,-0.04008790003285739,-0.04164497175785213,5.607898177745178,-4.411631026466812,1.085024678248958,-3.2052934754650138
2.452199999999763,0.0,0.0,0.0,0.0,0.0,0.0,-0.041772122230571744,-0.040579216392956904,5.607060474420415,-4.418805852271956,1.0799587829720623,-3.199076549876219
2.4541999999997626,0.0,0.0,0.0,0.0,0.0,0.0,-0.04353291085673947,-0.03946016734739032,5.606229309795496,-4.425901138157731,1.0748222152048594,-3.1924866145635042
2.4561999999997624,0.0,0.0,0.0,0.0,0.0,0.0,-0.04537052792917213,-0.03828371776717131,5.6054077650009555,-4.4329219243691576,1.069614146385477,-3.1855253678197535
2.458199999999762,0.0,0.0,0.0,0.0,0.0,0.0,-0.04728508792709681,-0.037045693233948136,5.6045991811934766,-4.439873408611158,1.064333719207293,-3.1781945108695457
2.460199999999762,0.0,0.0,0.0,0.0,0.0,0.0,-0.049276540236954686,-0.035741859115788865,5.603807166437523,-4.4467609470963065,1.0589800562905534,-3.1704957469754373
2.4621999999997617,0.0,0.0,0.0,0.0,0.0,0.0,-0.051344650587080015,-0.03436792917314672,5.603035602240653,-4.45359005554043,1.0535522693023889,-3.1624307806194314
2.4641999999997615,0.0,0.0,0.0,0.0,0.0,0.0,-0.05348898148574598,-0.03291957551896197,5.602288649629938,-4.460366410071945,1.0480494685295827,-3.1540013167424688
2.4661999999997612,0.0,0.0,0.0,0.0,0.0,0.0,-0.055708871686347604,-0.031392440032906546,5.601570754646381,-4.4670958480203025,1.0424707729077018,-3.1452090600263403
2.468199999999761,0.0,0.0,0.0,0.0,0.0,0.0,-0.05800341471406302,-0.029782147330051318,5.600886653123402,-4.473784368548651,1.036815320509281,-3.1360557142042262
2.470199999999761,0.0,0.0,0.0,0.0,0.0,0.0,-0.060371436500269646,-0.02808431938359302,5.600241374604465,-4.480438133095435,1.0310822794926402,-3.126542981388078
2.4721999999997606,0.0,0.0,0.0,0.0,0.0,0.0,-0.06281147218432864,-0.026294591899571656,5.599640245243766,-4.487063465589458,1.02527085951161,-3.1166725614033917
2.4741999999997604,0.0,0.0,0.0,0.0,0.0,0.0,-0.06532174215718269,-0.024408632538573755,5.599088889522844,-4.49366685240276,1.0193803235849344,-3.1064461511244033
2.47619999999976,0.0,0.0,0.0,0.0,0.0,0.0,-0.0679001274375636,-0.02242216107507162,5.598593230605032,-4.500254942005509,1.0134100004224085,-3.09586544380558
2.47819999999976,0.0,0.0,0.0,0.0,0.0,0.0,-0.07054414448950456,-0.020330971579118375,5.598159489139028,-4.506834544287029,1.0073592972028758,-3.084932128408299
2.4801999999997597,0.0,0.0,0.0,0.0,0.0,0.0,-0.07325091960932378,-0.018130956697415688,5.597794180312807,-4.513412629507037,1.00122771279706,-3.073647888924903
2.4821999999997595,0.0,0.0,0.0,0.0,0.0,0.0,-0.07601716303126675,-0.015818134101081256,5.5975041089497,-4.519996326841119,0.9950148514258275,-3.062014403705929
2.4841999999997593,0.0,0.0,0.0,0.0,0.0,0.0,-0.07883914292352703,-0.013388675155577777,5.597296362430087,-4.526592922484478,0.9887204367418619,-3.050033344800033
2.486199999999759,0.0,0.0,0.0,0.0,0.0,0.0,-0.0817126594703462,-0.010838935854037376,5.597178301215005,-4.533209857277921,0.9823443263198761,-3.0377063773202493
2.488199999999759,0.0,0.0,0.0,0.0,0.0,0.0,-0.08463301926121448,-0.008165490038384975,5.597157546742361,-4.5398547238201115,0.9758865265373776,-3.025035158854459
2.4901999999997586,0.0,0.0,0.0,0.0,0.0,0.0,-0.08759501023469113,-0.005365164913087567,5.597241966462739,-4.546535263029997,0.9693472078246452,-3.012021338942419
2.4921999999997584,0.0,0.0,0.0,0.0,0.0,0.0,-0.09059287745189068,-0.0024350788338302946,5.597439655780284,-4.55325936012325,0.9627267202589417,-2.9986665586464203
2.494199999999758,0.0,0.0,0.0,0.0,0.0,0.0,-0.09362030000292006,0.0006273186722176473,5.5977589166652715,-4.560035039966494,0.9560256094740951,-2.984972450247439
2.496199999999758,0.0,0.0,0.0,0.0,0.0,0.0,-0.09667036937829361,0.0038242047267491807,5.5982082327091405,-4.566870461772862,0.9492446328523962,-2.970940637103681
2.4981999999997577,0.0,0.0,0.0,0.0,0.0,0.0,-0.0997355696661526,0.007157338865692901,5.598796240400331,-4.5737739131021975,0.9423847759612984,-2.9565727337134806
2.5001999999997575,0.0,0.0,0.0,0.0,0.0,0.0,-0.10280775996460262,0.01062801688963784,5.5995316964107875,-4.580753803128984,0.9354472691926419,-2.9418703460296967
2.5021999999997573,0.0,0.0,0.0,0.0,0.0,0.0,-0.10587815942615325,0.014237022978349308,5.600423440698754,-4.587818655140631,0.9284336045570689,-2.9268350720779357
2.504199999999757,0.0,0.0,0.0,0.0,0.0,0.0,-0.10893733537750513,0.017984580290803964,5.601480355254159,-4.594977098228412,0.9213455525809209,-2.911468502936062
2.506199999999757,0.0,0.0,0.0,0.0,0.0,0.0,-0.11197519498219786,0.0218703003177815,5.602711318338629,-4.602237858132853,0.914185179247229,-2.8957722241375627
2.5081999999997566,0.0,0.0,0.0,0.0,0.0,0.0,-0.11498098093512722,0.025893131302722975,5.604125154103719,-4.609609747204871,0.9069548629164178,-2.879747817566199
2.5101999999997564,0.0,0.0,0.0,0.0,0.0,0.0,-0.11794327169596112,0.030051306097959002,5.605730577508397,-4.6171016534434886,0.8996573111560208,-2.863396863914081
2.512199999999756,0.0,0.0,0.0,0.0,0.0,0.0,-0.12084998678209978,0.03434228987717761,5.6075361345007275,-4.624722528570503,0.8922955774020886,-2.846720945779668
2.514199999999756,0.0,0.0,0.0,0.0,0.0,0.0,-0.12368839765020902,0.03876272818059784,5.609550137479238,-4.632481375102099,0.884873077368033,-2.829721651486114
2.5161999999997557,0.0,0.0,0.0,0.0,0.0,0.0,-0.1264451446974541,0.04330839582612513,5.611780596106826,-4.640387232377209,0.8773936051094258,-2.8124005797038643
2.5181999999997555,0.0,0.0,0.0,0.0,0.0,0.0,-0.12910626090847935,0.047974147277012304,5.614235143614433,-4.648449161502406,0.8698613486457711,-2.7947593449641803
2.5201999999997553,0.0,0.0,0.0,0.0,0.0,0.0,-0.13165720266078698,0.05275386911335883,5.616920958802967,-4.656676229173486,0.8622809050325159,-2.77679958415236
2.522199999999755,0.0,0.0,0.0,0.0,0.0,0.0,-0.13408288817850775,0.05764043531007357,5.619844684030021,-4.665077490334597,0.8546572947686012,-2.7585229640705755
2.524199999999755,0.0,0.0,0.0,0.0,0.0,0.0,-0.13636774409159622,0.06262566607653436,5.623012339552385,-4.67366196963719,0.8469959754167344,-2.7399311901604024
2.5261999999997546,0.0,0.0,0.0,0.0,0.0,0.0,-0.1384957605132475,0.0677002910617708,5.626429234685807,-4.682438641662933,0.8393028543053281,-2.721026016474048
2.5281999999997544,0.0,0.0,0.0,0.0,0.0,0.0,-0.14045055499194506,0.0728539177720979,5.630099876338988,-4.691416409877765,0.8315843001727994,-2.70180925698087
2.530199999999754,0.0,0.0,0.0,0.0,0.0,0.0,-0.1422154456252603,0.07807500608417414,5.634027875578772,-4.700604084288062,0.8238471536067388,-2.68228279829181
2.532199999999754,0.0,0.0,0.0,0.0,0.0,0.0,-0.14377353353965325,0.08335084976370821,5.638215852986312,-4.710010357775074,0.8160987361224553,-2.6624486138786736
2.5341999999997538,0.0,0.0,0.0,0.0,0.0,0.0,-0.14510779484373654,0.08866756591678744,5.642665343668637,-4.71964378109039,0.8083468577177264,-2.642308779857559
2.5361999999997535,0.0,0.0,0.0,0.0,0.0,0.0,-0.14620118205149274,0.09401009330515532,5.647376702894474,-4.729512736503373,0.8005998227333794,-2.6218654923959934
2.5381999999997533,0.0,0.0,0.0,0.0,0.0,0.0,-0.14703673484692217,0.09936220044693676,5.652349013425603,-4.73962541010165,0.7928664338428018,-2.6011210867912733
2.540199999999753,0.0,0.0,0.0,0.0,0.0,0.0,-0.1475976999229654,0.10470650439847856,5.657579995713168,-4.749989762757918,0.7851559939878333,-2.5800780582529224
2.542199999999753,0.0,0.0,0.0,0.0,0.0,0.0,-0.1478676594761134,0.11002450106942467,5.663065922219687,-4.7606134997908,0.7774783060739552,-2.558739084404944
2.5441999999997527,0.0,0.0,0.0,0.0,0.0,0.0,-0.1478306677750376,0.11529660786033268,5.668801537209475,-4.771504039364508,0.7698436702345729,-2.537107049503451
2.5461999999997524,0.0,0.0,0.0,0.0,0.0,0.0,-0.1474713950486233,0.12050221932868026,5.674779983419699,-4.7826684796916705,0.7622628784727318,-2.5151850703422003
2.548199999999752,0.0,0.0,0.0,0.0,0.0,0.0,-0.14677527775797614,0.12561977648401174,5.6809927370785465,-4.794113565126117,0.7547472064891777,-2.492976523792519
2.550199999999752,0.0,0.0,0.0,0.0,0.0,0.0,-0.1457286741310388,0.13062685018547043,5.687429552772787,-4.805845651257687,0.7473084025085946,-2.4704850758949513
2.552199999999752,0.0,0.0,0.0,0.0,0.0,0.0,-0.1443190236504513,0.13550023896485786,5.694078419681247,-4.817870669149227,0.7399586729214799,-2.44771471238786
2.5541999999997516,0.0,0.0,0.0,0.0,0.0,0.0,-0.14253500899880334,0.14021608142589434,5.700925530680543,-4.830194088886871,0.7327106645678404,-2.424669770523201
2.5561999999997513,0.0,0.0,0.0,0.0,0.0,0.0,-0.14036671878460832,0.14474998317642618,5.707955265791833,-4.842820882648086,0.7255774435010514,-2.40135497198208
2.558199999999751,0.0,0.0,0.0,0.0,0.0,0.0,-0.13780580920143912,0.149077158036369,5.715150191370028,-4.855755487527798,0.7185724700862074,-2.3777754566628055
2.560199999999751,0.0,0.0,0.0,0.0,0.0,0.0,-0.134845662616659,0.15317258303252143,5.722491076337588,-4.869001768400428,0.7117095703074103,-2.3539368170724533
2.5621999999997507,0.0,0.0,0.0,0.0,0.0,0.0,-0.13148154094986042,0.15701116644486146,5.729956926632362,-4.882562981134516,0.7050029031830124,-2.329845133010135
2.5641999999997505,0.0,0.0,0.0,0.0,0.0,0.0,-0.127710731589776,0.16056792791135727,5.737525038871801,-4.896441736515936,0.6984669242170661,-2.3055070061869225
2.5661999999997502,0.0,0.0,0.0,0.0,0.0,0.0,-0.12353268351685912,0.1638181893340485,5.745171074034377,-4.9106399652746715,0.6921163448493205,-2.280929594384754
2.56819999999975,0.0,0.0,0.0,0.0,0.0,0.0,-0.11894913125209362,0.16673777506335366,5.752869151723838,-4.925158884647543,0.6859660879050837,-2.2561206447156716
2.57019999999975,0.0,0.0,0.0,0.0,0.0,0.0,-0.11396420424514743,0.16930321957597566,5.760591965314828,-4.939998966944068,0.6800312390900932,-2.231088525504711
2.5721999999997496,0.0,0.0,0.0,0.0,0.0,0.0,-0.10858451935079856,0.17149198061065354,5.7683109179822205,-4.955159910613333,0.6743269946240136,-2.2058422562860387
2.5741999999997494,0.0,0.0,0.0,0.0,0.0,0.0,-0.10281925412482633,0.1732826554919871,5.775996279295197,-4.97064061433491,0.6688686051589433,-2.1803915353740466
2.576199999999749,0.0,0.0,0.0,0.0,0.0,0.0,-0.09668019880155149,0.17465519816243447,5.783617361715531,-4.986439154674926,0.6636713161858294,-2.15474676445059
2.578199999999749,0.0,0.0,0.0,0.0,0.0,0.0,-0.09018178499612184,0.1755911342631653,5.7911427159839555,-5.00255276785779,0.6587503051912514,-2.128919069598007
2.5801999999997487,0.0,0.0,0.0,0.0,0.0,0.0,-0.08334108940548227,0.17607377146225248,5.798540344015719,-5.018977836203263,0.6541206158887091,-2.1029203182065017
2.5821999999997485,0.0,0.0,0.0,0.0,0.0,0.0,-0.07617781106130321,0.17608840212982502,5.805777927564422,-5.035709879766143,0.6497970899112284,-2.0767631311953703
2.5841999999997483,0.0,0.0,0.0,0.0,0.0,0.0,-0.06871422101323463,0.1756224954095428,5.812823070560417,-5.052743553690452,0.6457942964144998,-2.0504608900116184
2.586199999999748,0.0,0.0,0.0,0.0,0.0,0.0,-0.06097508368743656,0.17466587573854167,5.819643552695359,-5.070072651750857,0.6421264601003918,-2.0240277379077036
2.588199999999748,0.0,0.0,0.0,0.0,0.0,0.0,-0.052987549567728554,0.1732108849268687,5.826207591516804,-5.087690116500364,0.6388073882279762,-1.9974785750531143
2.5901999999997476,0.0,0.0,0.0,0.0,0.0,0.0,-0.044781019278085976,0.17125252502438368,5.832484110025195,-5.1055880563749225,0.6358503972314317,-1.9708290471023666
2.5921999999997474,0.0,0.0,0.0,0.0,0.0,0.0,-0.03638697959722061,0.16878857937824526,5.838443006538198,-5.1237577700228885,0.6332682396096446,-1.9440955269244855
2.594199999999747,0.0,0.0,0.0,0.0,0.0,0.0,-0.027838812399758488,0.16581970951630073,5.844055423412051,-5.142189778031014,0.6310730317892642,-1.9172950892951883
2.596199999999747,0.0,0.0,0.0,0.0,0.0,0.0,-0.018142206285198175,0.16830579207305862,5.850596118663557,-5.160875938401191,0.629272460106087,-1.8904414998184735
2.5981999999997467,0.0,0.0,0.0,0.0,0.0,0.0,-0.008960872215332667,0.16449039953653696,5.855790026874212,-5.179812954674957,0.6278639227194115,-1.8635387086899893
2.6001999999997465,0.0,0.0,0.0,0.0,0.0,0.0,0.0002798098104169047,0.16014039545051068,5.860549763704146,-5.198989885424629,0.6268569690601152,-1.8366047964227086
2.6021999999997463,0.0,0.0,0.0,0.0,0.0,0.0,0.009537617176995824,0.1552679168619655,5.864851187663146,-5.218394388510295,0.6262615875757536,-1.809659829101401
2.604199999999746,0.0,0.0,0.0,0.0,0.0,0.0,0.01876959383233169,0.14988848967116486,5.868672741481567,-5.238013531872856,0.6260867845762412,-1.7827243656789251
2.606199999999746,0.0,0.0,0.0,0.0,0.0,0.0,0.02793240216547208,0.1440209518775352,5.871995674167924,-5.257833867838643,0.626340526832648,-1.7558193927048724
2.6081999999997456,0.0,0.0,0.0,0.0,0.0,0.0,0.036982685057004534,0.13768733991128101,5.874804235835631,-5.27784151332503,0.6270296903614241,-1.7289662533731163
2.6101999999997454,0.0,0.0,0.0,0.0,0.0,0.0,0.04587743334723614,0.13091273898775654,5.877085842205956,-5.298022235132327,0.6281600160288273,-1.7021865716639708
2.612199999999745,0.0,0.0,0.0,0.0,0.0,0.0,0.05457435379649967,0.12372509902729305,5.878831206157157,-5.3183615393966885,0.629736072525417,-1.675502172468404
2.614199999999745,0.0,0.0,0.0,0.0,0.0,0.0,0.0630322325355701,0.11615501826660922,5.880034434210682,-5.338844764186317,0.6317612271626994,-1.6489349986752477
2.6161999999997447,0.0,0.0,0.0,0.0,0.0,0.0,0.07121128902559432,0.10823549723568712,5.880693086412602,-5.359457174152451,0.6342376248355407,-1.6225070262742693
2.6181999999997445,0.0,0.0,0.0,0.0,0.0,0.0,0.07907351566651163,0.10000166627368844,5.880808198668995,-5.3801840560999254,0.6371661753773671,-1.596240178575677
2.6201999999997443,0.0,0.0,0.0,0.0,0.0,0.0,0.08658299840875179,0.09149049019785632,5.880384267213928,-5.4010108143214355,0.6405465494133216,-1.5701562406683018
2.622199999999744,0.0,0.0,0.0,0.0,0.0,0.0,0.09370621403038497,0.08274045411067688,5.879429195513835,-5.421923064545575,0.6443771826925067,-1.544276775233629
2.624199999999744,0.0,0.0,0.0,0.0,0.0,0.0,0.1004123001340104,0.07379123462479689,5.877954204528214,-5.442906725381244,0.6486552887573814,-1.5186230408011385
2.6261999999997436,0.0,0.0,0.0,0.0,0.0,0.0,0.10667329438551237,0.06468336099627495,5.875973707839848,-5.463948106198727,0.6533768796893711,-1.493215913473319
2.6281999999997434,0.0,0.0,0.0,0.0,0.0,0.0,0.11246434004939644,0.055457870780541124,5.873505153725357,-5.485033990468641,0.6585367945577355,-1.468075813068362
2.630199999999743,0.0,0.0,0.0,0.0,0.0,0.0,0.117763855460204,0.04615596466002023,5.87056883674671,-5.506151713680972,0.6641287350963614,-1.4432226345278214
2.632199999999743,0.0,0.0,0.0,0.0,0.0,0.0,0.12255366569281399,0.036818665038001866,5.867187681896157,-5.5272892350839955,0.6701453080426635,-1.418675685319076
2.6341999999997427,0.0,0.0,0.0,0.0,0.0,0.0,0.126819095341502,0.027486482852390068,5.863387004711817,-5.548435202612906,0.6765780734960106,-1.3944536294322982
2.6361999999997425,0.0,0.0,0.0,0.0,0.0,0.0,0.13054902197355972,0.01819909683988335,5.8591942510921164,-5.569579010516125,0.6834175985913483,-1.37057443843314
2.6381999999997423,0.0,0.0,0.0,0.0,0.0,0.0,0.1337358904729365,0.00899504918246099,5.854638720769208,-5.590710849329041,0.6906535157377508,-1.3470553498898958
2.640199999999742,0.0,0.0,0.0,0.0,0.0,0.0,0.13637568911819503,-8.853889805822316e-05,5.849751278551661,-5.611821747986162,0.6982745846417688,-1.3239128333517471
2.642199999999742,0.0,0.0,0.0,0.0,0.0,0.0,0.1384678888333904,-0.009016228455311212,5.844564057514107,-5.632903607999297,0.7062687573214007,-1.3011625639167848
2.6441999999997416,0.0,0.0,0.0,0.0,0.0,0.0,0.14001534759781245,-0.017754498371712845,5.839110158297527,-5.653949229757855,0.7146232453176221,-1.2788194032983438
2.6461999999997414,0.0,0.0,0.0,0.0,0.0,0.0,0.14102418249001372,-0.0262719529828108,5.833423348591616,-5.674952331124798,0.7233245883255713,-1.2568973881787067
2.648199999999741,0.0,0.0,0.0,0.0,0.0,0.0,0.14150361226438674,-0.034539500132648344,5.827537766705311,-5.6959075586058265,0.7323587234953239,-1.2354097255327372
2.650199999999741,0.0,0.0,0.0,0.0,0.0,0.0,0.14146577370769714,-0.04253049855643752,5.821487632899757,-5.71681049145828,0.7417110546910487,-1.2143687945121553
2.6521999999997408,0.0,0.0,0.0,0.0,0.0,0.0,0.1409255152941614,-0.05022087402029927,5.81530697186792,-5.737657639179103,0.7513665210454438,-1.193786154404918
2.6541999999997405,0.0,0.0,0.0,0.0,0.0,0.0,0.13990017184826126,-0.0575892041663886,5.80902934940593,-5.758446432867618,0.7613096642018301,-1.1736725581239111
2.6561999999997403,0.0,0.0,0.0,0.0,0.0,0.0,0.13840932403475117,-0.06461677250476715,5.802687625942996,-5.779175210998909,0.7715246936972692,-1.154037970634681
2.65819999999974,0.0,0.0,0.0,0.0,0.0,0.0,0.13647454652715238,-0.07128759245108114,5.796313729189992,-5.799843200168133,0.7819955500047541,-1.1348915917025195
2.66019999999974,0.0,0.0,0.0,0.0,0.0,0.0,0.13411914866350855,-0.07758840272349601,5.789938447742058,-5.820450491375972,0.7927059648192002,-1.1162418823238562
2.6621999999997397,0.0,0.0,0.0,0.0,0.0,0.0,0.13136791128705155,-0.08350863577681936,5.783591247038199,-5.84099801242223,0.8036395182391002,-1.0980965942041327
2.6641999999997394,0.0,0.0,0.0,0.0,0.0,0.0,0.12824682329672646,-0.08904036126161681,5.7773001086509135,-5.861487496959729,0.8147796925619181,-1.0804628016526383
2.6661999999997392,0.0,0.0,0.0,0.0,0.0,0.0,0.1247828212064791,-0.0941782067482838,5.771091393460357,-5.881921450735949,0.8261099224754472,-1.0633469352823992
2.668199999999739,0.0,0.0,0.0,0.0,0.0,0.0,0.12100353474174129,-0.09891925814939934,5.764989728868751,-5.902303115517074,0.8376136414884655,-1.0467548169284675
2.670199999999739,0.0,0.0,0.0,0.0,0.0,0.0,0.1169370411959711,-0.10326294240828945,5.759017919838688,-5.922636431149827,0.8492743245013454,-1.0306916952290677
2.6721999999997386,0.0,0.0,0.0,0.0,0.0,0.0,0.11261163093887691,-0.107210895099643,5.753196883199458,-5.942925996172562,0.8610755264702786,-1.0151622813494898
2.6741999999997383,0.0,0.0,0.0,0.0,0.0,0.0,0.10805558612031392,-0.11076681561216266,5.747545604363099,-5.96317702733992,0.8730009171670566,-1.0001707843668122
2.676199999999738,0.0,0.0,0.0,0.0,0.0,0.0,0.10329697425862458,-0.11393631255780454,5.742081115329618,-5.983395318376391,0.8850343120797385,-0.9857209458732213
2.678199999999738,0.0,0.0,0.0,0.0,0.0,0.0,0.09836345804749548,-0.11672674198213547,5.736818492640765,-6.003587198224612,0.8971596995379506,-0.9718160733957
2.6801999999997377,0.0,0.0,0.0,0.0,0.0,0.0,0.09328212236867253,-0.11914704084136182,5.731770873764445,-6.023759489005177,0.9093612641800879,-0.958459072269228
2.6821999999997375,0.0,0.0,0.0,0.0,0.0,0.0,0.08807931916538671,-0.12120755806957592,5.726949490256926,-6.0439194638571,0.921623406908453,-0.9456524756386484
2.6841999999997372,0.0,0.0,0.0,0.0,0.0,0.0,0.08278053051858868,-0.12291988539093217,5.722363715956123,-6.064074804782555,0.933930761502664,-0.9333984723003859
2.686199999999737,0.0,0.0,0.0,0.0,0.0,0.0,0.0774102499793567,-0.1242966898419599,5.718021128403984,-6.084233560576711,0.9462682080817477,-0.9216989321289152
2.688199999999737,0.0,0.0,0.0,0.0,0.0,0.0,0.07199188194942177,-0.12535154976490612,5.7139275816767245,-6.104404104883883,0.9586208836215716,-0.9105554288640044
2.6901999999997366,0.0,0.0,0.0,0.0,0.0,0.0,0.06654765866994715,-0.12609879581962363,5.710087288814677,-6.1245950943851835,0.9709741897470198,-0.899969260063254
2.6921999999997364,0.0,0.0,0.0,0.0,0.0,0.0,0.06109857417783849,-0.12655335834409778,5.706502912085257,-6.144815427090637,0.9833137980279542,-0.8899414640503549
2.694199999999736,0.0,0.0,0.0,0.0,0.0,0.0,0.05566433441937293,-0.12673062217708211,5.703175659378855,-6.165074200680546,0.9956256530148982,-0.8804728337129948
2.696199999999736,0.0,0.0,0.0,0.0,0.0,0.0,0.05026332257260439,-0.12664628984431067,5.700105385124394,-6.185380670816942,1.0078959732548827,-0.8715639270257183
2.6981999999997357,0.0,0.0,0.0,0.0,0.0,0.0,0.04491257852178565,-0.12631625380608377,5.697290694214654,-6.205744209326329,1.020111250530359,-0.8632150741926771
2.7001999999997355,0.0,0.0,0.0,0.0,0.0,0.0,0.039627791347514825,-0.12575647827129377,5.69472904754747,-6.22617426213972,1.0322582475648,-0.8554263813235222
2.7021999999997353,0.0,0.0,0.0,0.0,0.0,0.0,0.03442330364350626,-0.12498289090355227,5.692416867913814,-6.24668030686541,1.044323994437845,-0.8481977305732111
2.704199999999735,0.0,0.0,0.0,0.0,0.0,0.0,0.029312126442556444,-0.12401128458052166,5.690349645094147,-6.267271809863955,1.0562957839508749,-0.8415287766937655
2.706199999999735,0.0,0.0,0.0,0.0,0.0,0.0,0.024305963527967035,-0.12285722921905819,5.688522039157188,-6.287958182693811,1.0681611661808568,-0.8354189399636339
2.7081999999997346,0.0,0.0,0.0,0.0,0.0,0.0,0.019415243919776337,-0.12153599354687447,5.686927981087734,-6.30874873779995,1.0799079424563895,-0.8298673954788838
2.7101999999997344,0.0,0.0,0.0,0.0,0.0,0.0,0.014649161355088772,-0.12006247658634908,5.685560769999936,-6.329652643326819,1.0915241589851858,-0.8248730588106093
2.712199999999734,0.0,0.0,0.0,0.0,0.0,0.0,0.010015719625811399,-0.11845114851772706,5.684413166317536,-6.350678876951485,1.1029981003568068,-0.8204345680553152
2.714199999999734,0.0,0.0,0.0,0.0,0.0,0.0,0.00552178269288844,-0.1167160005066796,5.683477480421436,-6.37183617865266,1.1143182831383538,-0.816550262330243
2.7161999999997337,0.0,0.0,0.0,0.0,0.0,0.0,0.0011731285611326565,-0.11487050301445953,5.6827456563763565,-6.393133002356999,1.1254734497739933,-0.8132181567941975
2.7181999999997335,0.0,0.0,0.0,0.0,0.0,0.0,-0.0015488640575800725,-0.11145226771335244,5.6832851490052505,-6.414577487850559,1.1364525809102068,-0.8104358464778959
2.7201999999997333,0.0,0.0,0.0,0.0,0.0,0.0,0.006545371081262676,-0.09860701772782547,5.691265999582858,-6.436184282438721,1.1472507778059498,-0.8081785228983496
2.722199999999733,0.0,0.0,0.0,0.0,0.0,0.0,0.0033291843988580137,-0.09739680260554176,5.690951278521529,-6.457971497051585,1.1578673342905899,-0.8064078789608352
2.724199999999733,0.0,0.0,0.0,0.0,0.0,0.0,0.0002224808815622317,-0.09612596542897521,5.690769691576768,-6.479945918094867,1.1682928810161197,-0.8051195166802728
2.7261999999997326,0.0,0.0,0.0,0.0,0.0,0.0,-0.0027729606413874224,-0.09480294952735421,5.690715104312932,-6.502113314400088,1.1785177468921688,-0.8043102704716929
2.7281999999997324,0.0,0.0,0.0,0.0,0.0,0.0,-0.005655992516641633,-0.09343578973630934,5.690781349566062,-6.524478920325646,1.188532407368938,-0.8039764650811841
2.730199999999732,0.0,0.0,0.0,0.0,0.0,0.0,-0.008426057757107237,-0.09203210198929246,5.690962266025226,-6.547047383355684,1.1983274885761768,-0.8041138742133243
2.732199999999732,0.0,0.0,0.0,0.0,0.0,0.0,-0.009584387932934072,-0.4938982493230629,5.565918129007744,-6.569436208304617,1.207333007327676,-0.8051209406177365
2.7341999999997317,0.0,0.0,0.0,0.0,0.0,0.0,-0.027382145027566075,-0.41496942945574355,5.590303490904627,-6.591023786188299,1.2146816393988913,-0.8075609038241769
2.7361999999997315,0.0,0.0,0.0,0.0,0.0,0.0,-0.039593281027818096,-0.348628434910413,5.612791786808324,-6.611911244091967,1.220586369588337,-0.8111978398322414
2.7381999999997313,0.0,0.0,0.0,0.0,0.0,0.0,-0.04780415753358922,-0.2920751422188598,5.6332702287006455,-6.632198530507395,1.225250512333255,-0.8158208079905811
2.740199999999731,0.0,0.0,0.0,0.0,0.0,0.0,-0.053135803503598984,-0.2435612023297917,5.65164301824292,-6.6519737550738975,1.2288522930765327,-0.821251153443613
2.742199999999731,0.0,0.0,0.0,0.0,0.0,0.0,-0.056391577572743566,-0.20170591735132365,5.667933210645011,-6.671314842803812,1.2315478582761374,-0.8273371670629417
2.7441999999997306,0.0,0.0,0.0,0.0,0.0,0.0,-0.05814802269774962,-0.16541445498909066,5.6822334910117265,-6.6902907291063265,1.2334737442360937,-0.8339498580659555
2.7461999999997304,0.0,0.0,0.0,0.0,0.0,0.0,-0.05881946101141645,-0.13381397547204926,5.6946750710116465,-6.708962361085696,1.2347491063128266,-0.8409794529628143
2.74819999999973,0.0,0.0,0.0,0.0,0.0,0.0,-0.058704067747868516,-0.10620401249881653,5.705408064919422,-6.72738355393166,1.2354777234146006,-0.8483324842613664
2.75019999999973,0.0,0.0,0.0,0.0,0.0,0.0,-0.058016822333637204,-0.08201806500868263,5.714589169626668,-6.745601736682249,1.2357497944029145,-0.8559293602958744
2.7521999999997298,0.0,0.0,0.0,0.0,0.0,0.0,-0.056913120573464406,-0.06079394014316273,5.722374012049997,-6.763658611251685,1.2356435435433801,-0.8637023290958238
2.7541999999997295,0.0,0.0,0.0,0.0,0.0,0.0,-0.05550571424445672,-0.04215089316489754,5.728912492149563,-6.781590741342565,1.2352266519597432,-0.871593766082026
2.7561999999997293,0.0,0.0,0.0,0.0,0.0,0.0,-0.0538768668284904,-0.025772028008827382,5.734346056929914,-6.799430082862191,1.234557531398004,-0.879554728743062
2.758199999999729,0.0,0.0,0.0,0.0,0.0,0.0,-0.0532759574918533,-0.02083153994719261,5.736433896293331,-6.817201633984881,1.2336824448905683,-0.8875463323687354
2.760199999999729,0.0,0.0,0.0,0.0,0.0,0.0,-0.053066323379251816,-0.019644500589349807,5.737502326795586,-6.834908460155307,1.2326150842319168,-0.8955522614270446
2.7621999999997287,0.0,0.0,0.0,0.0,0.0,0.0,-0.052823249468311774,-0.01846200831561358,5.738550594174793,-6.852545387546252,1.231357183231205,-0.9035643875521272
2.7641999999997284,0.0,0.0,0.0,0.0,0.0,0.0,-0.05254764933688021,-0.017284384257402873,5.739578005549556,-6.870107356787396,1.229910577297095,-0.9115747609590753
2.766199999999728,0.0,0.0,0.0,0.0,0.0,0.0,-0.05224043463307389,-0.016111945476727663,5.740583898876763,-6.8875894584553725,1.2282772297676472,-0.9195756039819287
2.768199999999728,0.0,0.0,0.0,0.0,0.0,0.0,-0.05190251512641578,-0.014945005794462556,5.741567642697042,-6.904986945958412,1.2264592271113732,-0.927559323866118
2.7701999999997278,0.0,0.0,0.0,0.0,0.0,0.0,-0.05153479878799468,-0.013783876504089927,5.742528635914658,-6.922295247303972,1.224458773882453,-0.9355185245010582
2.7721999999997275,0.0,0.0,0.0,0.0,0.0,0.0,-0.05113819189157704,-0.012628866969754002,5.74346630760727,-6.939509975708054,1.2222781874614277,-0.9434460170510814
2.7741999999997273,0.0,0.0,0.0,0.0,0.0,0.0,-0.050713599127675035,-0.011480285108533859,5.744380116860842,-6.956626939016858,1.219919892613442,-0.9513348294546423
2.776199999999727,0.0,0.0,0.0,0.0,0.0,0.0,-0.050261923722736426,-0.010338437757850372,5.745269552624945,-6.973642147923236,1.2173864158964558,-0.9591782147733579
2.778199999999727,0.0,0.0,0.0,0.0,0.0,0.0,-0.049784067555880614,-0.009203630929982493,5.7461341335836735,-6.990551822971917,1.214680379951839,-0.9669696583837322
2.7801999999997267,0.0,0.0,0.0,0.0,0.0,0.0,-0.049280931265920945,-0.008076169956633227,5.74697340803743,-7.007352400358386,1.2118044977094113,-0.9747028840152457
2.7821999999997264,0.0,0.0,0.0,0.0,0.0,0.0,-0.048753414341838365,-0.00695635952741497,5.747786953790961,-7.024040536536704,1.2087615665382854,-0.982371858648701
2.7841999999997262,0.0,0.0,0.0,0.0,0.0,0.0,-0.04820241519033697,-0.005844503627011939,5.748574378043106,-7.040613111661131,1.205554462373914,-0.9899707962981992
2.786199999999726,0.0,0.0,0.0,0.0,0.0,0.0,-0.047628831174670226,-0.004740905376516074,5.749335317273912,-7.05706723189512,1.2021861338504816,-0.9974941607087787
2.788199999999726,0.0,0.0,0.0,0.0,0.0,0.0,-0.0470335586195061,-0.0036458667851434288,5.750069437124974,-7.073400230629188,1.198659596466303,-1.0049366670094964
2.7901999999997256,0.0,0.0,0.0,0.0,0.0,0.0,-0.04641749277724979,-0.0025596884191108333,5.750776432269012,-7.089609668655903,1.1949779268082295,-1.012293282368539
2.7921999999997253,0.0,0.0,0.0,0.0,0.0,0.0,-0.04578152775190148,-0.0014826689949338533,5.751456026265004,-7.105693333356193,1.1911442568592199,-1.0195592257027624
2.794199999999725,0.0,0.0,0.0,0.0,0.0,0.0,-0.045126556377214036,-0.00041510490478592903,5.752107971395384,-7.121649236956013,1.1871617684112745,-1.0267299664988814
2.796199999999725,0.0,0.0,0.0,0.0,0.0,0.0,-0.04445347004661177,0.0006427103181600322,5.752732048482115,-7.137475613916238,1.1830336876038892,-1.033801222807369
2.7981999999997247,0.0,0.0,0.0,0.0,0.0,0.0,-0.04376315849302013,0.0016904865863166423,5.7533280666786615,-7.153170917521616,1.1787632796060652,-1.0407689584729904
2.8001999999997245,0.0,0.0,0.0,0.0,0.0,0.0,-0.043056509517434324,0.0027279378880001137,5.753895863235234,-7.16873381573649,1.1743538434577843,-1.0476293796678575
2.8021999999997242,0.0,0.0,0.0,0.0,0.0,0.0,-0.042334408665717325,0.003754782953296671,5.754435303234906,-7.184163186396182,1.1698087070847214,-1.0543789307939686
2.804199999999724,0.0,0.0,0.0,0.0,0.0,0.0,-0.04159773885374274,0.004770745947357528,5.75494627929849,-7.199458111803128,1.1651312224978587,-1.0610142898224633
2.806199999999724,0.0,0.0,0.0,0.0,0.0,0.0,-0.04084737994159838,0.005775557183154776,5.755428711256395,-7.214617872796437,1.1603247611876115,-1.0675323631363687
2.8081999999997236,0.0,0.0,0.0,0.0,0.0,0.0,-0.04008420825812493,0.006768953845917083,5.75588254578593,-7.22964194236239,1.1553927097200818,-1.0739302799424666
2.8101999999997234,0.0,0.0,0.0,0.0,0.0,0.0,-0.03930909607757718,0.007750680721737964,5.75630775601282,-7.244529978851657,1.150338465541171,-1.0802053863162013
2.812199999999723,0.0,0.0,0.0,0.0,0.0,0.0,-0.03852291105066464,0.008720490923142456,5.756704341076038,-7.259281818866801,1.145165432992466,-1.0863552389413178
2.814199999999723,0.0,0.0,0.0,0.0,0.0,0.0,-0.03772651559265595,0.009678146604735389,5.75707232565528,-7.273897469880967,1.139877019541146,-1.0923775986032627
2.8161999999997227,0.0,0.0,0.0,0.0,0.0,0.0,-0.036920766231607886,0.010623419662418867,5.75741175946077,-7.288377102645592,1.1344766322245792,-1.098270423492367
2.8181999999997225,0.0,0.0,0.0,0.0,0.0,0.0,-0.03610651292010568,0.011556092410069961,5.757722716685333,-7.302721043441727,1.1289676743088466,-1.104031862369546
2.8201999999997223,0.0,0.0,0.0,0.0,0.0,0.0,-0.03528459831418652,0.012475958227973524,5.758005295418979,-7.316929766226028,1.1233535421591239,-1.1096602476437516
2.822199999999722,0.0,0.0,0.0,0.0,0.0,0.0,-0.03445585702336136,0.013382822177723408,5.758259617026531,-7.331003884718807,1.1176376223186697,-1.1151540884067697
2.824199999999722,0.0,0.0,0.0,0.0,0.0,0.0,-0.033621114835832855,0.014276501578763708,5.758485825489108,-7.344944144477801,1.11182328879213,-1.1205120634672296
2.8261999999997216,0.0,0.0,0.0,0.0,0.0,0.0,-0.032781187923179286,0.015156826542144603,5.758684086710547,-7.358751414997576,1.105913900527944,-1.1257330144219257
2.8281999999997214,0.0,0.0,0.0,0.0,0.0,0.0,-0.03193688202886613,0.01602364045755429,5.758854587790132,-7.3724266818706585,1.0999127990938504,-1.1308159387988244
2.830199999999721,0.0,0.0,0.0,0.0,0.0,0.0,-0.03108899164504553,0.016876800430098312,5.7589975362632435,-7.3859710390428805,1.093823306538817,-1.1357599833024281
2.832199999999721,0.0,0.0,0.0,0.0,0.0,0.0,-0.03023829918213018,0.017716177663758333,5.759113159311805,-7.399385681191732,1.0876487234341634,-1.1405644371885844
2.8341999999997207,0.0,0.0,0.0,0.0,0.0,0.0,-0.029385574135647432,0.018541657788904303,5.759201702946641,-7.412671896253088,1.081392327086188,-1.1452287257923537
2.8361999999997205,0.0,0.0,0.0,0.0,0.0,0.0,-0.028531572254853844,0.019353141131661353,5.759263431164093,-7.4258310581183435,1.0750573699122694,-1.149752404229236
2.8381999999997203,0.0,0.0,0.0,0.0,0.0,0.0,-0.027677034717547108,0.020150542923366734,5.759298625079427,-7.438864619520773,1.068647077972151,-1.1541351512868903
2.84019999999972,0.0,0.0,0.0,0.0,0.0,0.0,-0.026822687315429534,0.02093379344878767,5.759307582039817,-7.451774105127018,1.062164649645952,-1.158376763521507
2.84219999999972,0.0,0.0,0.0,0.0,0.0,0.0,-0.025969239654288538,0.021702838132167248,5.759290614719809,-7.464561104846754,1.0556132544503534,-1.1624771495702249
2.8441999999997196,0.0,0.0,0.0,0.0,0.0,0.0,-0.025117384373127345,0.02245763756060062,5.759248050202366,-7.477227267371012,1.0489960319843867,-1.1664363246883722
2.8461999999997194,0.0,0.0,0.0,0.0,0.0,0.0,-0.024267796386247358,0.02319816744462328,5.759180229048727,-7.489774293947237,1.0423160909962963,-1.1702544055179538
2.848199999999719,0.0,0.0,0.0,0.0,0.0,0.0,-0.023421132152112466,0.023924418516297292,5.7590875043604415,-7.502203932396982,1.0355765085630433,-1.173931605091602
2.850199999999719,0.0,0.0,0.0,0.0,0.0,0.0,-0.022578028972658627,0.0246363963654589,5.758970240837001,-7.514517971380099,1.028780329374174,-1.1774682280742317
2.8521999999997187,0.0,0.0,0.0,0.0,0.0,0.0,-0.021739104326504177,0.025334121215157126,5.758828813832628,-7.52671823490755,1.0219305651119501,-1.1808646662428508
2.8541999999997185,0.0,0.0,0.0,0.0,0.0,0.0,-0.020904955239313714,0.026017627637680743,5.758663608415769,-7.538806577103283,1.0150301939198851,-1.18412139420337
2.8561999999997183,0.0,0.0,0.0,0.0,0.0,0.0,-0.02007615769435155,0.026686964212902654,5.758475018434888,-7.550784877214228,1.0080821599520713,-1.1872389653418258
2.858199999999718,0.0,0.0,0.0,0.0,0.0,0.0,-0.019253266086007068,0.02734219313101069,5.758263445594194,-7.562655034866201,1.0010893729959813,-1.1902180080061995
2.860199999999718,0.0,0.0,0.0,0.0,0.0,0.0,-0.018436812718848603,0.027983389742005624,5.758029298542839,-7.574418965562366,0.9940547081617146,-1.1930592219138956
2.8621999999997176,0.0,0.0,0.0,0.0,0.0,0.0,-0.017627307354494658,0.028610642054642543,5.757772991981138,-7.586078596420021,0.986981005630997,-1.1957633747790402
2.8641999999997174,0.0,0.0,0.0,0.0,0.0,0.0,-0.01682523680833197,0.029224050187778527,5.757494945787274,-7.597635862140601,0.9798710704595631,-1.1983312991529256
2.866199999999717,0.0,0.0,0.0,0.0,0.0,0.0,-0.016031064597835713,0.029823725777346186,5.757195584167816,-7.609092701207179,0.9727276724268941,-1.2007638894703
2.868199999999717,0.0,0.0,0.0,0.0,0.0,0.0,-0.01524523064397772,0.030409791342416115,5.756875334835326,-7.620451052303116,0.9655535459276309,-1.2030620992936338
2.8701999999997168,0.0,0.0,0.0,0.0,0.0,0.0,-0.014468151026920062,0.030982379614031965,5.756534628216123,-7.631712850945155,0.9583513898993355,-1.205226938747066
2.8721999999997165,0.0,0.0,0.0,0.0,0.0,0.0,-0.013700217796915971,0.031541632830698475,5.756173896691154,-7.642880026323826,0.9511238677816121,-1.207259472131415
2.8741999999997163,0.0,0.0,0.0,0.0,0.0,0.0,-0.012941798841046653,0.03208770200458154,5.755793573872694,-7.653954498343824,0.9438736075019553,-1.2091608157113776
2.876199999999716,0.0,0.0,0.0,0.0,0.0,0.0,-0.012193237806149391,0.03262074616262109,5.7553940939194455,-7.664938174856852,0.9366032014840292,-1.2109321356658957
2.878199999999716,0.0,0.0,0.0,0.0,0.0,0.0,-0.011454854077993964,0.03314093156689123,5.754975890892328,-7.675832949079269,0.9293152066744217,-1.2125746461925841
2.8801999999997157,0.0,0.0,0.0,0.0,0.0,0.0,-0.01072694281650131,0.033648430918636126,5.754539398153058,-7.686640697186909,0.9220121445842401,-1.21408960775708
2.8821999999997154,0.0,0.0,0.0,0.0,0.0,0.0,-0.010009775046504762,0.03414342255048069,5.75408504780733,-7.697363276079413,0.9146965013422433,-1.2154783254782304
2.884199999999715,0.0,0.0,0.0,0.0,0.0,0.0,-0.009303597803298222,0.03462608961136217,5.753613270194171,-7.708002521306505,0.9073707277565117,-1.2167421476400986
2.886199999999715,0.0,0.0,0.0,0.0,0.0,0.0,-0.0086086343319412,0.035096619248746234,5.753124493422741,-7.71856024514873,0.9000372393819541,-1.2178824643219235
2.8881999999997148,0.0,0.0,0.0,0.0,0.0,0.0,-0.007925084339041332,0.0355552017926756,5.752619142957597,-7.729038234845347,0.8926984165912499,-1.2189007061373145
2.8901999999997146,0.0,0.0,0.0,0.0,0.0,0.0,-0.00725312429548851,0.036002029946163895,5.752097641253103,-7.739438250962218,0.8853566046470931,-1.2197983430741752
2.8921999999997143,0.0,0.0,0.0,0.0,0.0,0.0,-0.00659290778838059,0.036437297986380915,5.751560407437422,-7.749762025892755,0.8780141137738778,-1.2205768834270676
2.894199999999714,0.0,0.0,0.0,0.0,0.0,0.0,-0.005944565920153109,0.03686120098097996,5.751007857046184,-7.760011262485183,0.8706732192272204,-1.2212378728139892
2.896199999999714,0.0,0.0,0.0,0.0,0.0,0.0,-0.008598484719347795,0.03862647352761902,5.74988986011709,-7.7701870889934925,0.8633360618904012,-1.2217841131540097
2.8981999999997137,0.0,0.0,0.0,0.0,0.0,0.0,-0.012304509976914823,0.040952894686883304,5.748583506933446,-7.780285862266095,0.8560038705237819,-1.2222291163601213
2.9001999999997135,0.0,0.0,0.0,0.0,0.0,0.0,-0.015094137710838252,0.04302389248768794,5.747415802863133,-7.790302423765348,0.8486775286261757,-1.2225899058053606
2.9021999999997132,0.0,0.0,0.0,0.0,0.0,0.0,-0.01712577749728572,0.044866894034031754,5.746358792433202,-7.800232883557434,0.8413580790542631,-1.2228807670802735
2.904199999999713,0.0,0.0,0.0,0.0,0.0,0.0,-0.018531640018489268,0.04650623952417716,5.7453899072446095,-7.8100744289527935,0.8340466939239156,-1.2231136410770045
2.906199999999713,0.0,0.0,0.0,0.0,0.0,0.0,-0.019421991950359468,0.047963533964377685,5.744490873379962,-7.819825140664353,0.8267446464364456,-1.2232985050467806
2.9081999999997126,0.0,0.0,0.0,0.0,0.0,0.0,-0.019888737395258555,0.049257945225657185,5.743646861908883,-7.829483838430478,0.8194532881097237,-1.2234436921023624
2.9101999999997124,0.0,0.0,0.0,0.0,0.0,0.0,-0.020008427864549264,0.05040646379117826,5.742845823149498,-7.839049951477504,0.8121740302826101,-1.2235561590552935
2.912199999999712,0.0,0.0,0.0,0.0,0.0,0.0,-0.01949766229529058,0.05125140909103025,5.74213851903753,-7.848523473654136,0.8049083403711372,-1.2236415684521815
2.914199999999712,0.0,0.0,0.0,0.0,0.0,0.0,-0.018735923154915478,0.05195442351150652,5.741460527321262,-7.857905321791025,0.797657810760639,-1.2237034677908059
2.9161999999997117,0.0,0.0,0.0,0.0,0.0,0.0,-0.01797385032711284,0.05263523623029834,5.7407690605740145,-7.867196773827466,0.7904240651142942,-1.2237445218442153
2.9181999999997115,0.0,0.0,0.0,0.0,0.0,0.0,-0.017211782092984143,0.05329369103760462,5.740064834061291,-7.876399078498852,0.7832086909813224,-1.2237673784798928
2.9201999999997112,0.0,0.0,0.0,0.0,0.0,0.0,-0.01645005139456077,0.0539296512782833,5.739348572867526,-7.885513452084483,0.7760132400285562,-1.2237746745937659
2.922199999999711,0.0,0.0,0.0,0.0,0.0,0.0,-0.01568898530606029,0.05454300022827738,5.738621010931378,-7.89454107854184,0.7688392288658609,-1.2237690346700496
2.924199999999711,0.0,0.0,0.0,0.0,0.0,0.0,-0.014928904496518755,0.05513364140650488,5.737882890052753,-7.903483109692053,0.7616881398772078,-1.2237530693861163
2.9261999999997106,0.0,0.0,0.0,0.0,0.0,0.0,-0.014170122687144097,0.055701498820485244,5.737134958874337,-7.912340665452587,0.7545614220564936,-1.2237293742597097
2.9281999999997104,0.0,0.0,0.0,0.0,0.0,0.0,-0.013412946106761274,0.05624651714430073,5.736377971840604,-7.921114834113367,0.7474604918472249,-1.2237005283360591
2.93019999999971,0.0,0.0,0.0,0.0,0.0,0.0,-0.012657672948729827,0.05676866182784443,5.735612688137354,-7.929806672652865,0.7403867339852116,-1.2236690929126532
2.93219999999971,0.0,0.0,0.0,0.0,0.0,0.0,-0.011565220948437758,0.05706312993119851,5.7349031380939435,-7.938417267302596,0.733341512856011,-1.22363747587383
2.9341999999997097,0.0,0.0,0.0,0.0,0.0,0.0,-0.010265569001115167,0.057191998674351804,5.734226780943124,-7.946948292700858,0.7263262720492362,-1.2236066783874626
2.9361999999997095,0.0,0.0,0.0,0.0,0.0,0.0,-0.008983173518265587,0.057287173067664024,5.733542706755356,-7.9554017497404725,0.7193424926914894,-1.223576866531488
2.9381999999997093,0.0,0.0,0.0,0.0,0.0,0.0,-0.00771970915941524,0.05735027023284509,5.73285129057335,-7.963779609553745,0.7123916326911514,-1.2235481632961296
2.940199999999709,0.0,0.0,0.0,0.0,0.0,0.0,-0.0064765202001194205,0.05738278415823821,5.73215294960222,-7.972083807539318,0.7054751260554344,-1.2235206632904756
2.942199999999709,0.0,0.0,0.0,0.0,0.0,0.0,-0.005254674865008633,0.05738610022760091,5.73144813446125,-7.980316241837231,0.6985943829499146,-1.2234944376657042
2.9441999999997086,0.0,0.0,0.0,0.0,0.0,0.0,-0.00405501059338855,0.05736150800340571,5.730737321816383,-7.988478772214324,0.6917507898050166,-1.2234695382254006
2.9461999999997084,0.0,0.0,0.0,0.0,0.0,0.0,-0.0028781717505464675,0.05731021244891721,5.730021008171169,-7.996573219291812,0.6849457094608655,-1.2234460008557748
2.948199999999708,0.0,0.0,0.0,0.0,0.0,0.0,-0.0017246410468163113,0.05723334376017449,5.729299704630478,-8.004601364057734,0.6781804813432781,-1.223423848386992
2.950199999999708,0.0,0.0,0.0,0.0,0.0,0.0,-0.0005947657166979389,0.05713196596505857,5.728573932481737,-8.012564947616072,0.6714564216648075,-1.2234030929787383
2.9521999999997077,0.0,0.0,0.0,0.0,0.0,0.0,0.0005112206648375429,0.057007084432509486,5.727844219463859,-8.020465671132035,0.6647748236457308,-1.2233837381079675
2.9541999999997075,0.0,0.0,0.0,0.0,0.0,0.0,0.0015931799979108385,0.05685965242112502,5.727111096615189,-8.028305195939414,0.6581369577506861,-1.2233657802240656
2.9561999999997073,0.0,0.0,0.0,0.0,0.0,0.0,0.0026510544961921177,0.05669057678313301,5.726375095609531,-8.036085143781378,0.6515440719373605,-1.22334921012604
2.958199999999707,0.0,0.0,0.0,0.0,0.0,0.0,0.003684854041005142,0.05650072292729436,5.725636746504087,-8.043807097160645,0.6449973919142207,-1.2233340141073992
2.960199999999707,0.0,0.0,0.0,0.0,0.0,0.0,0.004694645628642935,0.05629091913275953,5.724896575835529,-8.051472599778748,0.6384981214047714,-1.2233201749069547
2.9621999999997066,0.0,0.0,0.0,0.0,0.0,0.0,0.0056805445591525785,0.05606196029534248,5.724155105010761,-8.059083157047448,0.6320474424162477,-1.2233076724974967
2.9641999999997064,0.0,0.0,0.0,0.0,0.0,0.0,0.006642707073750989,0.05581461117808222,5.7234128489475955,-8.066640236657975,0.6256465155110015,-1.2232964847390861
2.966199999999706,0.0,0.0,0.0,0.0,0.0,0.0,0.007581324197108566,0.055549609229314574,5.722670314927803,-8.074145269196114,0.6192964800791415,-1.2232865879193124
2.968199999999706,0.0,0.0,0.0,0.0,0.0,0.0,0.008496616581609403,0.05526766702375249,5.7219280016310545,-8.081599648793095,0.6129984546112375,-1.22327795719921
2.9701999999997057,0.0,0.0,0.0,0.0,0.0,0.0,0.00938883018473317,0.05496947437517619,5.7211863983233595,-8.089004733803817,0.6067535369701132,-1.2232705669804598
2.9721999999997055,0.0,0.0,0.0,0.0,0.0,0.0,0.01025823263904984,0.05465570016323613,5.72044598417781,-8.096361847505387,0.6005628046609315,-1.2232643912069356
2.9741999999997053,0.0,0.0,0.0,0.0,0.0,0.0,0.011105110197901509,0.05432699391148788,5.719707227709038,-8.10367227881003,0.5944273150989208,-1.2232594036115065
2.976199999999705,0.0,0.0,0.0,0.0,0.0,0.0,0.01192976515949983,0.05398398714903919,5.718970586305701,-8.110937282987447,0.5883481058742285,-1.2232555779172274
2.978199999999705,0.0,0.0,0.0,0.0,0.0,0.0,0.0127325136885052,0.05362729458403602,5.7182365058478455,-8.118158082392517,0.5823261950134804,-1.223252888000527
2.9801999999997046,0.0,0.0,0.0,0.0,0.0,0.0,0.013513683967768825,0.05325751511358654,5.7175054203980125,-8.12533586719493,0.5763625812377223,-1.223251308022773
2.9821999999997044,0.0,0.0,0.0,0.0,0.0,0.0,0.014273614624242327,0.052875232691541416,5.716777751956746,-8.13247179610791,0.5704582442164934,-1.223250812535525
2.984199999999704,0.0,0.0,0.0,0.0,0.0,0.0,0.015012653382484503,0.05248101707279682,5.716053910274541,-8.139566997113668,0.564614144817837,-1.223251376563923
2.986199999999704,0.0,0.0,0.0,0.0,0.0,0.0,0.01573115590705056,0.05207542445037457,5.715334292713521,-8.146622568183744,0.5588312253541128,-1.2232529756719197
2.9881999999997038,0.0,0.0,0.0,0.0,0.0,0.0,0.01642948480156899,0.0516589979994489,5.714619284153142,-8.153639577992589,0.5531104098235124,-1.2232555860124559
2.9901999999997035,0.0,0.0,0.0,0.0,0.0,0.0,0.017108008737760513,0.051232268340669684,5.713909256935013,-8.16061906662318,0.5474526041472166,-1.223259184365167
2.9921999999997033,0.0,0.0,0.0,0.0,0.0,0.0,0.017767101692171924,0.0507957539335649,5.713204570842693,-8.16756204626364,0.5418586964021608,-1.2232637481637783
2.994199999999703,0.0,0.0,0.0,0.0,0.0,0.0,0.018407142272171887,0.050349961409429156,5.712505573112848,-8.174469501894059,0.5363295570494017,-1.2232692555149893
2.996199999999703,0.0,0.0,0.0,0.0,0.0,0.0,0.019028513115890704,0.049895385851925586,5.711812598474668,-8.181342391962932,0.5308660391580914,-1.2232756852103586
2.9981999999997027,0.0,0.0,0.0,0.0,0.0,0.0,0.0196316003534032,0.049432511032594086,5.71112596921486,-8.188181649052709,0.525468978625087,-1.223283016732433
3.0001999999997024,0.0,0.0,0.0,0.0,0.0,0.0,0.020216793118625388,0.04896180960756874,5.710445995265833,-8.194988180534141,0.5201391943902314,-1.2232912302561785
3.002199999999702,0.0,0.0,0.0,0.0,0.0,0.0,0.02078448310321521,0.048483743281023256,5.709772974315015,-8.201762869209254,0.5148774886473505,-1.2233003066465757
3.004199999999702,0.0,0.0,0.0,0.0,0.0,0.0,0.021335064145267632,0.047998762940194346,5.7091071919334535,-8.208506573942723,0.5096846470510252,-1.2233102274531136
3.0061999999997018,0.0,0.0,0.0,0.0,0.0,0.0,0.02186893184686025,0.04750730876623542,5.708448921722047,-8.215220130281649,0.5045614389191927,-1.2233209749017844
3.0081999999997016,0.0,0.0,0.0,0.0,0.0,0.0,0.022386483215547575,0.04700981032464367,5.707798425473942,-8.22190435106378,0.49950861743164326,-1.2233325318850805
3.0101999999997013,0.0,0.0,0.0,0.0,0.0,0.0,0.022888116325775084,0.04650668663855288,5.707155953351735,-8.228560027014163,0.4945269198244779,-1.2233448819504247
3.012199999999701,0.0,0.0,0.0,0.0,0.0,0.0,0.023374229996906054,0.045998346247785926,5.7065217440782545,-8.235187927330424,0.4896170675805942,-1.2233580092873662
3.014199999999701,0.0,0.0,0.0,0.0,0.0,0.0,0.02384522348516232,0.04548518725622188,5.7058960251398005,-8.241788800256751,0.4847797666162691,-1.2233718987138438
3.0161999999997007,0.0,0.0,0.0,0.0,0.0,0.0,0.024301496187278036,0.044967597369723444,5.70527901300078,-8.248363373646823,0.48001570746390554,-1.223386535661755
3.0181999999997005,0.0,0.0,0.0,0.0,0.0,0.0,0.024743447354079788,0.044445953926603804,5.704670913328762,-8.254912355515852,0.4753255654510122,-1.223401906162025
3.0201999999997002,0.0,0.0,0.0,0.0,0.0,0.0,0.025171475812555716,0.043920623922375786,5.704071921229034,-8.26143643458199,0.47071000087548187,-1.2234179968293457
3.0221999999997,0.0,0.0,0.0,0.0,0.0,0.0,0.025585979695258863,0.0433919640303155,5.703482221487788,-8.267936280797295,0.4661696591772336,-1.2234347948467188
3.0241999999997,0.0,0.0,0.0,0.0,0.0,0.0,0.0259873561761286,0.0428603206191865,5.702901988823103,-8.274412545868627,0.4617051711062819,-1.2234522879499137
3.0261999999996996,0.0,0.0,0.0,0.0,0.0,0.0,0.026376001212002113,0.04232602976930831,5.702331388142952,-8.280865863768566,0.45731715288729474,-1.223470464411934
3.0281999999996994,0.0,0.0,0.0,0.0,0.0,0.0,0.02675230928925804,0.04178941728799604,5.7017705748094585,-8.287296851236798,0.45300620638069816,-1.2234893130275686
3.030199999999699,0.0,0.0,0.0,0.0,0.0,0.0,0.02711667317515375,0.04125079872527987,5.7012196949087,-8.293706108272126,0.44877291924038615,-1.2235088230980844
3.032199999999699,0.0,0.0,0.0,0.0,0.0,0.0,0.027469483673532476,0.040710479390682966,5.700678885525351,-8.300094218615445,0.44461786506808876,-1.2235289844161148
3.0341999999996987,0.0,0.0,0.0,0.0,0.0,0.0,0.027811129384659034,0.04016875437173587,5.7001482750214825,-8.306461750223967,0.44054160356445116,-1.2235497872507834
3.0361999999996985,0.0,0.0,0.0,0.0,0.0,0.0,0.02814199646900776,0.039625908554812836,5.699627983318905,-8.312809255736891,0.43654468067687346,-1.2235712223330926
3.0381999999996983,0.0,0.0,0.0,0.0,0.0,0.0,0.028462468414890137,0.03908221664878354,5.699118122184387,-8.319137272932942,0.4326276287441574,-1.2235932808416001
3.040199999999698,0.0,0.0,0.0,0.0,0.0,0.0,0.028772925809844262,0.03853794321190487,5.698618795517172,-8.325446325179911,0.42879096663800575,-1.2236159543884122
3.042199999999698,0.0,0.0,0.0,0.0,0.0,0.0,0.02907374611574246,0.03799334268230136,5.698130099638187,-8.33173692187656,0.4250351999014167,-1.2236392350054979
3.0441999999996976,0.0,0.0,0.0,0.0,0.0,0.0,0.029365303447602145,0.03744865941232649,5.697652123580397,-8.338009558887121,0.4213608208840126,-1.2236631151313393
3.0461999999996974,0.0,0.0,0.0,0.0,0.0,0.0,0.02964796835609716,0.03690412770703747,5.697184949379725,-8.344264718968665,0.41776830887434124,-1.2236875875979305
3.048199999999697,0.0,0.0,0.0,0.0,0.0,0.0,0.029922107613781463,0.03635997186696967,5.696728652366034,-8.350502872191573,0.4142581302291851,-1.2237126456181202
3.050199999999697,0.0,0.0,0.0,0.0,0.0,0.0,0.03017375233961196,0.03583508139732755,5.6962793322987935,-8.356724475869836,0.4108307384240454,-1.2237382838530144
3.0521999999996967,0.0,0.0,0.0,0.0,0.0,0.0,0.030293993902427725,0.035476359501645696,5.695806501593896,-8.362929846295481,0.40748655390984734,-1.2237647858648575
3.0541999999996965,0.0,0.0,0.0,0.0,0.0,0.0,0.03041142703718602,0.03512038081496641,5.695345500421001,-8.36911900031885,0.4042259387378311,-1.2237930798355483
3.0561999999996963,0.0,0.0,0.0,0.0,0.0,0.0,0.03052641225110673,0.034767264123918354,5.694896387243421,-8.375291906152357,0.4010492355586453,-1.2238241800404492
3.058199999999696,0.0,0.0,0.0,0.0,0.0,0.0,0.030639306486246562,0.03441711722366574,5.694459216716581,-8.381448521879435,0.3979567737102194,-1.2238591014819291
3.060199999999696,0.0,0.0,0.0,0.0,0.0,0.0,0.030750462769198662,0.03407003694573519,5.694034039958703,-8.387588795917768,0.39494886936060564,-1.2238988594239906
3.0621999999996956,0.0,0.0,0.0,0.0,0.0,0.0,0.030860229867583893,0.03372610919425534,5.693620904816254,-8.393712667488147,0.39202582565276256,-1.223944468913935
3.0641999999996954,0.0,0.0,0.0,0.0,0.0,0.0,0.03096895195320035,0.03338540899030389,5.69321985612364,-8.399820067088555,0.3891879328512768,-1.2239969442916083
3.066199999999695,0.0,0.0,0.0,0.0,0.0,0.0,0.03107696827168594,0.03304800052407725,5.692830935956702,-8.405910916973287,0.3864354684910064,-1.2240572986867992
3.068199999999695,0.0,0.0,0.0,0.0,0.0,0.0,0.031184612818547404,0.03271393721460662,5.692454183879535,-8.411985131636698,0.3837686975276226,-1.2241265435053685
3.0701999999996947,0.0,0.0,0.0,0.0,0.0,0.0,0.03129221402140061,0.03238326177676746,5.692089637184195,-8.418042618301325,0.3811878724900137,-1.224205687904722
3.0721999999996945,0.0,0.0,0.0,0.0,0.0,0.0,0.03140009442826348,0.03205600629534251,5.691737331122874,-8.424083277409924,0.3786932336345055,-1.2242957382592414
3.0741999999996943,0.0,0.0,0.0,0.0,0.0,0.0,0.031508570401746504,0.03173219230591603,5.691397299132122,-8.430107003121126,0.37628500910084345,-1.2243976976163184
3.076199999999694,0.0,0.0,0.0,0.0,0.0,0.0,0.03161795181898001,0.03141183088239796,5.691069573048745,-8.436113683808243,0.3739634150698676,-1.224512565143647
3.078199999999694,0.0,0.0,0.0,0.0,0.0,0.0,0.03172854177712343,0.03109492273099184,5.690754183316971,-8.442103202560823,0.37172865592280646,-1.2246413355684407
3.0801999999996936,0.0,0.0,0.0,0.0,0.0,0.0,0.03184063630430565,0.030781458290438844,5.690451159186557,-8.448075437688566,0.36958092440209983,-1.2247849986092678
3.0821999999996934,0.0,0.0,0.0,0.0,0.0,0.0,0.031954524075847646,0.030471417838391874,5.6901605289014645,-8.454030263227043,0.3675204017736535,-1.2249445384011985
3.084199999999693,0.0,0.0,0.0,0.0,0.0,0.0,0.032070486135631286,0.030164771603788696,5.689882319878782,-8.459967549444874,0.36554725799041893,-1.2251209329149755
3.086199999999693,0.0,0.0,0.0,0.0,0.0,0.0,0.03218879562247943,0.02986147988511378,5.689616558877583,-8.465887163351777,0.3636616518571765,-1.2253151533709363
3.0881999999996927,0.0,0.0,0.0,0.0,0.0,0.0,0.032309717501429976,0.029561493174458334,5.689363272157417,-8.471788969207058,0.3618637311963976,-1.2255281636484143
3.0901999999996925,0.0,0.0,0.0,0.0,0.0,0.0,0.0324335082997937,0.029264752287300442,5.689122485626137,-8.477672829028036,0.36015363301504316,-1.2257609196913648
3.0921999999996923,0.0,0.0,0.0,0.0,0.0,0.0,0.03256041584789751,0.028971188497954933,5.688894224976812,-8.483538603097859,0.3585314836721537,-1.2260143689109628
3.094199999999692,0.0,0.0,0.0,0.0,0.0,0.0,0.03269067902443523,0.0286807236806503,5.688678515813454,-8.48938615047223,0.35699739904706995,-1.226289449585933
3.096199999999692,0.0,0.0,0.0,0.0,0.0,0.0,0.03282452750635524,0.028393270456215335,5.68847538376532,-8.495215329484484,0.3555514847081187,-1.2265870902613687
3.0981999999996916,0.0,0.0,0.0,0.0,0.0,0.0,0.032962181523239306,0.02810873234436872,5.688284854589579,-8.501025998248542,0.3541938360815872,-1.2269082091468115
3.1001999999996914,0.0,0.0,0.0,0.0,0.0,0.0,0.033103851616139504,0.02782700392162553,5.688106954262102,-8.506818015159135,0.35292453862079953,-1.2272537135143546
3.102199999999691,0.0,0.0,0.0,0.0,0.0,0.0,0.03324973840085974,0.027547970984849856,5.687941709056223,-8.512591239388845,0.35174366797510254,-1.2276244990975442
3.104199999999691,0.0,0.0,0.0,0.0,0.0,0.0,0.03340003233569351,0.027271510720492703,5.687789145609256,-8.518345531381366,0.350651290158559,-1.2280214494918462
3.1061999999996908,0.0,0.0,0.0,0.0,0.0,0.0,0.03355491349364358,0.026997491879576715,5.687649290976619,-8.524080753340513,0.3496474617181385,-1.228445435557448
3.1081999999996905,0.0,0.0,0.0,0.0,0.0,0.0,0.03371455133917771,0.02672577495849463,5.6875221726734315,-8.529796769714423,0.3487322299011875,-1.2288973148251627
3.1101999999996903,0.0,0.0,0.0,0.0,0.0,0.0,0.03387910450959231,0.02645621238570633,5.687407818703425,-8.53549344767443,0.34790563282195747,-1.2293779309062032
3.11219999999969,0.0,0.0,0.0,0.0,0.0,0.0,0.03404872060108517,0.026188648714428137,5.687306257575097,-8.541170657588104,0.3471676996269563,-1.229888112906571
3.11419999999969,0.0,0.0,0.0,0.0,0.0,0.0,0.03422353595965685,0.025922920821418255,5.687217518304968,-8.546828273485982,0.3465184506588908,-1.2304286748468314
3.1161999999996897,0.0,0.0,0.0,0.0,0.0,0.0,0.03440367547698935,0.025658858111974683,5.6871416304079165,-8.552466173521433,0.3459578976189535,-1.2310004150880038
3.1181999999996894,0.0,0.0,0.0,0.0,0.0,0.0,0.03458925239147661,0.025396282731263868,5.687078623874485,-8.558084240423245,0.3454860437272106,-1.2316041157643136
3.1201999999996892,0.0,0.0,0.0,0.0,0.0,0.0,0.031011730190922026,0.024802008132252088,5.690951711679992,-8.563681738834322,0.3451006581353154,-1.232241742681034
3.122199999999689,0.0,0.0,0.0,0.0,0.0,0.0,0.030719802105219837,0.024524268335891046,5.691453440839304,-8.569256048893461,0.34479269148746255,-1.2329188582129513
3.124199999999689,0.0,0.0,0.0,0.0,0.0,0.0,0.03093725678599393,0.024290047573317566,5.691441982040851,-8.574806465956708,0.3445598168620587,-1.2336372792687842
3.1261999999996886,0.0,0.0,0.0,0.0,0.0,0.0,0.031159035578681358,0.024054016626985506,5.691441295862381,-8.580332945300139,0.34440201980084834,-1.234397536128213
3.1281999999996883,0.0,0.0,0.0,0.0,0.0,0.0,0.031385128897230205,0.023815999374168378,5.691451399359627,-8.585835451090501,0.3443192807376897,-1.2352001339631695
3.130199999999688,0.0,0.0,0.0,0.0,0.0,0.0,0.03161551718373169,0.023575816609070464,5.691472307441985,-8.591313956686074,0.34431157512387855,-1.236045552455915
3.132199999999688,0.0,0.0,0.0,0.0,0.0,0.0,0.031850170833980895,0.023333286270773364,5.691504032764813,-8.596768444926886,0.34437887354694025,-1.236934245434071
3.1341999999996877,0.0,0.0,0.0,0.0,0.0,0.0,0.03208905013136757,0.023088223678482227,5.691546585616828,-8.602198908414076,0.34452114184263194,-1.2378666405230219
3.1361999999996875,0.0,0.0,0.0,0.0,0.0,0.0,0.03233210518946571,0.022840441774078447,5.6915999738028304,-8.60760534977826,0.34473834119991215,-1.238843138816091
3.1381999999996872,0.0,0.0,0.0,0.0,0.0,0.0,0.03257927590370222,0.022589751371970185,5.6916642025220385,-8.612987781936697,0.3450304282586383,-1.2398641145628766
3.140199999999687,0.0,0.0,0.0,0.0,0.0,0.0,0.03283049191248178,0.022335961416212777,5.691739274242309,-8.618346228339096,0.34539735519976716,-1.2409299148761244
3.142199999999687,0.0,0.0,0.0,0.0,0.0,0.0,0.03308567256815352,0.022078879244845476,5.691825188570558,-8.623680723201952,0.3458390698278415,-1.242040859457492
3.1441999999996866,0.0,0.0,0.0,0.0,0.0,0.0,0.03334472691820594,0.021818310861370607,5.691921942119703,-8.628991311731278,0.3463555156455576,-1.2431972403425515
3.1461999999996864,0.0,0.0,0.0,0.0,0.0,0.0,0.033607553697073425,0.021554061213278363,5.692029528372474,-8.634278050333599,0.34694663192021885,-1.2443993216653548
3.148199999999686,0.0,0.0,0.0,0.0,0.0,0.0,0.033874041328939064,0.021285934477491057,5.692147937542456,-8.639541006815184,0.34761235374189564,-1.2456473394428789
3.150199999999686,0.0,0.0,0.0,0.0,0.0,0.0,0.034144067941913506,0.02101373435258156,5.692277156432761,-8.644780260569366,0.3483526120731227,-1.2469415013796477
3.1521999999996857,0.0,0.0,0.0,0.0,0.0,0.0,0.034417501393962366,0.020737264357588086,5.692417168292704,-8.649995902751913,0.3491673337899778,-1.2482819866928134
3.1541999999996855,0.0,0.0,0.0,0.0,0.0,0.0,0.03469419931095155,0.020456328137221858,5.692567952672942,-8.655188036444462,0.3500564417144015,-1.249668945957964
3.1561999999996853,0.0,0.0,0.0,0.0,0.0,0.0,0.03497400913716465,0.020170729773238194,5.692729485279486,-8.660356776805877,0.3510198546376306,-1.2511025009759174
3.158199999999685,0.0,0.0,0.0,0.0,0.0,0.0,0.03525676819864107,0.019880274101708426,5.692901737827071,-8.665502251211633,0.35205748733463427,-1.252582744660727
3.160199999999685,0.0,0.0,0.0,0.0,0.0,0.0,0.03554230377966398,0.019584767035904112,5.693084677892337,-8.670624599381142,0.35316925056945525,-1.2541097409491362
3.1621999999996846,0.0,0.0,0.0,0.0,0.0,0.0,0.03583043321271609,0.019284015894472782,5.693278268767323,-8.675723973493065,0.35435505109137616,-1.2556835247316784
3.1641999999996844,0.0,0.0,0.0,0.0,0.0,0.0,0.03612096398220164,0.018977829734553173,5.693482469313801,-8.680800538288677,0.35561479162184756,-1.2573041018056221
3.166199999999684,0.0,0.0,0.0,0.0,0.0,0.0,0.03641369384221012,0.018666019689452827,5.693697233818928,-8.685854471163234,0.3569483708321281,-1.2589714488499362
3.168199999999684,0.0,0.0,0.0,0.0,0.0,0.0,0.03670841094857977,0.018348399310470945,5.693922511852802,-8.690885962245513,0.35835568331160866,-1.260685513422435
3.1701999999996837,0.0,0.0,0.0,0.0,0.0,0.0,0.03700489400548931,0.018024784912425828,5.694158248128431,-8.695895214465514,0.3598366195268055,-1.2624462139792565
3.1721999999996835,0.0,0.0,0.0,0.0,0.0,0.0,0.0373029124267827,0.017694995922412006,5.694404382364705,-8.700882443610439,0.3613910657710289,-1.2642534399167995
3.1741999999996833,0.0,0.0,0.0,0.0,0.0,0.0,0.03760222651220041,0.017358855231281833,5.694660849152898,-8.70584787836906,0.3630189041047482,-1.2661070516362385
3.176199999999683,0.0,0.0,0.0,0.0,0.0,0.0,0.037902587638659314,0.017016189547316637,5.69492757782733,-8.710791760364563,0.36472001228669665,-1.2680068806307183
3.178199999999683,0.0,0.0,0.0,0.0,0.0,0.0,0.038203738466690146,0.01666682975152206,5.695204492340713,-8.715714344175998,0.3664942636957727,-1.2699527295953086
3.1801999999996826,0.0,0.0,0.0,0.0,0.0,0.0,0.03850541316210643,0.016310611253951977,5.695491511144811,-8.720615897348484,0.3683415272438195,-1.2719443725597954
3.1821999999996824,0.0,0.0,0.0,0.0,0.0,0.0,0.03880733763293698,0.01594737435043936,5.69578854707697,-8.725496700392313,0.3702616672793771,-1.273981555044354
3.184199999999682,0.0,0.0,0.0,0.0,0.0,0.0,0.039109229781618425,0.015576964579083863,5.696095507253118,-8.730357046771088,0.37225454348252474,-1.2760639942381462
3.186199999999682,0.0,0.0,0.0,0.0,0.0,0.0,0.03941079977239983,0.015199233075816125,5.696412292967816,-8.735197242879137,0.3743200107509491,-1.2781913792008632
3.1881999999996817,0.0,0.0,0.0,0.0,0.0,0.0,0.039711750313867596,0.014814036928341434,5.696738799601928,-8.740017608008301,0.37645791907739196,-1.2803633710872093
3.1901999999996815,0.0,0.0,0.0,0.0,0.0,0.0,0.04001177695645275,0.014421239527733162,5.6970749165385035,-8.744818474304363,0.37866811341865103,-1.2825796033943297
3.1921999999996813,0.0,0.0,0.0,0.0,0.0,0.0,0.04031056840473883,0.014020710916931882,5.697420527087394,-8.749600186713284,0.3809504335563271,-1.2848396822321335
3.194199999999681,0.0,0.0,0.0,0.0,0.0,0.0,0.040607806844334224,0.013612328135379494,5.697775508419196,-8.754363102917472,0.38330471394952914,-1.2871431866164844
3.196199999999681,0.0,0.0,0.0,0.0,0.0,0.0,0.0409031682830283,0.013195975559004624,5.698139731509003,-8.759107593262344,0.38573078357976753,-1.2894896687851773
3.1981999999996806,0.0,0.0,0.0,0.0,0.0,0.0,0.04119632290589682,0.012771545234757098,5.698513061090527,-8.763834040673387,0.38822846578828424,-1.2918786545366285
3.2001999999996804,0.0,0.0,0.0,0.0,0.0,0.0,0.04148693544397153,0.012338937208876067,5.698895355621038,-8.768542840563967,0.3907975781060887,-1.294309643591179
3.20219999999968,0.0,0.0,0.0,0.0,0.0,0.0,0.04177466555603452,0.01189805984806556,5.6992864672576165,-8.773234400734173,0.39343793207698435,-1.2967821099748846
3.20419999999968,0.0,0.0,0.0,0.0,0.0,0.0,0.0420591682230472,0.01144883015274143,5.69968624184515,-8.77790914126096,0.3961493330738899,-1.2992955024256638
3.2061999999996798,0.0,0.0,0.0,0.0,0.0,0.0,0.04234009415467008,0.010991174061513098,5.700094518916467,-8.782567494379826,0.398931580108776,-1.3018492448216397
3.2081999999996795,0.0,0.0,0.0,0.0,0.0,0.0,0.04261709020727526,0.0105250267460505,5.700511131705022,-8.787209904358406,0.40178446563655607,-1.3044427366315048
3.2101999999996793,0.0,0.0,0.0,0.0,0.0,0.0,0.04288979981280196,0.010050332895500105,5.7009359071704235,-8.791836827362186,0.4047077753532861,-1.3070753533867085
3.212199999999679,0.0,0.0,0.0,0.0,0.0,0.0,0.04315786341775405,0.009567046989606262,5.701368666037152,-8.796448731312708,0.4077012879890432,-1.3097464471752591
3.214199999999679,0.0,0.0,0.0,0.0,0.0,0.0,0.043420918931585,0.009075133559709436,5.70180922284669,-8.80104609573854,0.4107647750958705,-1.3124553471568923
3.2161999999996786,0.0,0.0,0.0,0.0,0.0,0.0,0.04367860218366828,0.008574567436797591,5.702257386023311,-8.80562941161938,0.41389800083118805,-1.3152013600993635
3.2181999999996784,0.0,0.0,0.0,0.0,0.0,0.0,0.04393054738800253,0.008065333985804368,5.7027129579536595,-8.810199181223592,0.41710072173708684,-1.3179837709355748
3.220199999999678,0.0,0.0,0.0,0.0,0.0,0.0,0.044176387614752524,0.007547429325365613,5.703175735080292,-8.814755917939529,0.4203726865159316,-1.3208018433412494
3.222199999999678,0.0,0.0,0.0,0.0,0.0,0.0,0.04441575526768468,0.007020860532262263,5.70364550800918,-8.819300146101002,0.42371363580271676,-1.3236548203328269
3.2241999999996778,0.0,0.0,0.0,0.0,0.0,0.0,0.044648282566513466,0.0064856458298125814,5.704122061631262,-8.823832400807227,0.42712330193462544,-1.3265419248852388
3.2261999999996775,0.0,0.0,0.0,0.0,0.0,0.0,0.044873602033135285,0.005941814759493377,5.704605175257929,-8.828353227737628,0.4306014087182574,-1.3294623605692102
3.2281999999996773,0.0,0.0,0.0,0.0,0.0,0.0,0.04509134698069245,0.005389408335112848,5.705094622770407,-8.832863182961887,0.43414767119499786,-1.3324153122076932
3.230199999999677,0.0,0.0,0.0,0.0,0.0,0.0,0.0453011520043752,0.004828479178886896,5.705590172782832,-8.837362832745573,0.43776179540501037,-1.3353999465510353
3.232199999999677,0.0,0.0,0.0,0.0,0.0,0.0,0.045502653472843074,0.004259091638816558,5.70609158881883,-8.84185275335175,0.44144347815034435,-1.3384154129704495
3.2341999999996767,0.0,0.0,0.0,0.0,0.0,0.0,0.04569549001912174,0.003681321886800396,5.706598629501292,-8.846333530838978,0.44519240675765304,-1.3414608441693432
3.2361999999996764,0.0,0.0,0.0,0.0,0.0,0.0,0.04587930302981068,0.0030952579969710115,5.707111048755032,-8.850805760856066,0.44900825884102574,-1.344535356912027
3.2381999999996762,0.0,0.0,0.0,0.0,0.0,0.0,0.04605373713142307,0.0025010000037889242,5.707628596021903,-8.855270048433978,0.4528907020654401,-1.3476380527693193
3.240199999999676,0.0,0.0,0.0,0.0,0.0,0.0,0.046218440672666276,0.0018986599394832688,5.7081510164879115,-8.859727007775312,0.4568393939113457,-1.3507680188805262
3.242199999999676,0.0,0.0,0.0,0.0,0.0,0.0,0.04637306620146842,0.0012883618504853796,5.708678051321803,-8.864177262041737,0.46085398144089085,-1.3539243287312623
3.2441999999996756,0.0,0.0,0.0,0.0,0.0,0.0,0.04651727093555438,0.0006702417925609645,5.709209437924528,-8.868621443139796,0.4649341010663047,-1.3571060429465576
3.2461999999996753,0.0,0.0,0.0,0.0,0.0,0.0,0.04665071722538025,4.444780440576651e-05,5.709744910188942,-8.873060191505516,0.4690793783209478,-1.3603122100986689
3.248199999999675,0.0,0.0,0.0,0.0,0.0,0.0,0.04677307300824719,-0.000588860140458672,5.7102841987690205,-8.877494155888161,0.47328942763354115,-1.363541867528998
3.250199999999675,0.0,0.0,0.0,0.0,0.0,0.0,0.04688401225242943,-0.0012295102035960019,5.710827031357848,-8.88192399313364,0.4775638521060793,-1.3667940421834968
3.2521999999996747,0.0,0.0,0.0,0.0,0.0,0.0,0.04698321539017827,-0.0018773187734019065,5.711373132973531,-8.886350367967905,0.48190224329593256,-1.3700677514609194
3.2541999999996745,0.0,0.0,0.0,0.0,0.0,0.0,0.0470703697384869,-0.002532090578650878,5.711922226252197,-8.89077395278077,0.48630418100263123,-1.3733620040732615
3.2561999999996742,0.0,0.0,0.0,0.0,0.0,0.0,0.047145169906539934,-0.0031936188237366623,5.71247403174713,-8.895195427410599,0.49076923305982245,-1.3766758009177085
3.258199999999674,0.0,0.0,0.0,0.0,0.0,0.0,0.047207318188808474,-0.0038616853454231793,5.7130282682330975,-8.899615478930214,0.495296955132878,-1.3800081359593952
3.260199999999674,0.0,0.0,0.0,0.0,0.0,0.0,0.04725652494279849,-0.004536060790855467,5.713584653014861,-8.90403480143447,0.49988689052262436,-1.3833579971242609
3.2621999999996736,0.0,0.0,0.0,0.0,0.0,0.0,0.04729250895051279,-0.0052165048165059204,5.714142902238816,-8.908454095829889,0.5045385699756503,-1.3867243672012646
3.2641999999996734,0.0,0.0,0.0,0.0,0.0,0.0,0.04731499776274233,-0.0059027663076575655,5.714702731206696,-8.912874069626758,0.5092515115016377,-1.3901062247532157
3.266199999999673,0.0,0.0,0.0,0.0,0.0,0.0,0.04732372802536791,-0.006594583617956457,5.715263854690231,-8.917295436734067,0.5140252201981469,-1.3935025450354503
3.268199999999673,0.0,0.0,0.0,0.0,0.0,0.0,0.04731844578691602,-0.007291684828494844,5.715825987245637,-8.921718917257712,0.5188591880832671,-1.396912300921568
3.2701999999996727,0.0,0.0,0.0,0.0,0.0,0.0,0.04729890678669213,-0.007993788025817614,5.716388843526789,-8.926145237302302,0.523752893936534,-1.4003344638354458
3.2721999999996725,0.0,0.0,0.0,0.0,0.0,0.0,0.04726487672288484,-0.00870060159817588,5.71695213859593,-8.930575128776981,0.5287058031484894,-1.4037680046886982
3.2741999999996723,0.0,0.0,0.0,0.0,0.0,0.0,0.04721613150011927,-0.009411824549293905,5.717515588230743,-8.935009329205617,0.5337173675792433,-1.4072118948227856
3.276199999999672,0.0,0.0,0.0,0.0,0.0,0.0,0.04715245745602315,-0.01012714682884267,5.718078909226642,-8.939448581541708,0.5387870254263764,-1.4106651069549137
3.278199999999672,0.0,0.0,0.0,0.0,0.0,0.0,0.04707365156645393,-0.010846249678768932,5.718641819693118,-8.943893633988388,0.5439142011024994,-1.414126616126891
3.2801999999996716,0.0,0.0,0.0,0.0,0.0,0.0,0.046979521629129814,-0.011568805994560234,5.719204039343008,-8.948345239823823,0.549098305122762,-1.417595400656085
3.2821999999996714,0.0,0.0,0.0,0.0,0.0,0.0,0.04686988642549922,-0.01229448070048653,5.719765289773571,-8.952804157232357,0.5543387340025787,-1.421070443087608
3.284199999999671,0.0,0.0,0.0,0.0,0.0,0.0,0.046744575860776384,-0.013022931137805399,5.72032529473827,-8.957271149141716,0.5596348701658186,-1.4245507311468644
3.286199999999671,0.0,0.0,0.0,0.0,0.0,0.0,0.04660343108216981,-0.013753807464879624,5.720883780408218,-8.96174698306656,0.5649860818636724,-1.428035258691572
3.2881999999996707,0.0,0.0,0.0,0.0,0.0,0.0,0.04644630457542616,-0.014486753068117347,5.721440475622268,-8.966232430958682,0.5703917231043892,-1.4315230266623773
3.2901999999996705,0.0,0.0,0.0,0.0,0.0,0.0,0.046273060239905225,-0.015221404982614468,5.72199511212477,-8.970728269064127,0.5758511335940474,-1.4350130440311615
3.2921999999996703,0.0,0.0,0.0,0.0,0.0,0.0,0.046083573442502836,-0.01595739432135009,5.722547424790087,-8.975235277787467,0.5813636386884896,-1.4385043287461512
3.29419999999967,0.0,0.0,0.0,0.0,0.0,0.0,0.04587773105082919,-0.016694346711770478,5.723097151833019,-8.97975424156351,0.5869285493565319,-1.4419959086729277
3.29619999999967,0.0,0.0,0.0,0.0,0.0,0.0,0.04565543144614268,-0.017431882738573823,5.723644035004336,-8.984285948736604,0.5925451621545211,-1.4454868225304296
3.2981999999996696,0.0,0.0,0.0,0.0,0.0,0.0,0.04541658451663125,-0.0181696183915094,5.7241878197707035,-8.988831191447826,0.5982127592122841,-1.4489761208210516
3.3001999999996694,0.0,0.0,0.0,0.0,0.0,0.0,0.045161111631716794,-0.018907165516992543,5.7247282554783725,-8.993390765530169,0.6039306082304909,-1.45246286675393
3.302199999999669,0.0,0.0,0.0,0.0,0.0,0.0,0.04488894559814458,-0.019644132272344267,5.725265095500051,-8.997965470411916,0.6096979624894093,-1.4559461371605114
3.304199999999669,0.0,0.0,0.0,0.0,0.0,0.0,0.04460003059869153,-0.02038012358147689,5.725798097364506,-9.002556109028365,0.6155140608690122,-1.4594250234015036
3.3061999999996687,0.0,0.0,0.0,0.0,0.0,0.0,0.044294322114406606,-0.021114741590854795,5.7263270228684995,-9.007163487742023,0.6213781278803585,-1.4628986322643123
3.3081999999996685,0.0,0.0,0.0,0.0,0.0,0.0,0.04397178683135922,-0.02184758612458609,5.726851638170779,-9.01178841627135,0.6272893737081441,-1.466366086850057
3.3101999999996683,0.0,0.0,0.0,0.0,0.0,0.0,0.04363240253293401,-0.0225782551375281,5.727371713867925,-9.016431707628172,0.6332469942642828,-1.4698265274492845
3.312199999999668,0.0,0.0,0.0,0.0,0.0,0.0,0.04327615797876331,-0.023306345165319407,5.7278870250519685,-9.021094178063798,0.6392501712523552,-1.4732791124054891
3.314199999999668,0.0,0.0,0.0,0.0,0.0,0.0,0.042903052771437925,-0.02403145177028954,5.72839735134978,-9.025776647023893,0.6452980722427254,-1.4767230189655511
3.3161999999996676,0.0,0.0,0.0,0.0,0.0,0.0,0.04251309721217122,-0.024753169982246335,5.728902476944355,-9.030479937112101,0.6513898507581056,-1.4801574441162306
3.3181999999996674,0.0,0.0,0.0,0.0,0.0,0.0,0.04210631214662943,-0.025471094733177272,5.729402190578209,-9.035204874062448,0.6575246463693094,-1.4835816054058357
3.320199999999667,0.0,0.0,0.0,0.0,0.0,0.0,0.041682728802157135,-0.026184821284969,5.729896285539184,-9.039952286720428,0.6637015848009187,-1.486994741750216
3.322199999999667,0.0,0.0,0.0,0.0,0.0,0.0,0.041242388617646314,-0.026893945649290013,5.730384559629121,-9.044723007032772,0.6699197780465501,-1.4903961142222186
3.3241999999996668,0.0,0.0,0.0,0.0,0.0,0.0,0.04078534306730089,-0.027598064998854643,5.730866815115881,-9.049517870045783,0.676178324493394,-1.4937850068237708
3.3261999999996665,0.0,0.0,0.0,0.0,0.0,0.0,0.04031165347954547,-0.02829677806934169,5.731342858669381,-9.054337713912126,0.6824763090556616,-1.49716072723975
3.3281999999996663,0.0,0.0,0.0,0.0,0.0,0.0,0.03982139085231526,-0.028989685551311473,5.731812501282314,-9.059183379905964,0.6888128033165596,-1.500522607572821
3.330199999999666,0.0,0.0,0.0,0.0,0.0,0.0,0.039314635665945966,-0.029676390471530523,5.732275558176416,-9.064055712446212,0.6951868656783877,-1.5038700050584195
3.332199999999666,0.0,0.0,0.0,0.0,0.0,0.0,0.038791477694846664,-0.030356498563186476,5.732731848695122,-9.068955559127817,0.7015975415203324,-1.507202302759084
3.3341999999996657,0.0,0.0,0.0,0.0,0.0,0.0,0.03825201581910852,-0.031029618624542565,5.733181196183648,-9.07388377076073,0.7080438633635088,-1.5105189102373349
3.3361999999996654,0.0,0.0,0.0,0.0,0.0,0.0,0.037696357837148704,-0.031695362865659785,5.733623427857516,-9.078841201416438,0.7145248510427871,-1.5138192642063217
3.338199999999665,0.0,0.0,0.0,0.0,0.0,0.0,0.03712462028043995,-0.032353347242876265,5.734058374660686,-9.083828708481677,0.721039511884922,-1.517102829157464
3.340199999999665,0.0,0.0,0.0,0.0,0.0,0.0,0.03653692823131003,-0.03300319178081717,5.734485871114472,-9.088847152719126,0.7275868408924859,-1.5203690979643183
3.3421999999996648,0.0,0.0,0.0,0.0,0.0,0.0,0.0359334151447287,-0.03364452088176778,5.73490575515852,-9.093897398334644,0.7341658209330942,-1.523617592461928
3.3441999999996646,0.0,0.0,0.0,0.0,0.0,0.0,0.03531422267492173,-0.034276963622318996,5.73531786798513,-9.098980313050808,0.7407754229334038,-1.5268478640009011
3.3461999999996643,0.0,0.0,0.0,0.0,0.0,0.0,0.03467950050757202,-0.03490015403725569,5.735722053868311,-9.104096768186253,0.7474146060773453,-1.530059493975495
3.348199999999664,0.0,0.0,0.0,0.0,0.0,0.0,0.034029406198275915,-0.035513731390726354,5.736118159988922,-9.109247638740472,0.7540823180080515,-1.5332520943249779
3.350199999999664,0.0,0.0,0.0,0.0,0.0,0.0,0.03336410501783457,-0.03611734043479029,5.7365060362573415,-9.114433803483598,0.760777495032931,-1.5364253080075527
3.3521999999996637,0.0,0.0,0.0,0.0,0.0,0.0,0.03268376980485945,-0.03671063165549883,5.73688553513508,-9.119656145050696,0.7674990623313346,-1.5395788094461447
3.3541999999996635,0.0,0.0,0.0,0.0,0.0,0.0,0.03198858082607322,-0.03729326150671751,5.737256511456788,-9.12491555004005,0.7742459341642589,-1.5427123049453462
3.3561999999996632,0.0,0.0,0.0,0.0,0.0,0.0,0.031278725644583255,-0.03786489263194592,5.737618822254108,-9.13021290911493,0.7810170140855283,-1.545825533078837
3.358199999999663,0.0,0.0,0.0,0.0,0.0,0.0,0.030554398996298925,-0.03842519407443874,5.737972326582784,-9.13554911710822,0.7878111951539011,-1.5489182650465927
3.360199999999663,0.0,0.0,0.0,0.0,0.0,0.0,0.029815802674558297,-0.0389738414759663,5.738316885354481,-9.14092507312938,0.7946273601455474,-1.5519903050012016
3.3621999999996626,0.0,0.0,0.0,0.0,0.0,0.0,0.02906314542292576,-0.039510517264589554,5.738652361174664,-9.146341680673027,0.8014643817663492,-1.5550414903426255
3.3641999999996623,0.0,0.0,0.0,0.0,0.0,0.0,0.028296642836010747,-0.0400349108318527,5.738978618187925,-9.151799847728546,0.8083211228634835,-1.5580716919807303
3.366199999999662,0.0,0.0,0.0,0.0,0.0,0.0,0.027516517268059808,-0.0405467186998177,5.739295521932059,-9.157300486889957,0.8151964366357562,-1.561080814564919
3.368199999999662,0.0,0.0,0.0,0.0,0.0,0.0,0.026722997748966082,-0.04104564467838214,5.739602939202137,-9.162844515465375,0.8220891668421686,-1.5640687966802125
3.3701999999996617,0.0,0.0,0.0,0.0,0.0,0.0,0.025916319907245598,-0.041531400013336134,5.739900737925797,-9.16843285558526,0.8289981480082029,-1.567035611009108
3.3721999999996615,0.0,0.0,0.0,0.0,0.0,0.0,0.02509672589943162,-0.04200370352561069,5.74018878705087,-9.174066434308646,0.8359222056293428,-1.5699812644585553
3.3741999999996612,0.0,0.0,0.0,0.0,0.0,0.0,0.024264464345248826,-0.04246228174218005,5.740466956446399,-9.179746183726554,0.8428601563713458,-1.5729057982513859
3.376199999999661,0.0,0.0,0.0,0.0,0.0,0.0,0.023419790267842584,-0.04290686901906448,5.740735116818044,-9.185473041061686,0.8498108082668141,-1.575809287981528
3.378199999999661,0.0,0.0,0.0,0.0,0.0,0.0,0.022562965038260666,-0.04333720765687317,5.740993139638741,-9.191247948763516,0.8567729609076276,-1.5786918436323352
3.3801999999996606,0.0,0.0,0.0,0.0,0.0,0.0,0.02169425632331123,-0.04375304800930561,5.741240897095422,-9.1970718545978,0.863745405632824,-1.5815536095573492
3.3821999999996604,0.0,0.0,0.0,0.0,0.0,0.0,0.020813938035854757,-0.04415414858501129,5.741478262052499,-9.202945711729557,0.8707269257115371,-1.5843947644228151
3.38419999999966,0.0,0.0,0.0,0.0,0.0,0.0,0.019922290286530434,-0.04454027614317529,5.741705108032704,-9.208870478798508,0.8777162965206297,-1.5872155211112497
3.38619999999966,0.0,0.0,0.0,0.0,0.0,0.0,0.019019599335869563,-0.04491120578316685,5.74192130921578,-9.214847119985865,0.8847122857166855,-1.5900161265853663
3.3881999999996597,0.0,0.0,0.0,0.0,0.0,0.0,0.018106157545704785,-0.045266721028551275,5.742126740455403,-9.22087660507145,0.891713653402053,-1.5927968617116295
3.3901999999996595,0.0,0.0,0.0,0.0,0.0,0.0,0.017182263328755415,-0.04560661390572546,5.742321277314617,-9.226959909479909,0.8987191522846675,-1.5955580410427197
3.3921999999996593,0.0,0.0,0.0,0.0,0.0,0.0,0.01624822109524425,-0.04593068501739181,5.742504796119944,-9.23309801431496,0.9057275278314059,-1.5983000125581583
3.394199999999659,0.0,0.0,0.0,0.0,0.0,0.0,0.015304341195389976,-0.046238743611039856,5.742677174034211,-9.239291906380348,0.9127375184147694,-1.6010231573623308
3.396199999999659,0.0,0.0,0.0,0.0,0.0,0.0,0.014350939856616436,-0.046530607642554,5.742838289148044,-9.245542578186319,0.919747855452718,-1.6037278893391305
3.3981999999996586,0.0,0.0,0.0,0.0,0.0,0.0,0.013388339114325406,-0.04680610383501662,5.742988020589857,-9.251851027940265,0.9267572635415244,-1.6064146547624283
3.4001999999996584,0.0,0.0,0.0,0.0,0.0,0.0,0.012416866735095101,-0.04706506773271978,5.743126248654045,-9.258218259520243,0.9337644605815463,-1.609083931861541
3.402199999999658,0.0,0.0,0.0,0.0,0.0,0.0,0.011436856131196719,-0.04730734375034811,5.743252854947004,-9.26464528242992,0.9407681578958615,-1.6117362303408618
3.404199999999658,0.0,0.0,0.0,0.0,0.0,0.0,0.010448646265352123,-0.0475327852172385,5.7433677225504765,-9.271133111733572,0.9477670603417527,-1.614372090852791
3.4061999999996577,0.0,0.0,0.0,0.0,0.0,0.0,0.009452581544701601,-0.04774125441656863,5.743470736201644,-9.27768276796962,0.9547598664150607,-1.6169920844230716
3.4081999999996575,0.0,0.0,0.0,0.0,0.0,0.0,0.008449011703008361,-0.047932622619274765,5.743561782489255,-9.284295277041211,0.9617452683474831,-1.6195968118276212
3.4101999999996573,0.0,0.0,0.0,0.0,0.0,0.0,0.007438291670182777,-0.0481067701124429,5.743640750065025,-9.290971670082268,0.9687219521969274,-1.622186902919919
3.412199999999657,0.0,0.0,0.0,0.0,0.0,0.0,0.006420781428283597,-0.048263586221870866,5.743707529869446,-9.297712983297428,0.9756885979310805,-1.6247630159079822
3.414199999999657,0.0,0.0,0.0,0.0,0.0,0.0,0.005396845853234162,-0.048402969328444734,5.743762015371029,-9.304520257774195,0.9826438795044015,-1.6273258365799397
3.4161999999996566,0.0,0.0,0.0,0.0,0.0,0.0,0.00436685454156949,-0.0485248268779324,5.743804102818005,-9.311394539265642,0.9895864649287897,-1.6298760774771848
3.4181999999996564,0.0,0.0,0.0,0.0,0.0,0.0,0.003331181621632176,-0.04862907538374972,5.7438336915013455,-9.318336877941954,0.9965150163382333,-1.6324144770140603
3.420199999999656,0.0,0.0,0.0,0.0,0.0,0.0,0.002290205548726101,-0.04871564042221699,5.743850684028002,-9.325348328109017,1.003428190047789,-1.634941798543009
3.422199999999656,0.0,0.0,0.0,0.0,0.0,0.0,0.001244308883845306,-0.0487844566197845,5.743854986603128,-9.332429947892274,1.0103246366072949,-1.6374588293640917
3.4241999999996557,0.0,0.0,0.0,0.0,0.0,0.0,0.0001938780557009552,-0.0488354676316781,5.7438465093200595,-9.339582798884038,1.0172030008502724,-1.6399663796777586
3.4261999999996555,0.0,0.0,0.0,0.0,0.0,0.0,-0.0008606968941138149,-0.048868626111385156,5.7438251664567685,-9.346807945752355,1.0240619219385176,-1.6424652814797311
3.4281999999996553,0.0,0.0,0.0,0.0,0.0,0.0,-0.0019190225828694446,-0.048883893670377626,5.743790876777475,-9.35410645580958,1.0309000334029432,-1.6449563873968462
3.430199999999655,0.0,0.0,0.0,0.0,0.0,0.0,-0.0029807025752827615,-0.04888124082745514,5.743743563838092,-9.36147939853873,1.0377159631812798,-1.6474405694626812
3.432199999999655,0.0,0.0,0.0,0.0,0.0,0.0,-0.004045337688743589,-0.048860646947071804,5.74368315629416,-9.368927845075694,1.044508333653299,-1.649918717831784
3.4341999999996546,0.0,0.0,0.0,0.0,0.0,0.0,-0.005112526314871059,-0.04882210016601027,5.743609588209923,-9.376452867645343,1.0512757616742747,-1.6523917394313177
3.4361999999996544,0.0,0.0,0.0,0.0,0.0,0.0,-0.006181864756960238,-0.04876559730775781,5.743522799367212,-9.384055538949637,1.0580168586074548,-1.654860556548922
3.438199999999654,0.0,0.0,0.0,0.0,0.0,0.0,-0.00725294758276234,-0.04869114378394518,5.743422735572793,-9.391736931505726,1.064730230356368,-1.6573261053556134
3.440199999999654,0.0,0.0,0.0,0.0,0.0,0.0,-0.008325367991916188,-0.048598753482220286,5.743309348962885,-9.399498116932142,1.071414477397843,-1.6597893343625396
3.4421999999996538,0.0,0.0,0.0,0.0,0.0,0.0,-0.009398718197234718,-0.048488448639937114,5.743182598303566,-9.407340165181145,1.0780681948166748,-1.6622512028104344
3.4441999999996535,0.0,0.0,0.0,0.0,0.0,0.0,-0.01047258981892604,-0.048360259703064776,5.743042449285802,-9.41526414371532,1.0846899723429286,-1.6647126789906417
3.4461999999996533,0.0,0.0,0.0,0.0,0.0,0.0,-0.01154657429072592,-0.04821422516974534,5.742888874813938,-9.423271116626577,1.091278394392914,-1.6671747384966167
3.448199999999653,0.0,0.0,0.0,0.0,0.0,0.0,-0.012620263276797238,-0.04805039141795816,5.74272185528645,-9.431362143695706,1.0978320401149346,-1.6696383624048574
3.450199999999653,0.0,0.0,0.0,0.0,0.0,0.0,-0.013693249098155618,-0.047868812516784404,5.742541378867902,-9.439538279390762,1.1043494834409564,-1.6721045353842816
3.4521999999996527,0.0,0.0,0.0,0.0,0.0,0.0,-0.014765125167274795,-0.04766955002080649,5.742347441751053,-9.447800571802562,1.1108292931453934,-1.674574243733143
3.4541999999996524,0.0,0.0,0.0,0.0,0.0,0.0,-0.015835486429432652,-0.047452672747222,5.742140048408157,-9.456150061515743,1.1172700329122642,-1.6770484733426534
3.456199999999652,0.0,0.0,0.0,0.0,0.0,0.0,-0.016903929809267953,-0.04721825653529714,5.741919211830553,-9.464587780413813,1.123670261412022,-1.679528207586601
3.458199999999652,0.0,0.0,0.0,0.0,0.0,0.0,-0.01797005466093609,-0.0469663839878476,5.741684953755744,-9.473114750416906,1.1300285323894046,-1.6820144251363582
3.4601999999996518,0.0,0.0,0.0,0.0,0.0,0.0,-0.019033463220175764,-0.04669714419448201,5.741437304881222,-9.481731982150938,1.1363433947637067,-1.6845080977008207
3.4621999999996516,0.0,0.0,0.0,0.0,0.0,0.0,-0.020093761056529106,-0.046410632436409666,5.741176305064391,-9.490440473547123,1.1426133927429127,-1.6870101876909767
3.4641999999996513,0.0,0.0,0.0,0.0,0.0,0.0,-0.021150557523894473,-0.046106949872682074,5.740902003508035,-9.49924120837095,1.1488370659531804,-1.6895216458089848
3.466199999999651,0.0,0.0,0.0,0.0,0.0,0.0,-0.02220346620753971,-0.04578620320779615,5.7406144589308585,-9.50813515467993,1.1550129495851957,-1.6920434085618383
3.468199999999651,0.0,0.0,0.0,0.0,0.0,0.0,-0.023252105365656382,-0.04544850434067109,5.740313739722722,-9.517123263209637,1.1611395745589683,-1.6945763956999291
3.4701999999996507,0.0,0.0,0.0,0.0,0.0,0.0,-0.024296098363491177,-0.04509396999507166,5.739999924084298,-9.526206465687839,1.1672154677086601,-1.6971215075810644
3.4721999999996505,0.0,0.0,0.0,0.0,0.0,0.0,-0.025335074098068597,-0.04472272133163305,5.739673100150962,-9.535385673076771,1.1732391519890812,-1.6996796224607773
3.4741999999996502,0.0,0.0,0.0,0.0,0.0,0.0,-0.026368667411492113,-0.044334883541719404,5.73933336610082,-9.544661773743954,1.1792091467055033,-1.702251593710071
3.47619999999965,0.0,0.0,0.0,0.0,0.0,0.0,-0.027396519490792318,-0.043930585423428724,5.73898083024689,-9.554035631562183,1.1851239677684675,-1.704838246962079
3.47819999999965,0.0,0.0,0.0,0.0,0.0,0.0,-0.02841827825229172,-0.043509958940130274,5.738615611113532,-9.563508083939848,1.1909821279752817,-1.7074403771894733
3.4801999999996496,0.0,0.0,0.0,0.0,0.0,0.0,-0.029433598708450918,-0.04307313876201483,5.738237837497319,-9.57307993978295,1.1967821373199141,-1.7100587457148697
3.4821999999996494,0.0,0.0,0.0,0.0,0.0,0.0,-0.4135322700742927,0.003864785275938671,5.697696051995946,-9.582808795592191,1.2024259397011632,-1.7126442991708632
3.484199999999649,0.0,0.0,0.0,0.0,0.0,0.0,-0.3597119754983244,0.0030501753201041945,5.696235838437432,-9.59310774982539,1.2072079014470982,-1.7148322078253764
3.486199999999649,0.0,0.0,0.0,0.0,0.0,0.0,-0.30972488011117855,0.00911218511944771,5.698081676543319,-9.603986309359245,1.2110977910868845,-1.7166068638464014
3.4881999999996487,0.0,0.0,0.0,0.0,0.0,0.0,-0.26679802496488697,0.013803995059297556,5.700328243482658,-9.615360062183331,1.2142169349088474,-1.7180408403133405
3.4901999999996485,0.0,0.0,0.0,0.0,0.0,0.0,-0.23042347901162938,0.014433369688453079,5.702000673706481,-9.627153709726892,1.2166714374537198,-1.7191949070682209
3.4921999999996483,0.0,0.0,0.0,0.0,0.0,0.0,-0.1993793247522908,0.012875049021799577,5.703387902277139,-9.639302125657219,1.2185545810028604,-1.7201120291988534
3.494199999999648,0.0,0.0,0.0,0.0,0.0,0.0,-0.172295162320916,0.011284643751190301,5.704937814120571,-9.651748437588255,1.2199484714412474,-1.7208241532990736
3.496199999999648,0.0,0.0,0.0,0.0,0.0,0.0,-0.14868379789922884,0.009660512401514616,5.706538151302049,-9.664442196864432,1.2209253291930082,-1.7213586131875875
3.4981999999996476,0.0,0.0,0.0,0.0,0.0,0.0,-0.12812206854241331,0.00801092440101379,5.708113515631521,-9.677338883430263,1.221548559448619,-1.7217389662798135
3.5001999999996474,0.0,0.0,0.0,0.0,0.0,0.0,-0.1102411277363313,0.006349920012665594,5.709615269995901,-9.690399415479737,1.2218737156287038,-1.7219856056809553
3.502199999999647,0.0,0.0,0.0,0.0,0.0,0.0,-0.09471840939502514,0.004694366848857049,5.71101402688925,-9.703589660285397,1.2219493666576486,-1.7221162539715338
3.504199999999647,0.0,0.0,0.0,0.0,0.0,0.0,-0.08127097295525659,0.0030619137234723453,5.712294071664519,-9.716879957874859,1.221817876633862,-1.7221463630516196
3.5061999999996467,0.0,0.0,0.0,0.0,0.0,0.0,-0.06964997736574843,0.0014696137014787944,5.7134492351849415,-9.73024466580741,1.221516104886995,-1.7220894397035256
3.5081999999996465,0.0,0.0,0.0,0.0,0.0,0.0,-0.05963607437741076,-6.695762524744021e-05,5.714479853384533,-9.743661730531134,1.2210760338154236,-1.721957312557246
3.5101999999996463,0.0,0.0,0.0,0.0,0.0,0.0,-0.05103554931321452,-0.0015342212257829014,5.7153905420000655,-9.757112288607589,1.220525331314944,-1.72176035285298
3.512199999999646,0.0,0.0,0.0,0.0,0.0,0.0,-0.043677069768118186,-0.0029208519697136474,5.716188582147242,-9.770580299399933,1.2198878540513236,-1.7215076587178322
3.514199999999646,0.0,0.0,0.0,0.0,0.0,0.0,-0.037408929618509515,-0.00421785075902196,5.716882762738268,-9.7840522095526,1.2191840973007024,-1.7212072105257903
3.5161999999996456,0.0,0.0,0.0,0.0,0.0,0.0,-0.03674309709947648,-0.00386521578240179,5.716889024446251,-9.797517994113333,1.2184293649282594,-1.7208648491568288
3.5181999999996454,0.0,0.0,0.0,0.0,0.0,0.0,-0.036851967198895566,-0.003259677695382842,5.716802020457907,-9.81097499395421,1.2176271649740693,-1.7204806569754447
3.520199999999645,0.0,0.0,0.0,0.0,0.0,0.0,-0.03694903845441365,-0.002649754940154577,5.716720862228196,-9.824422399413649,1.2167780395599266,-1.7200532371163815
3.522199999999645,0.0,0.0,0.0,0.0,0.0,0.0,-0.03703406438574055,-0.0020355754014866226,5.716645675307121,-9.837859418660914,1.2158825566241318,-1.719581219400458
3.5241999999996447,0.0,0.0,0.0,0.0,0.0,0.0,-0.03710679313874947,-0.0014172796951196877,5.716576581197343,-9.851285278168417,1.214941309623165,-1.7190632616959205
3.5261999999996445,0.0,0.0,0.0,0.0,0.0,0.0,-0.037166967941068114,-0.0007950216522394254,5.716513697095097,-9.864699223137524,1.213954917212689,-1.7184980512390773
3.5281999999996443,0.0,0.0,0.0,0.0,0.0,0.0,-0.03721432758919565,-0.0001689687869015718,5.716457135623013,-9.878100517877003,1.2129240229082878,-1.717884305912998
3.530199999999644,0.0,0.0,0.0,0.0,0.0,0.0,-0.03724860696712239,0.0004606972552747092,5.716407004555275,-9.891488446133415,1.211849294726342,-1.7172207754831994
3.532199999999644,0.0,0.0,0.0,0.0,0.0,0.0,-0.037269537596362264,0.00109378026888937,5.716363406535592,-9.904862311372971,1.2107314248054573,-1.7165062427893876
3.5341999999996436,0.0,0.0,0.0,0.0,0.0,0.0,-0.03727684821723296,0.0017300690827722898,5.716326438788551,-9.918221437014402,1.209571129008844,-1.7157395248924538
3.5361999999996434,0.0,0.0,0.0,0.0,0.0,0.0,-0.03727026540113982,0.002369337178034157,5.7162961928249025,-9.931565166612726,1.2083691465080593,-1.7149194741760763
3.538199999999643,0.0,0.0,0.0,0.0,0.0,0.0,-0.03724951419353298,0.003011342331974712,5.716272754141473,-9.944892863993843,1.2071262393485,-1.714044979402396
3.540199999999643,0.0,0.0,0.0,0.0,0.0,0.0,-0.037214318787116916,0.0036558262897130904,5.71625620191639,-9.958203913340073,1.2058431919970514,-1.713114966721379
3.5421999999996427,0.0,0.0,0.0,0.0,0.0,0.0,-0.037164403224794404,0.004302514465403507,5.7162466087003825,-9.971497719226893,1.2045208108722627,-1.7121284006335995
3.5441999999996425,0.0,0.0,0.0,0.0,0.0,0.0,-0.03709949213172419,0.00495111567493295,5.716244040104992,-9.984773706611348,1.2031599238574315,-1.7110842849063
3.5461999999996423,0.0,0.0,0.0,0.0,0.0,0.0,-0.03701931147576264,0.005601321901997208,5.716248554488558,-9.998031320772661,1.2017613797969613,-1.7099816634426985
3.548199999999642,0.0,0.0,0.0,0.0,0.0,0.0,-0.036923589355446915,0.006252808099461469,5.71626020264092,-10.011270027205791,1.2003260479763382,-1.708819621104628
3.550199999999642,0.0,0.0,0.0,0.0,0.0,0.0,-0.036812056814557015,0.006905232027892822,5.7162790274678175,-10.024489311468756,1.1988548175860767,-1.7075972844886944
3.5521999999996416,0.0,0.0,0.0,0.0,0.0,0.0,-0.036684448682172896,0.007558234133169149,5.716305063676035,-10.037688678984757,1.197348597169955,-1.7063138226562378
3.5541999999996414,0.0,0.0,0.0,0.0,0.0,0.0,-0.03654050443700978,0.008211437465017431,5.716338337460389,-10.05086765480017,1.1958083140578604,-1.7049684478174707
3.556199999999641,0.0,0.0,0.0,0.0,0.0,0.0,-0.036379969094684925,0.008864447638331009,5.716378866193687,-10.064025783299652,1.1942349137835497,-1.7035604159702542
3.558199999999641,0.0,0.0,0.0,0.0,0.0,0.0,-0.0362025941164331,0.009516852839063528,5.716426658120876,-10.077162627879712,1.1926293594876107,-1.7020890274940415
3.5601999999996408,0.0,0.0,0.0,0.0,0.0,0.0,-0.03600813833764561,0.010168223876461567,5.716481712058604,-10.09027777058219,1.1909926313059085,-1.7005536276995978
3.5621999999996405,0.0,0.0,0.0,0.0,0.0,0.0,-0.03579636891446581,0.010818114283331688,5.7165440171014845,-10.10337081168918,1.1893257257437841,-1.698953607335156
3.5641999999996403,0.0,0.0,0.0,0.0,0.0,0.0,-0.03556706228652974,0.011466060465973078,5.716613552336389,-10.116441369281056,1.1876296550362635,-1.6972884030497262
3.56619999999964,0.0,0.0,0.0,0.0,0.0,0.0,-0.03532000515379371,0.012111581905336044,5.716690286566128,-10.129489078759317,1.1859054464945253,-1.6955574978143215
3.56819999999964,0.0,0.0,0.0,0.0,0.0,0.0,-0.03505499546524238,0.012754181410862202,5.716774178043923,-10.142513592336059,1.184154141838873,-1.6937604213019057
3.5701999999996397,0.0,0.0,0.0,0.0,0.0,0.0,-0.034771843417125255,0.013393345428374472,5.716865174220078,-10.155514578491951,1.182376796518441,-1.6918967502268891
3.5721999999996394,0.0,0.0,0.0,0.0,0.0,0.0,-0.034470372458223035,0.014028544403262191,5.7169632115023195,-10.168491721404596,1.1805744790178692,-1.6899661086450357
3.574199999999639,0.0,0.0,0.0,0.0,0.0,0.0,-0.03415042029949975,0.014659233200087194,5.717068215031253,-10.181444720349365,1.1787482701511738,-1.6879681682146512
3.576199999999639,0.0,0.0,0.0,0.0,0.0,0.0,-0.03381183992535518,0.015284851579592092,5.717180098472432,-10.194373289074642,1.1768992623430412,-1.685902648419939
3.578199999999639,0.0,0.0,0.0,0.0,0.0,0.0,-0.03345450060355554,0.01590482473395273,5.717298763826518,-10.207277155153639,1.1750285588977745,-1.6837693167574121
3.5801999999996386,0.0,0.0,0.0,0.0,0.0,0.0,-0.03307828889078485,0.016518563880938694,5.717424101259031,-10.22015605931483,1.173137273256123,-1.6815679888862503
3.5821999999996383,0.0,0.0,0.0,0.0,0.0,0.0,-0.032683109630634824,0.01712546691748794,5.7175559889511645,-10.233009754753185,1.1712265282402363,-1.6792985287434798
3.584199999999638,0.0,0.0,0.0,0.0,0.0,0.0,-0.032268886940726764,0.017724919133003295,5.717694292973153,-10.24583800642435,1.1692974552869884,-1.6769608486248444
3.586199999999638,0.0,0.0,0.0,0.0,0.0,0.0,-0.031835565185550044,0.018316293982485028,5.717838867181629,-10.25864059032395,1.1673511936699281,-1.6745549092322183
3.5881999999996377,0.0,0.0,0.0,0.0,0.0,0.0,-0.03138310993149866,0.01889895391940746,5.717989553142414,-10.271417292754194,1.1653888897101317,-1.6720807196883916
3.5901999999996375,0.0,0.0,0.0,0.0,0.0,0.0,-0.030911508880490473,0.019472251288022113,5.718146180080116,-10.284167909579972,1.1634116959762415,-1.6695383375200243
3.5921999999996372,0.0,0.0,0.0,0.0,0.0,0.0,-0.030420772778475616,0.020035529274541716,5.718308564855905,-10.296892245476617,1.1614207704739985,-1.6669278686095501
3.594199999999637,0.0,0.0,0.0,0.0,0.0,0.0,-0.02991093629507277,0.020588122916428538,5.718476511974738,-10.309590113171508,1.1594172758255958,-1.6642494671167656
3.596199999999637,0.0,0.0,0.0,0.0,0.0,0.0,-0.029382058870511575,0.021129360168746836,5.7186498136233,-10.322261332681682,1.1574023784392062,-1.6615033353708133
3.5981999999996366,0.0,0.0,0.0,0.0,0.0,0.0,-0.0288342255260257,0.02165856302630327,5.718828249739806,-10.33490573054955,1.1553772476690614,-1.6586897237332279
3.6001999999996364,0.0,0.0,0.0,0.0,0.0,0.0,-0.028267547633810102,0.022175048700019375,5.719011588116765,-10.347523139078874,1.1533430549664854,-1.6558089304326715
3.602199999999636,0.0,0.0,0.0,0.0,0.0,0.0,-0.027682163642655192,0.02267813084572987,5.719199584537727,-10.360113395573043,1.1513009730223298,-1.6528613013719538
3.604199999999636,0.0,0.0,0.0,0.0,0.0,0.0,-0.027078239755371613,0.023167120843316784,5.719391982948897,-10.372676341577726,1.149252174901273,-1.6498472299078806
3.6061999999996357,0.0,0.0,0.0,0.0,0.0,0.0,-0.026455970554158117,0.02364132912382387,5.71958851566645,-10.385211822129888,1.1471978331684942,-1.6467671566044424
3.6081999999996355,0.0,0.0,0.0,0.0,0.0,0.0,-0.025815579570104462,0.024100066541917795,5.719788903620236,-10.397719685015112,1.1451391190092657,-1.6436215689598055
3.6101999999996353,0.0,0.0,0.0,0.0,0.0,0.0,-0.025157319793093786,0.0245426457907862,5.719992856634447,-10.410199780035184,1.143077201342053,-1.6404110011075337
3.612199999999635,0.0,0.0,0.0,0.0,0.0,0.0,-0.024481474118457646,0.024968382856295223,5.720200073745719,-10.422651958287766,1.1410132459257343,-1.6371360334924239
3.614199999999635,0.0,0.0,0.0,0.0,0.0,0.0,-0.023788355726844304,0.02537659850695385,5.720410243558954,-10.435076071459966,1.1389484144616215,-1.6337972925213031
3.6161999999996346,0.0,0.0,0.0,0.0,0.0,0.0,-0.023078308393894905,0.025766619815970216,5.7206230446410675,-10.447471971137578,1.1368838636909846,-1.6303954501890963
3.6181999999996344,0.0,0.0,0.0,0.0,0.0,0.0,-0.022351706726473023,0.026137781711430035,5.720838145952674,-10.459839508131628,1.1348207444888325,-1.6269312236804392
3.620199999999634,0.0,0.0,0.0,0.0,0.0,0.0,-0.021608956322370358,0.02648942855037535,5.721055207317576,-10.472178531823916,1.1327602009547584,-1.6234053749470732
3.622199999999634,0.0,0.0,0.0,0.0,0.0,0.0,-0.020850493850607853,0.026820915712323912,5.72127387992979,-10.484488889533012,1.1307033695016904,-1.619818710261238
3.6241999999996337,0.0,0.0,0.0,0.0,0.0,0.0,-0.020076787049665448,0.027131611207548634,5.721493806897636,-10.496770425902273,1.128651377943436,-1.6161720797452428
3.6261999999996335,0.0,0.0,0.0,0.0,0.0,0.0,-0.019288334641221972,0.02742089729521632,5.7217146238242815,-10.50902298231123,1.1266053445819646,-1.6124663768773693
3.6281999999996333,0.0,0.0,0.0,0.0,0.0,0.0,-0.018485666157235865,0.02768817210630118,5.7219359594239565,-10.521246396311694,1.124566377295404,-1.608702537974245
3.630199999999633,0.0,0.0,0.0,0.0,0.0,0.0,-0.01766934167848837,0.027932851265999748,5.722157436172852,-10.53344050108983,1.1225355726277824,-1.6048815416498108
3.632199999999633,0.0,0.0,0.0,0.0,0.0,0.0,-0.016839951483001846,0.02815436951022395,5.722378670993587,-10.54560512495535,1.1205140148815853,-1.6010044082509733
3.6341999999996326,0.0,0.0,0.0,0.0,0.0,0.0,-0.015998115603068148,0.028352182290609294,5.722599275971914,-10.557740090858916,1.1185027752142376,-1.5970721992700447
3.6361999999996324,0.0,0.0,0.0,0.0,0.0,0.0,-0.015144483289951834,0.02852576736236215,5.722818859104185,-10.569845215938782,1.1165029107396676,-1.5930860167340477
3.638199999999632,0.0,0.0,0.0,0.0,0.0,0.0,-0.014279732385688663,0.028674626349180592,5.723037025073897,-10.581920311097509,1.114515463636147,-1.5890470025709742
3.640199999999632,0.0,0.0,0.0,0.0,0.0,0.0,-0.013404568601756199,0.02879828627941846,5.72325337605552,-10.593965180609661,1.1125414602616286,-1.5849563379530704
3.6421999999996317,0.0,0.0,0.0,0.0,0.0,0.0,-0.012519724704774806,0.028896301087633497,5.72346751254357,-10.605979621761145,1.1105819102778536,-1.5808152426172444
3.6441999999996315,0.0,0.0,0.0,0.0,0.0,0.0,-0.011625959609782653,0.028968253075632396,5.723679034204807,-10.61796342452087,1.1086378057845212,-1.5766249741626837
3.6461999999996313,0.0,0.0,0.0,0.0,0.0,0.0,-0.010724057382018974,0.02901375432717596,5.72388754075122,-10.629916371245237,1.1067101204648366,-1.572386827325793
3.648199999999631,0.0,0.0,0.0,0.0,0.0,0.0,-0.009814826148557438,0.029032448070527638,5.724092632831355,-10.641838236415959,1.1047998087437925,-1.568102133232572
3.650199999999631,0.0,0.0,0.0,0.0,0.0,0.0,-0.008899096921533754,0.029024009983128332,5.724293912937378,-10.653728786411502,1.1029078049605532,-1.563772258628581
3.6521999999996306,0.0,0.0,0.0,0.0,0.0,0.0,-0.007977722335116864,0.028988149432790444,5.724490986325161,-10.665587779312457,1.1010350225563235,-1.559398605086653
3.6541999999996304,0.0,0.0,0.0,0.0,0.0,0.0,-0.007051575298785588,0.028924610649934478,5.724683461944529,-10.677414964740986,1.0991823532791043,-1.5549826081925473
3.65619999999963,0.0,0.0,0.0,0.0,0.0,0.0,-0.00612154756987081,0.028833173825581475,5.724870953376725,-10.6892100837344,1.0973506664067454,-1.5505257367087666
3.65819999999963,0.0,0.0,0.0,0.0,0.0,0.0,-0.005188548248726907,0.028713656130007238,5.7250530797760515,-10.700972868652855,1.095540807989708,-1.5460294917167896
3.6601999999996297,0.0,0.0,0.0,0.0,0.0,0.0,-0.0042535022002837255,0.02856591264720037,5.725229466812544,-10.712703043121033,1.0937536001149508,-1.5414954057380104
3.6621999999996295,0.0,0.0,0.0,0.0,0.0,0.0,-0.00331734840611128,0.0283898372205374,5.725399747612495,-10.724400322003593,1.091989840192345,-1.5369250418337093
3.6641999999996293,0.0,0.0,0.0,0.0,0.0,0.0,-0.002381038251498285,0.02818536320537114,5.725563563693573,-10.736064411414066,1.0902503002650252,-1.5323199926844269
3.666199999999629,0.0,0.0,0.0,0.0,0.0,0.0,-0.00144553375239543,0.027952464124558114,5.7257205658912556,-10.7476950087568,1.0885357263450515,-1.5276818796491471
3.668199999999629,0.0,0.0,0.0,0.0,0.0,0.0,-0.0005118057274096904,0.027691154223285837,5.725870415273267,-10.759291802801444,1.0868468377757494,-1.5230123518047445
3.6701999999996286,0.0,0.0,0.0,0.0,0.0,0.0,0.0004191680796500861,0.027401488919946176,5.726012784038711,-10.770854473789393,1.085184326622071,-1.5183130849661979
3.6721999999996284,0.0,0.0,0.0,0.0,0.0,0.0,0.0013464049208885592,0.027083565150183092,5.726147356398607,-10.782382693571508,1.0835488570902794,-1.5135857806881092
3.674199999999628,0.0,0.0,0.0,0.0,0.0,0.0,0.0022689190030376603,0.0267375216016594,5.7262738294345406,-10.793876125776347,1.0819410649782324,-1.5088321652481267
3.676199999999628,0.0,0.0,0.0,0.0,0.0,0.0,0.0031857234774771617,0.026363538837530034,5.7263919139322415,-10.805334426008068,1.0803615571574958,-1.5040539886129114
3.6781999999996278,0.0,0.0,0.0,0.0,0.0,0.0,0.004095832455050677,0.02596183930704246,5.7265013351868905,-10.816757242073066,1.0788109110884774,-1.4992530233873342
3.6801999999996275,0.0,0.0,0.0,0.0,0.0,0.0,0.004998263038989092,0.025532687242169238,5.726601833777111,-10.828144214234356,1.0772896743697125,-1.4944310637476397
3.6821999999996273,0.0,0.0,0.0,0.0,0.0,0.0,0.005892037369102693,0.0250763884396254,5.726693166304636,-10.839494975492613,1.075798364322382,-1.4895899243593569
3.684199999999627,0.0,0.0,0.0,0.0,0.0,0.0,0.006776184670288073,0.02459328992813972,5.726775106096814,-10.85080915189269,1.0743374676110862,-1.4847314392807958
3.686199999999627,0.0,0.0,0.0,0.0,0.0,0.0,0.00764974329831222,0.024083779521304968,5.726847443869182,-10.862086362854479,1.0729074399018252,-1.4798574608529922
3.6881999999996267,0.0,0.0,0.0,0.0,0.0,0.0,0.00851176277579408,0.023548285256849464,5.72690998834554,-10.873326221526742,1.071508705558076,-1.4749698585770235
3.6901999999996264,0.0,0.0,0.0,0.0,0.0,0.0,0.009361305811284845,0.022987274723647148,5.72696256683308,-10.884528335162656,1.0701416573757776,-1.4700705179796565
3.6921999999996262,0.0,0.0,0.0,0.0,0.0,0.0,0.010197450294379098,0.022401254278281345,5.727005025750307,-10.895692305515624,1.0688066563579584,-1.4651613394683236
3.694199999999626,0.0,0.0,0.0,0.0,0.0,0.0,0.011019291259849837,0.02179076815345689,5.727037231105678,-10.906817729253943,1.0675040315296667,-1.4602442371764623
3.696199999999626,0.0,0.0,0.0,0.0,0.0,0.0,0.011825942813891903,0.0211563974610257,5.727059068925077,-10.917904198392852,1.0662340797937715,-1.4553211378002915
3.6981999999996256,0.0,0.0,0.0,0.0,0.0,0.0,0.01261654001569662,0.02049875909285537,5.727070445626458,-10.928951300742419,1.064997065828122,-1.4503939794281238
3.7001999999996253,0.0,0.0,0.0,0.0,0.0,0.0,0.013390240707745341,0.019818504523216877,5.727071288340191,-10.93995862036976,1.06379322202446,-1.4454647103633467
3.702199999999625,0.0,0.0,0.0,0.0,0.0,0.0,0.014146227288408518,0.019116318516794267,5.727061545173882,-10.950925738073924,1.062622748469394,-1.440535287942228
3.704199999999625,0.0,0.0,0.0,0.0,0.0,0.0,0.01488370842067963,0.01839291774682933,5.727041185420666,-10.961852231871962,1.0614858129676445,-1.4356076773477195
3.7061999999996247,0.0,0.0,0.0,0.0,0.0,0.0,0.015601920671126005,0.017649049328297025,5.727010199710208,-10.972737677494457,1.060382551107679,-1.43068385042046
3.7081999999996245,0.0,0.0,0.0,0.0,0.0,0.0,0.016300130073447713,0.016885489271376345,5.726968600101877,-10.98358164888893,1.059313066369759,-1.4257657844681857
3.7101999999996242,0.0,0.0,0.0,0.0,0.0,0.0,0.01697763361135323,0.0161030408608028,5.7269164201198155,-10.99438371872952,1.0582774302763276,-1.4208554610747646
3.712199999999624,0.0,0.0,0.0,0.0,0.0,0.0,0.01763376061580925,0.0153025329670055,5.726853714729867,-11.005143458931256,1.057275682584564,-1.4159548649100886
3.714199999999624,0.0,0.0,0.0,0.0,0.0,0.0,0.018267874072100627,0.014484818295194693,5.726780560258538,-11.015860441167321,1.056307831520838,-1.411065982542048
3.7161999999996236,0.0,0.0,0.0,0.0,0.0,0.0,0.018879371832531487,0.01365077157881728,5.726697054254467,-11.026534237387706,1.055373854056709,-1.4061908012518174
3.7181999999996234,0.0,0.0,0.0,0.0,0.0,0.0,0.01946768773101087,0.012801287723993955,5.72660331529304,-11.03716442033764,1.0544736962260064,-1.4013313078536753
3.720199999999623,0.0,0.0,0.0,0.0,0.0,0.0,0.02003229259620107,0.011937279911734825,5.7264994827250835,-11.047750564074269,1.0536072734824449,-1.3964894875205753
3.722199999999623,0.0,0.0,0.0,0.0,0.0,0.0,0.020572695160351623,0.011059677664859612,5.726385716370756,-11.05829224447999,1.0527744710971312,-1.391667322616661
3.7241999999996227,0.0,0.0,0.0,0.0,0.0,0.0,0.02108844286139928,0.010169424886653127,5.726262196159974,-11.068789039770968,1.0519751445952361,-1.3868667915379123
3.7261999999996225,0.0,0.0,0.0,0.0,0.0,0.0,0.02157912253637734,0.009267477878349833,5.726129121720946,-11.079240530999403,1.0512091202310083,-1.382089867562086
3.7281999999996223,0.0,0.0,0.0,0.0,0.0,0.0,0.022044361004653533,0.008354803342571458,5.72598671191855,-11.089646302548068,1.0504761955002337,-1.3773385177090838
3.730199999999622,0.0,0.0,0.0,0.0,0.0,0.0,0.022483825539981978,0.007432376379827787,5.725835204344497,-11.10000594261579,1.049776139689153,-1.3726147016128616
3.732199999999622,0.0,0.0,0.0,0.0,0.0,0.0,0.022897224230835744,0.006501178485152922,5.725674854761393,-11.110319043692545,1.0491086944587837,-1.3679203704059557
3.7341999999996216,0.0,0.0,0.0,0.0,0.0,0.0,0.02328430622895122,0.005562195551866714,5.7255059365029695,-11.12058520302294,1.0484735744635059,-1.3632574656176717
3.7361999999996214,0.0,0.0,0.0,0.0,0.0,0.0,0.02364486188648237,0.004616415889335334,5.725328739832903,-11.130804023056827,1.0478704680027107,-1.3586279180869423
3.738199999999621,0.0,0.0,0.0,0.0,0.0,0.0,0.02397872278261916,0.0036648282614648348,5.725143571264768,-11.140975111885997,1.0472990377042477,-1.3540336468908223
3.740199999999621,0.0,0.0,0.0,0.0,0.0,0.0,0.024285761640970818,0.0027084199524747476,5.724950752845809,-11.151098083665842,1.0467589212383308,-1.3494765582895465
3.7421999999996207,0.0,0.0,0.0,0.0,0.0,0.0,0.024565892139444122,0.0017481748662979933,5.724750621407268,-11.16117255902102,1.046249732060522,-1.3449585446890295
3.7441999999996205,0.0,0.0,0.0,0.0,0.0,0.0,0.024819068614766293,0.0007850716657119212,5.724543527784172,-11.171198165434207,1.0457710601823558,-1.3404814836216459
3.7461999999996203,0.0,0.0,0.0,0.0,0.0,0.0,0.025045285664199453,-0.00017991804295778877,5.724329836007443,-11.18117453761711,1.0453224729681134,-1.336047236746072
3.74819999999962,0.0,0.0,0.0,0.0,0.0,0.0,0.02524457764737061,-0.0011458314740056842,5.724109922471371,-11.191101317862973,1.0449035159562232,-1.3316576488669352
3.75019999999962,0.0,0.0,0.0,0.0,0.0,0.0,0.025417018091504262,-0.0021117163701418846,5.723884175079407,-11.200978156379918,1.0445137137037193,-1.3273145469749512
3.7521999999996196,0.0,0.0,0.0,0.0,0.0,0.0,0.02556271900367254,-0.0030766326490029115,5.72365299237136,-11.210804711604522,1.044152570652168,-1.3230197393081882
3.7541999999996194,0.0,0.0,0.0,0.0,0.0,0.0,0.02568183009399063,-0.004039653983811686,5.723416782634996,-11.220580650495105,1.0438195720134318,-1.3187750144350427
3.756199999999619,0.0,0.0,0.0,0.0,0.0,0.0,0.025774537913969168,-0.004999869313985707,5.7231759630050965,-11.23030564880433,1.043514184673634,-1.314582140359462
3.758199999999619,0.0,0.0,0.0,0.0,0.0,0.0,0.025841064914493644,-0.0059563842818687604,5.722930958552966,-11.239979391330776,1.0432358581136563,-1.310442863648884
3.7601999999996187,0.0,0.0,0.0,0.0,0.0,0.0,0.025881668428122916,-0.006908322592150385,5.722682201369354,-11.249601572149176,1.0429840253445024,-1.3063589085853355
3.7621999999996185,0.0,0.0,0.0,0.0,0.0,0.0,0.02589663958061299,-0.007854827290928219,5.722430129643701,-11.25917189481921,1.0427581038558458,-1.3023319763400556
3.7641999999996183,0.0,0.0,0.0,0.0,0.0,0.0,0.025886302136730877,-0.008795061961776627,5.7221751867425485,-11.268690072572708,1.042557496576084,-1.2983637441719738
3.766199999999618,0.0,0.0,0.0,0.0,0.0,0.0,0.025851011285577336,-0.009728211836582061,5.721917820289871,-11.278155828479296,1.042381592842219,-1.2944558646503168
3.768199999999618,0.0,0.0,0.0,0.0,0.0,0.0,0.025791152370745307,-0.010653484819316794,5.7216584812520095,-11.287568895590503,1.042229769377898,-1.290609964901573
3.7701999999996176,0.0,0.0,0.0,0.0,0.0,0.0,0.02570713957073148,-0.011570112421321863,5.72139762302976,-11.296929017062519,1.042101391277949,-1.2868276458809855
3.7721999999996174,0.0,0.0,0.0,0.0,0.0,0.0,0.026552871808955457,-0.01172691061486365,5.721314790058775,-11.30623584068415,1.0419953133835704,-1.2831105937005494
3.774199999999617,0.0,0.0,0.0,0.0,0.0,0.0,0.02731166391528599,-0.011967965747210645,5.72121565154388,-11.315488610331556,1.0419085256125626,-1.2794608775320202
3.776199999999617,0.0,0.0,0.0,0.0,0.0,0.0,0.027887796609963017,-0.012357200050429505,5.721083863138672,-11.324686522387392,1.0418379876191026,-1.2758805277417054
3.7781999999996168,0.0,0.0,0.0,0.0,0.0,0.0,0.028302642286245242,-0.012866337595136121,5.720925011095561,-11.3338288372939,1.041781111860437,-1.2723714253722664
3.7801999999996165,0.0,0.0,0.0,0.0,0.0,0.0,0.028575026724716665,-0.01347151327122702,5.720743924315992,-11.342914878220238,1.0417356965281532,-1.268935317099864
3.7821999999996163,0.0,0.0,0.0,0.0,0.0,0.0,0.028721537461394997,-0.014152593263671251,5.720544775700573,-11.351944029164066,1.0416998684289138,-1.2655738285583007
3.784199999999616,0.0,0.0,0.0,0.0,0.0,0.0,0.02875679652961459,-0.01489259998426634,5.720331171654593,-11.3609157326612,1.041672034337158,-1.2622884761814603
3.786199999999616,0.0,0.0,0.0,0.0,0.0,0.0,0.028693701335650714,-0.01567722553774524,5.720106230573604,-11.369829487238464,1.0416508395619821,-1.2590806777065027
3.7881999999996157,0.0,0.0,0.0,0.0,0.0,0.0,0.02854363707937688,-0.016494420202346417,5.719872651269441,-11.3786848447137,1.0416351326573838,-1.25595176147085
3.7901999999996154,0.0,0.0,0.0,0.0,0.0,0.0,0.028316663811046045,-0.017334044446021275,5.719632772342726,-11.387481407422042,1.0416239353641623,-1.252902974626352
3.792199999999615,0.0,0.0,0.0,0.0,0.0,0.0,0.028021680920627318,-0.018187574734610315,5.7193886234957985,-11.396218825427763,1.0416164170072082,-1.2499354903842947
3.794199999999615,0.0,0.0,0.0,0.0,0.0,0.0,0.027666571584816533,-0.019047854863651556,5.719141969732305,-11.404896793765266,1.0416118726871844,-1.24705041439541
3.7961999999996148,0.0,0.0,0.0,0.0,0.0,0.0,0.027258329447150925,-0.019908885799973176,5.71889434932178,-11.413515049740575,1.041609704703738,-1.244248790359787
3.7981999999996146,0.0,0.0,0.0,0.0,0.0,0.0,0.026803169577201996,-0.020765648085838497,5.718647106329822,-11.422073370315006,1.041609406730921,-1.2415316049527902
3.8001999999996143,0.0,0.0,0.0,0.0,0.0,0.0,0.02630662554438856,-0.021613951765100146,5.718401418433626,-11.430571569585435,1.0416105503366337,-1.2388997921447522
3.802199999999614,0.0,0.0,0.0,0.0,0.0,0.0,0.02577363424942383,-0.02245030956138762,5.718158320663195,-11.439009496369767,1.0416127734984648,-1.2363542369844183
3.804199999999614,0.0,0.0,0.0,0.0,0.0,0.0,0.025208609980746526,-0.023271829692975143,5.717918725633149,-11.447387031902108,1.0416157708198674,-1.2338957789088845
3.8061999999996137,0.0,0.0,0.0,0.0,0.0,0.0,0.024615509003459934,-0.024076125264884198,5.717683440760097,-11.455704087638967,1.04161928519454,-1.231525214636109
3.8081999999996134,0.0,0.0,0.0,0.0,0.0,0.0,0.023997885843303382,-0.024861237650638263,5.717453182896985,-11.463960603175513,1.0416231007042638,-1.2292433006899597
3.8101999999996132,0.0,0.0,0.0,0.0,0.0,0.0,0.02335894229703053,-0.025625571676393465,5.7172285907585945,-11.47215654426939,1.041627036567305,-1.2270507556022008
3.812199999999613,0.0,0.0,0.0,0.0,0.0,0.0,0.02270157008226651,-0.026367840759595584,5.717010235461569,-11.480291900968446,1.0416309419816203,-1.2249482618307774
3.814199999999613,0.0,0.0,0.0,0.0,0.0,0.0,0.022028387933520303,-0.027087020441946618,5.7167986294574575,-11.488366685838189,1.0416346917301964,-1.2229364674292016
3.8161999999996126,0.0,0.0,0.0,0.0,0.0,0.0,0.02134177385559606,-0.027782309000065213,5.716594234098016,-11.496380932284286,1.0416381824355365,-1.2210159874977418
3.8181999999996123,0.0,0.0,0.0,0.0,0.0,0.0,0.020643893160275782,-0.02845309402339265,5.716397466037693,-11.504334692965422,1.0416413293670665,-1.2191874054434588
3.820199999999612,0.0,0.0,0.0,0.0,0.0,0.0,0.019936722835971803,-0.029098924023294823,5.7162087026485455,-11.512228038291752,1.041644063719506,-1.2174512740728487
3.822199999999612,0.0,0.0,0.0,0.0,0.0,0.0,0.019222072732246943,-0.029719484284712872,5.716028286597129,-11.520061055004426,1.0416463302923995,-1.2158081165379313
3.8241999999996117,0.0,0.0,0.0,0.0,0.0,0.0,0.01850160398089852,-0.03031457629623819,5.71585652971073,-11.527833844831775,1.0416480855113728,-1.2142584271540426
3.8261999999996115,0.0,0.0,0.0,0.0,0.0,0.0,0.01777684502196549,-0.030884100199603557,5.7156937162413515,-11.535546523218134,1.0416492957404844,-1.2128026721052811
3.8281999999996112,0.0,0.0,0.0,0.0,0.0,0.0,0.017049205555872964,-0.03142803978825753,5.715540105619474,-11.54319921812147,1.04164993584256,-1.2114412900515381
3.830199999999611,0.0,0.0,0.0,0.0,0.0,0.0,0.016319988701336472,-0.03194644965945106,5.7153959347757315,-11.550792068876392,1.0416499879507908,-1.2101746926492478
3.832199999999611,0.0,0.0,0.0,0.0,0.0,0.0,0.015590401602042716,-0.032439444187245856,5.715261420096689,-11.558325225119313,1.0416494404203336,-1.209003264996423
3.8341999999996106,0.0,0.0,0.0,0.0,0.0,0.0,0.014861564692955187,-0.032907188036890175,5.715136759070767,-11.565798845772983,1.0416482869332733,-1.2079273660111542
3.8361999999996104,0.0,0.0,0.0,0.0,0.0,0.0,0.014134519808893877,-0.03334988798561964,5.71502213167171,-11.573213098087713,1.0416465257342769,-1.206947328751534
3.83819999999961,0.0,0.0,0.0,0.0,0.0,0.0,0.013410237293349355,-0.03376778585247185,5.714917701519662,-11.580568156737085,1.0416441589776217,-1.2060634606839176
3.84019999999961,0.0,0.0,0.0,0.0,0.0,0.0,0.012689622243925312,-0.03416115237123179,5.714823616853659,-11.587864202965985,1.041641192169148,-1.205276043905488
3.8421999999996097,0.0,0.0,0.0,0.0,0.0,0.0,0.011973520011998078,-0.03453028186711221,5.714740011344081,-11.595101423789215,1.0416376336891218,-1.2045853353262923
3.8441999999996095,0.0,0.0,0.0,0.0,0.0,0.0,0.011262721057800216,-0.03487548762001465,5.714667004769096,-11.602280011238976,1.0416334943840815,-1.2039915668152044
3.8461999999996093,0.0,0.0,0.0,0.0,0.0,0.0,0.009945856177841671,-0.033630863889205595,5.714898181911512,-11.609400225688534,1.0416287905294837,-1.2034947887706222
3.848199999999609,0.0,0.0,0.0,0.0,0.0,0.0,0.007445303180831819,-0.029005762825631207,5.715767984195146,-11.616465017525265,1.0416236751578174,-1.2030884454154298
3.850199999999609,0.0,0.0,0.0,0.0,0.0,0.0,0.005392946092872063,-0.02509177419215723,5.716506942203528,-11.623480344780928,1.0416184354559028,-1.2027585331813293
3.8521999999996086,0.0,0.0,0.0,0.0,0.0,0.0,0.003708072697494465,-0.021779057912336544,5.717133749852543,-11.630451425953916,1.0416132951560937,-1.2024927466706405
3.8541999999996084,0.0,0.0,0.0,0.0,0.0,0.0,0.002324634597957408,-0.01897455162262013,5.717664746487598,-11.63738263135003,1.041608416194021,-1.2022807654110312
3.856199999999608,0.0,0.0,0.0,0.0,0.0,0.0,0.0013818845034779047,-0.017151283979343908,5.718011319217175,-11.644277603133647,1.0416039110428201,-1.202113978093135
3.858199999999608,0.0,0.0,0.0,0.0,0.0,0.0,0.0011360036391445847,-0.0172311789145527,5.718002979327655,-11.651138357059276,1.0415998022104918,-1.2019876992377074
3.8601999999996077,0.0,0.0,0.0,0.0,0.0,0.0,0.0008853518327021335,-0.017304355122803417,5.717996398325182,-11.657965073833964,1.04159602326478,-1.2019017150696525
3.8621999999996075,0.0,0.0,0.0,0.0,0.0,0.0,0.0006309176823453816,-0.01737055698409125,5.717991684975705,-11.664757795987946,1.041592511901227,-1.2018561483829935
3.8641999999996073,0.0,0.0,0.0,0.0,0.0,0.0,0.000373568445713559,-0.01742958161450082,5.717988931647613,-11.671516572162309,1.041589215952008,-1.2018511054121104
3.866199999999607,0.0,0.0,0.0,0.0,0.0,0.0,0.00011406733348380098,-0.01748127038375338,5.717988216450968,-11.678241456569374,1.041586091868473,-1.2018866765088183
3.868199999999607,0.0,0.0,0.0,0.0,0.0,0.0,-0.00014691174840448628,-0.01752550183195175,5.717989605044293,-11.684932508524446,1.0415831034317085,-1.20196293671246
3.8701999999996066,0.0,0.0,0.0,0.0,0.0,0.0,-0.0004087716333928829,-0.01756218575318841,5.717993152160332,-11.691589792039082,1.0415802206567908,-1.2020799462291267
3.8721999999996064,0.0,0.0,0.0,0.0,0.0,0.0,-0.0006709811858442048,-0.017591258252082426,5.717998902894381,-11.698213375467533,1.0415774188615696,-1.2022377508337525
3.874199999999606,0.0,0.0,0.0,0.0,0.0,0.0,-0.0009330661761726786,-0.01761267761143304,5.718006893792111,-11.704803331199084,1.0415746778752044,-1.2024363822067967
3.876199999999606,0.0,0.0,0.0,0.0,0.0,0.0,-0.0011946015061725605,-0.01762642083602141,5.718017153768149,-11.711359735390207,1.0415719813653974,-1.2026758582155068
3.8781999999996057,0.0,0.0,0.0,0.0,0.0,0.0,-0.0014552045852930444,-0.017632480760025486,5.718029704881871,-11.717882667731258,1.041569316266444,-1.2029561831482791
3.8801999999996055,0.0,0.0,0.0,0.0,0.0,0.0,-0.0017145296877968002,-0.01763086362425418,5.718044562992814,-11.724372211243221,1.041566672292907,-1.2032773479093717
3.8821999999996053,0.0,0.0,0.0,0.0,0.0,0.0,-0.0019722631456856295,-0.01762158704504761,5.718061738314636,-11.730828452100669,1.0415640415260117,-1.2036393301801636
3.884199999999605,0.0,0.0,0.0,0.0,0.0,0.0,-0.0022281192535969115,-0.017604678309752486,5.718081235883635,-11.737251479477658,1.0415614180617965,-1.2040420945522274
3.886199999999605,0.0,0.0,0.0,0.0,0.0,0.0,-0.0024818367800898116,-0.017580172944570375,5.718103055955401,-11.743641385413778,1.0415587977117087,-1.2044855926367193
3.8881999999996046,0.0,0.0,0.0,0.0,0.0,0.0,-0.00273317599529075,-0.017548113509666844,5.718127194341038,-11.749998264697917,1.0415561777477385,-1.2049697631539138
3.8901999999996044,0.0,0.0,0.0,0.0,0.0,0.0,-0.0029819161381548923,-0.017508548583999993,5.718153642692645,-11.756322214767739,1.041553556685369,-1.205494532006155
3.892199999999604,0.0,0.0,0.0,0.0,0.0,0.0,-0.003227853257932868,-0.01746153190863816,5.718182388746265,-11.762613335623096,1.0415509340986415,-1.206059812337013
3.894199999999604,0.0,0.0,0.0,0.0,0.0,0.0,-0.003470798374110337,-0.01740712166259442,5.718213416529227,-11.768871729751861,1.0415483104624856,-1.2066655045790255
3.8961999999996038,0.0,0.0,0.0,0.0,0.0,0.0,-0.0037105759073397353,-0.017345379849582673,5.7182467065377365,-11.775097502066906,1.0415456870182025,-1.2073114964920582
3.8981999999996035,0.0,0.0,0.0,0.0,0.0,0.0,-0.003947022340928096,-0.017276371777741453,5.718282235889699,-11.781290759853126,1.0415430656586018,-1.2079976631940201
3.9001999999996033,0.0,0.0,0.0,0.0,0.0,0.0,-0.004179985078441252,-0.017200165617402754,5.718319978456961,-11.787451612723528,1.0415404488298288,-1.2087238671854281
3.902199999999603,0.0,0.0,0.0,0.0,0.0,0.0,-0.004409321468109302,-0.017116832024505407,5.718359904980535,-11.79358017258356,1.0415378394473578,-1.2094899583690815
3.904199999999603,0.0,0.0,0.0,0.0,0.0,0.0,-0.004634897969073423,-0.017026443819341874,5.718401983171836,-11.799676553602996,1.0415352408240106,-1.2102957740659552
3.9061999999996027,0.0,0.0,0.0,0.0,0.0,0.0,-0.004856589438233246,-0.016929075712073166,5.7184461778024644,-11.805740872194697,1.0415326566081853,-1.2111411390282447
3.9081999999996024,0.0,0.0,0.0,0.0,0.0,0.0,-0.005074278519615346,-0.016824804067887104,5.718492450784744,-11.811773246999747,1.0415300907307508,-1.212025865450377
3.910199999999602,0.0,0.0,0.0,0.0,0.0,0.0,-0.005287855120879922,-0.01671370670587631,5.718540761244821,-11.817773798878454,1.0415275473592953,-1.2129497529786875
3.912199999999602,0.0,0.0,0.0,0.0,0.0,0.0,-0.005497215963873864,-0.016595862726706576,5.718591065589927,-11.823742650906802,1.0415250308586192,-1.213912588720375
3.9141999999996018,0.0,0.0,0.0,0.0,0.0,0.0,-0.005702264198090218,-0.016471352364969945,5.7186433175711295,-11.829679928377947,1.041522545756523,-1.2149141472522702
3.9161999999996016,0.0,0.0,0.0,0.0,0.0,0.0,-0.005902909067553806,-0.016340256862801588,5.7186974683427065,-11.835585758808449,1.0415200967140945,-1.2159541906298743
3.9181999999996013,0.0,0.0,0.0,0.0,0.0,0.0,-0.006099065623061725,-0.016202658361902645,5.7187534665191375,-11.84146027194887,1.0415176884998096,-1.2170324683970883
3.920199999999601,0.0,0.0,0.0,0.0,0.0,0.0,-0.006290654472909198,-0.01605863981158211,5.718811258230525,-11.847303599798485,1.041515325966873,-1.2181487175969947
3.922199999999601,0.0,0.0,0.0,0.0,0.0,0.0,-0.006477601566247333,-0.01590828489081513,5.718870787177178,-11.853115876623834,1.0415130140333058,-1.2193026627840144
3.9241999999996007,0.0,0.0,0.0,0.0,0.0,0.0,-0.006659838004085072,-0.015751677942634726,5.7189319946839685,-11.858897238980825,1.0415107576643665,-1.2204940160377418
3.9261999999996005,0.0,0.0,0.0,0.0,0.0,0.0,-0.006837299873683171,-0.0155889039194402,5.718994819754986,-11.864647825740178,1.0415085618569504,-1.2217224769787114
3.9281999999996002,0.0,0.0,0.0,0.0,0.0,0.0,-0.007009928102707992,-0.015420048338019514,5.7190591991289565,-11.870367778115963,1.0415064316256724,-1.222987732786355
3.9301999999996,0.0,0.0,0.0,0.0,0.0,0.0,-0.0071776683300433086,-0.015245197243262917,5.719125067335813,-11.87605723969698,1.041504371990376,-1.224289458219367
3.9321999999996,0.0,0.0,0.0,0.0,0.0,0.0,-0.007340470790605825,-0.015064437179694018,5.719192356754774,-11.88171635648082,1.0415023879648562,-1.225627315638692
3.9341999999995996,0.0,0.0,0.0,0.0,0.0,0.0,-0.0074982902118881836,-0.014877855170061764,5.719260997674207,-11.887345276910315,1.041500484546614,-1.2270009550333345
3.9361999999995994,0.0,0.0,0.0,0.0,0.0,0.0,-0.007651085720275066,-0.014685538700339435,5.719330918353563,-11.892944151912197,1.0414986667074901,-1.2284100140491758
3.938199999999599,0.0,0.0,0.0,0.0,0.0,0.0,-0.007798820755451053,-0.014487575710554408,5.719402045087594,-11.898513134937764,1.0414969393850473,-1.229854118020987
3.940199999999599,0.0,0.0,0.0,0.0,0.0,0.0,-0.007941462991446551,-0.01428405459094066,5.719474302273032,-11.904052382005277,1.0414953074745938,-1.2313328800077998
3.9421999999995987,0.0,0.0,0.0,0.0,0.0,0.0,-0.008078984263066916,-0.0140750641829584,5.71954761247795,-11.90956205174396,1.0414937758217508,-1.2328459008318184
3.9441999999995985,0.0,0.0,0.0,0.0,0.0,0.0,-0.00821136049661024,-0.013860693784769406,5.719621896513889,-11.915042305439282,1.0414923492154977,-1.2343927691210261
3.9461999999995983,0.0,0.0,0.0,0.0,0.0,0.0,-0.008338571643922772,-0.013641033160791037,5.719697073510939,-11.920493307079372,1.0414910323816151,-1.235973061355652
3.948199999999598,0.0,0.0,0.0,0.0,0.0,0.0,-0.008460601618958598,-0.013416172554980583,5.71977306099583,-11.925915223402322,1.041489829976488,-1.2375863419186586
3.950199999999598,0.0,0.0,0.0,0.0,0.0,0.0,-0.008577438236108327,-0.013186202707524351,5.719849774973164,-11.931308223944118,1.0414887465812104,-1.2392321631504022
3.9521999999995976,0.0,0.0,0.0,0.0,0.0,0.0,-0.008689073149652378,-0.012951214874622523,5.719927130009838,-11.936672481087053,1.041487786695966,-1.2409100654076242
3.9541999999995974,0.0,0.0,0.0,0.0,0.0,0.0,-0.008795501793761738,-0.012711300851076803,5.720005039322726,-11.942008170108283,1.0414869547346468,-1.2426195771269244
3.956199999999597,0.0,0.0,0.0,0.0,0.0,0.0,-0.00889672332253656,-0.012466552995397158,5.720083414869665,-11.94731546922838,1.0414862550196888,-1.2443602148928672
3.958199999999597,0.0,0.0,0.0,0.0,0.0,0.0,-0.008992740549624874,-0.012217064257152074,5.720162167443768,-11.952594559659605,1.0414856917771045,-1.2461314835108719
3.9601999999995967,0.0,0.0,0.0,0.0,0.0,0.0,-0.009083559887010548,-0.011962928206297184,5.720241206771097,-11.957845625653656,1.0414852691316974,-1.2479328760850354
3.9621999999995965,0.0,0.0,0.0,0.0,0.0,0.0,-0.009169191282602837,-0.011704239064215123,5.720320441611667,-11.963068854548698,1.041484991102448,-1.2497638741010288
3.9641999999995963,0.0,0.0,0.0,0.0,0.0,0.0,-0.009249648156293581,-0.01144109173620972,5.720399779863807,-11.968264436815378,1.041484861598059,-1.2516239475142208
3.966199999999596,0.0,0.0,0.0,0.0,0.0,0.0,-0.009324947334184167,-0.011173581845196798,5.720479128671816,-11.973432566101616,1.0414848844126596,-1.2535125548431634
3.968199999999596,0.0,0.0,0.0,0.0,0.0,0.0,-0.00939510898071142,-0.010901805766335128,5.7205583945369,-11.978573439275932,1.0414850632216588,-1.2554291432685825
3.9701999999995956,0.0,0.0,0.0,0.0,0.0,0.0,-0.009460156528431072,-0.010625860662347664,5.7206374834313145,-11.983687256469056,1.0414854015777526,-1.2573731487380087
3.9721999999995954,0.0,0.0,0.0,0.0,0.0,0.0,-0.00952011660524213,-0.010345844519275603,5.720716300915665,-11.988774221113582,1.0414859029070813,-1.259343996076186
3.974199999999595,0.0,0.0,0.0,0.0,0.0,0.0,-0.009575018958861205,-0.010061856182418838,5.72079475225925,-11.993834539981444,1.0414865705055403,-1.2613410991013843
3.976199999999595,0.0,0.0,0.0,0.0,0.0,0.0,-0.009624896378378465,-0.009773995392210702,5.720872742563381,-11.99886842321895,1.041487407535246,-1.2633638607477409
3.9781999999995947,0.0,0.0,0.0,0.0,0.0,0.0,-0.009669784612750589,-0.009482362819777398,5.7209501768875395,-12.003876084379176,1.0414884170211631,-1.2654116731937577
3.9801999999995945,0.0,0.0,0.0,0.0,0.0,0.0,-0.009709722286109461,-0.009187060101936262,5.721026960378242,-12.008857740451456,1.0414896018478963,-1.2674839179970654
3.9821999999995943,0.0,0.0,0.0,0.0,0.0,0.0,-0.009744750809786979,-0.008888189875387396,5.721102998400486,-12.01381361188777,1.041490964756652,-1.2695799662355667
3.984199999999594,0.0,0.0,0.0,0.0,0.0,0.0,-0.009774914290980737,-0.008585855809854376,5.721178196671587,-12.01874392262579,1.041492508342378,-1.2716991786550629
3.986199999999594,0.0,0.0,0.0,0.0,0.0,0.0,-0.009800259438006524,-0.008280162639935341,5.721252461397248,-12.02364890010838,1.0414942350510885,-1.2738409058234614
3.9881999999995936,0.0,0.0,0.0,0.0,0.0,0.0,-0.009820835462109188,-0.00797121619542676,5.7213256994096575,-12.02852877529935,1.041496147177377,-1.2760044882916524
3.9901999999995934,0.0,0.0,0.0,0.0,0.0,0.0,-0.009836693975824741,-0.00765912342988807,5.721397818307405,-12.03338378269524,1.041498246862131,-1.278189256761141
3.992199999999593,0.0,0.0,0.0,0.0,0.0,0.0,-0.009847888887912137,-0.007343992447218149,5.721468726596992,-12.038214160332972,1.0415005360904523,-1.2803945322585037
3.994199999999593,0.0,0.0,0.0,0.0,0.0,0.0,-0.009854476294896101,-0.0070259325260244605,5.721538333835696,-12.043020149793156,1.0415030166897932,-1.282619626316736
3.9961999999995927,0.0,0.0,0.0,0.0,0.0,0.0,-0.00985651436928813,-0.0067050541415658955,5.721606550775521,-12.047801996198901,1.041505690328313,-1.2848638411635462
3.9981999999995925,0.0,0.0,0.0,0.0,0.0,0.0,-0.009854063244576525,-0.006381468985064578,5.721673289507974,-12.052559948209966,1.0415085585134676,-1.2871264699166396
4.000199999999593,0.0,0.0,0.0,0.0,0.0,0.0,-0.009847184897100405,-0.006055289980184244,5.721738463609378,-12.057294258012076,1.041511622590837,-1.2894067967860288
4.002199999999597,0.0,0.0,0.0,0.0,0.0,0.0,-0.009835943024949261,-0.005726631296487506,5.721801988286407,-12.06200518130129,1.0415148837431967,-1.2917040972833884
4.004199999999601,0.0,0.0,0.0,0.0,0.0,0.0,-0.009820402924051902,-0.00539560835968863,5.721863780521554,-12.066692977263278,1.0415183429898467,-1.2940176384384703
4.006199999999605,0.0,0.0,0.0,0.0,0.0,0.0,-0.009800631361645456,-0.005062337858536718,5.7219237592181855,-12.071357908547412,1.041522001186198,-1.2963466790225753
4.00819999999961,0.0,0.0,0.0,0.0,0.0,0.0,-0.009776696447335899,-0.0047269377481674,5.721981845344852,-12.076000241235539,1.0415258590236287,-1.2986904697790695
4.010199999999614,0.0,0.0,0.0,0.0,0.0,0.0,-0.009748667501988167,-0.0043895272497846815,5.722037962078509,-12.080620244805377,1.0415299170296133,-1.3010482536609154
4.012199999999618,0.0,0.0,0.0,0.0,0.0,0.0,-0.009716614924704707,-0.004050226846538524,5.722092034946289,-12.085218192088456,1.0415341755681309,-1.3034192660751822
4.014199999999622,0.0,0.0,0.0,0.0,0.0,0.0,-0.009680610058173134,-0.003709158275485904,5.722143991965462,-12.089794359222552,1.0415386348403581,-1.3058027351344772
4.0161999999996265,0.0,0.0,0.0,0.0,0.0,0.0,-0.00964072505268597,-0.003366444515535413,5.722193763781209,-12.094349025598556,1.0415432948856536,-1.3081978819152331
4.018199999999631,0.0,0.0,0.0,0.0,0.0,0.0,-0.009597032729152744,-0.0030222097712923313,5.722241283801836,-12.098882473801787,1.0415481555828354,-1.3106039207227702
4.020199999999635,0.0,0.0,0.0,0.0,0.0,0.0,-0.009549606441445724,-0.002676579452740082,5.722286488331049,-12.103394989547716,1.041553216651753,-1.313020059363033
4.022199999999639,0.0,0.0,0.0,0.0,0.0,0.0,-0.009498519938435271,-0.002329680150710058,5.722329316696907,-12.107886861612116,1.0415584776551616,-1.3154454994208968
4.024199999999643,0.0,0.0,0.0,0.0,0.0,0.0,-0.009443847226086809,-0.001981639608111306,5.722369711377059,-12.112358381755692,1.041563938000896,-1.3178794365449131
4.026199999999648,0.0,0.0,0.0,0.0,0.0,0.0,-0.009385662430004897,-0.001632586686911375,5.722407618119913,-12.116809844643182,1.041569596944348,-1.3203210607383582
4.028199999999652,0.0,0.0,0.0,0.0,0.0,0.0,-0.009324039658820973,-0.0012826513308778172,5.7224429860613215,-12.121241547757052,1.041575453591243,-1.3227695566564304
4.030199999999656,0.0,0.0,0.0,0.0,0.0,0.0,-0.009259052868831136,-0.0009319645241116371,5.722475767836441,-12.1256537913058,1.0415815069007215,-1.3252241039094252
4.03219999999966,0.0,0.0,0.0,0.0,0.0,0.0,-0.009190775730297172,-0.0005806582454217678,5.722505919686383,-12.130046878127041,1.0415877556887163,-1.3276838773717088
4.0341999999996645,0.0,0.0,0.0,0.0,0.0,0.0,-0.00911928149582913,-0.00022886541861292717,5.722533401559305,-12.134421113585406,1.04159419863163,-1.33014804749629
4.036199999999669,0.0,0.0,0.0,0.0,0.0,0.0,-0.009044642871271012,0.00012328014122411,5.7225581772055945,-12.138776805465428,1.041600834270303,-1.3326157806347865
4.038199999999673,0.0,0.0,0.0,0.0,0.0,0.0,-0.008966931889510126,0.0004756437853064036,5.722580214266796,-12.143114263859566,1.041607661014271,-1.3350862393625542
4.040199999999677,0.0,0.0,0.0,0.0,0.0,0.0,-0.00888621978763005,0.0008280900925082007,5.722599484357998,-12.147433801051486,1.041614677146306,-1.3375585828087508
4.042199999999681,0.0,0.0,0.0,0.0,0.0,0.0,-0.008802576887820972,0.0011804829343137083,5.722615963143323,-12.151735731394812,1.0416218808272282,-1.3400319669910814
4.044199999999686,0.0,0.0,0.0,0.0,0.0,0.0,-0.008716072482455602,0.001532685543205024,5.722629630404283,-12.156020371187546,1.0416292701009944,-1.3425055451549675
4.04619999999969,0.0,0.0,0.0,0.0,0.0,0.0,-0.008626774723727642,0.0018845605842970727,5.7226404701007,-12.160288038542284,1.0416368429000415,-1.3449784681168673
4.048199999999694,0.0,0.0,0.0,0.0,0.0,0.0,-0.008534750518239915,0.002235970230014617,5.722648470423953,-12.164539053252527,1.0416445970508799,-1.3474498846114673
4.050199999999698,0.0,0.0,0.0,0.0,0.0,0.0,-0.008440065426912587,0.0025867762375911155,5.7226536238423344,-12.168773736655304,1.0416525302799269,-1.349918941642454
4.0521999999997025,0.0,0.0,0.0,0.0,0.0,0.0,-0.008342783570567454,0.0029368400291503545,5.722655927138308,-12.17299241149027,1.0416606402195725,-1.3523847848365604
4.054199999999707,0.0,0.0,0.0,0.0,0.0,0.0,-0.008242967541524421,0.0032860227741227954,5.722655381437489,-12.177195401755633,1.0416689244144561,-1.3548465588005876
4.056199999999711,0.0,0.0,0.0,0.0,0.0,0.0,-0.008140678321525534,0.0036341854737300273,5.7226519922292,-12.181383032561078,1.0416773803279482,-1.3573034074810781
4.058199999999715,0.0,0.0,0.0,0.0,0.0,0.0,-0.008035975206279786,0.003981189047264107,5.722645769378484,-12.185555629978028,1.0416860053488244,-1.3597544745263246
4.060199999999719,0.0,0.0,0.0,0.0,0.0,0.0,-0.007928915736897121,0.004326894419874762,5.722636727129462,-12.189713520887434,1.0416947967981076,-1.3621989036503797
4.062199999999724,0.0,0.0,0.0,0.0,0.0,0.0,-0.007860944960713566,0.004675305704894365,5.7226182541301265,-12.193857033626536,1.0417037676671268,-1.364635838163479
4.064199999999728,0.0,0.0,0.0,0.0,0.0,0.0,-0.0077955032674223565,0.005022659839286443,5.722596218289003,-12.19798650024266,1.041712997730287,-1.3670644192841095
4.066199999999732,0.0,0.0,0.0,0.0,0.0,0.0,-0.007726887800028132,0.005368242600609961,5.722571574954417,-12.202102253400987,1.0417225826218626,-1.3694837903844324
4.068199999999736,0.0,0.0,0.0,0.0,0.0,0.0,-0.0076551449211592825,0.005711913615957732,5.722544363839213,-12.20620462527367,1.0417326158109734,-1.3718930984330764
4.0701999999997405,0.0,0.0,0.0,0.0,0.0,0.0,-0.007580321484587441,0.006053533719718519,5.722514628197393,-12.210293947399832,1.041743188607104,-1.3742914942969124
4.072199999999745,0.0,0.0,0.0,0.0,0.0,0.0,-0.00750246481519799,0.0063929650256449285,5.722482414761308,-12.214370550546066,1.041754390170821,-1.3766781330423092
4.074199999999749,0.0,0.0,0.0,0.0,0.0,0.0,-0.0074216226902706454,0.0067300709976048706,5.7224477736734825,-12.218434764567558,1.0417663075296175,-1.3790521742357629
4.076199999999753,0.0,0.0,0.0,0.0,0.0,0.0,-0.007337843322084633,0.007064716518881397,5.722410758413163,-12.222486918269905,1.0417790255987924,-1.3814127822437916
4.078199999999757,0.0,0.0,0.0,0.0,0.0,0.0,-0.007251175341859252,0.007396767959894086,5.722371425717732,-12.226527339271815,1.0417926272072817,-1.383759126531993
4.080199999999762,0.0,0.0,0.0,0.0,0.0,0.0,-0.007161667785042162,0.00772609324421994,5.722329835499082,-12.230556353868755,1.0418071931283308,-1.3860903819631516
4.082199999999766,0.0,0.0,0.0,0.0,0.0,0.0,-0.007069370077954078,0.0080525619127968,5.722286050755125,-12.234574286897661,1.0418228021149014,-1.3884057290942842
4.08419999999977,0.0,0.0,0.0,0.0,0.0,0.0,-0.006974332025798877,0.008376045186203152,5.7222401374765575,-12.238581461602832,1.0418395309396964,-1.3907043544725124
4.086199999999774,0.0,0.0,0.0,0.0,0.0,0.0,-0.006876603802044262,0.008696416024913351,5.722192164549044,-12.242578199503091,1.0418574544396741,-1.3929854509296513
4.0881999999997785,0.0,0.0,0.0,0.0,0.0,0.0,-0.006776235939178369,0.009013549187435878,5.722142203650998,-12.246564820260359,1.041876645564921,-1.3952482178753947
4.090199999999783,0.0,0.0,0.0,0.0,0.0,0.0,-0.0066732793208438565,0.009327321286250112,5.722090329147109,-12.250541641549644,1.0418971754317385,-1.3974918615889809
4.092199999999787,0.0,0.0,0.0,0.0,0.0,0.0,-0.006567785175349604,0.009637610841469291,5.722036617977814,-12.254508978930662,1.0419191133798,-1.3997155955092306
4.094199999999791,0.0,0.0,0.0,0.0,0.0,0.0,-0.006459805070557589,0.009944298332159358,5.7219811495448925,-12.258467145721037,1.0419425270332212,-1.4019186405228252
4.096199999999795,0.0,0.0,0.0,0.0,0.0,0.0,-0.006349390910138561,0.010247266245261295,5.721924005593387,-12.262416452871292,1.0419674823653833,-1.4041002252507182
4.0981999999998,0.0,0.0,0.0,0.0,0.0,0.0,-0.006236594931190294,0.010546399122067365,5.721865270090036,-12.266357208841608,1.0419940437673394,-1.406259586332554
4.100199999999804,0.0,0.0,0.0,0.0,0.0,0.0,-0.006121469703204734,0.010841583602214612,5.721805029098438,-12.270289719480486,1.042022274119636,-1.4083959687089782
4.102199999999808,0.0,0.0,0.0,0.0,0.0,0.0,-0.006004068128371826,0.011132708465167397,5.72174337065115,-12.274214287905338,1.042052234867364,-1.4105086259017134
4.104199999999812,0.0,0.0,0.0,0.0,0.0,0.0,-0.005884443443200812,0.011419664669171627,5.721680384618934,-12.278131214385096,1.04208398609826,-1.4125968202912815
4.106199999999816,0.0,0.0,0.0,0.0,0.0,0.0,-0.005762649221438461,0.011702345387672612,5.721616162577385,-12.282040796224909,1.042117586623668,-1.4146598233922516
4.108199999999821,0.0,0.0,0.0,0.0,0.0,0.0,-0.0056387393782590675,0.011980646043197955,5.721550797671146,-12.285943327652902,1.0421530940621648,-1.4166969161258922
4.110199999999825,0.0,0.0,0.0,0.0,0.0,0.0,-0.005512768175697988,0.012254464338717668,5.721484384475936,-12.289839099709164,1.0421905649256522,-1.4187073890900999
4.112199999999829,0.0,0.0,0.0,0.0,0.0,0.0,-0.0053847902292955205,0.012523700286501743,5.721417018858646,-12.293728400136906,1.042230054707721,-1.42069054282649
4.114199999999833,0.0,0.0,0.0,0.0,0.0,0.0,-0.005254860515915739,0.012788256234507751,5.721348797835694,-12.297611513275866,1.0422716179740679,-1.4226456880845197
4.1161999999998375,0.0,0.0,0.0,0.0,0.0,0.0,-0.005123034382698903,0.013048036890335952,5.721279819429904,-12.301488719958014,1.0423153084547683,-1.4245721460825245
4.118199999999842,0.0,0.0,0.0,0.0,0.0,0.0,-0.004989367557103814,0.013302949342803606,5.721210182526121,-12.305360297405532,1.0423611791381886,-1.4264692487655448
4.120199999999846,0.0,0.0,0.0,0.0,0.0,0.0,-0.004853916157990291,0.013552903081194294,5.721139986725802,-12.309226519131144,1.0424092823663265,-1.4283363390598223
4.12219999999985,0.0,0.0,0.0,0.0,0.0,0.0,-0.004716736707690012,0.013797810012249655,5.7210693322008295,-12.313087654840777,1.0424596699313569,-1.4301727711238397
4.124199999999854,0.0,0.0,0.0,0.0,0.0,0.0,-0.004577886145007916,0.014037584474977964,5.720998319546744,-12.316943970338574,1.0425123931731761,-1.431977910595788
4.126199999999859,0.0,0.0,0.0,0.0,0.0,0.0,-0.004437421839092621,0.014272143253361068,5.720927049635675,-12.320795727434295,1.0425675030777173,-1.4337511348373357
4.128199999999863,0.0,0.0,0.0,0.0,0.0,0.0,-0.004295401604110842,0.014501405587049349,5.7208556234691565,-12.324643183853052,1.04262505037582,-1.4354918331735813
4.130199999999867,0.0,0.0,0.0,0.0,0.0,0.0,-0.004151883714655476,0.014725293180141192,5.72078414203109,-12.32848659314744,1.0426850856424335,-1.4371994071290686
4.132199999999871,0.0,0.0,0.0,0.0,0.0,0.0,-0.0040069269218134616,0.014943730208149191,5.720712706141055,-12.332326204612023,1.0427476593959302,-1.4388732706597487
4.1341999999998755,0.0,0.0,0.0,0.0,0.0,0.0,-0.003860590469815037,0.015156643323261512,5.720641416308209,-12.336162263200162,1.042812822197316,-1.440512850380765
4.13619999999988,0.0,0.0,0.0,0.0,0.0,0.0,-0.0037129341131829246,0.015363961658011611,5.720570372585987,-12.339995009443198,1.0428806247491083,-1.4421175857899449
4.138199999999884,0.0,0.0,0.0,0.0,0.0,0.0,-0.0035640181342939344,0.015565616827475889,5.720499674427826,-12.343824679371961,1.0429511179936677,-1.4436869294868884
4.140199999999888,0.0,0.0,0.0,0.0,0.0,0.0,-0.003413903361264476,0.015761542930119766,5.720429420544117,-12.34765150444057,1.0430243532107666,-1.4452203473875271
4.142199999999892,0.0,0.0,0.0,0.0,0.0,0.0,-0.0032626511860653867,0.01595167654741997,5.720359708760609,-12.35147571145252,1.0431003821141729,-1.4467173189340483
4.144199999999897,0.0,0.0,0.0,0.0,0.0,0.0,-0.0031103235827687208,0.016135956742390045,5.720290635878456,-12.35529752248905,1.0431792569470395,-1.4481773373000637
4.146199999999901,0.0,0.0,0.0,0.0,0.0,0.0,-0.002956983125825908,0.016314325057141966,5.7202222975361225,-12.359117154839693,1.043261030575887,-1.4495999095909176
4.148199999999905,0.0,0.0,0.0,0.0,0.0,0.0,-0.002802693008273835,0.01648672550961506,5.720154788073329,-12.362934820935068,1.0433457565829667,-1.4509845570390174
4.150199999999909,0.0,0.0,0.0,0.0,0.0,0.0,-0.0026475170597611234,0.016653104589606248,5.7200882003972495,-12.366750728281808,1.0434334893568005,-1.452330815194081
4.1521999999999135,0.0,0.0,0.0,0.0,0.0,0.0,-0.0024915197642852572,0.016813411254235258,5.720022625851119,-12.370565079399617,1.043524284180695,-1.4536382341081917
4.154199999999918,0.0,0.0,0.0,0.0,0.0,0.0,-0.0023347662775280464,0.01696759692297957,5.719958154085465,-12.374378071760436,1.043618197319026,-1.4549063785155534
4.156199999999922,0.0,0.0,0.0,0.0,0.0,0.0,-0.0021773224436747976,0.017115615472408825,5.719894872932118,-12.378189897729639,1.0437152861011034,-1.4561348280068425
4.158199999999926,0.0,0.0,0.0,0.0,0.0,0.0,-0.0020192548116005613,0.017257423230752196,5.71983286828117,-12.382000744509256,1.0438156090024207,-1.4573231771980508
4.16019999999993,0.0,0.0,0.0,0.0,0.0,0.0,-0.0018606306503044393,0.017392978972425577,5.719772223961066,-12.385810794083165,1.0439192257231045,-1.4584710358937234
4.162199999999935,0.0,0.0,0.0,0.0,0.0,0.0,-0.001701517963472497,0.01752224391264437,5.7197130216219705,-12.389620223164208,1.0440261972633806,-1.4595780292444838
4.164199999999939,0.0,0.0,0.0,0.0,0.0,0.0,-0.0015419855030479306,0.017645181702243384,5.71965534062256,-12.393429203143201,1.0441365859958818,-1.4606437978987543
4.166199999999943,0.0,0.0,0.0,0.0,0.0,0.0,-0.0013821027816862377,0.017761758422821204,5.719599257920409,-12.397237900039789,1.0442504557346228,-1.4616679981485738
4.168199999999947,0.0,0.0,0.0,0.0,0.0,0.0,-0.0012219400839730893,0.01787194258232212,5.7195448479660955,-12.4010464744551,1.0443678718004796,-1.4626503020694173
4.1701999999999515,0.0,0.0,0.0,0.0,0.0,0.0,-0.0010615684762823414,0.017975705111162588,5.719492182601159,-12.404855081526154,1.0444889010830096,-1.463590397653926
4.172199999999956,0.0,0.0,0.0,0.0,0.0,0.0,-0.0009010598151511931,0.018073019359002258,5.719441330960059,-12.408663870882027,1.0446136120984622,-1.464487988939461
4.17419999999996,0.0,0.0,0.0,0.0,0.0,0.0,-0.0007404867540513338,0.018163861092256577,5.71939235937624,-12.412472986601646,1.0447420750438297,-1.465342796129389
4.176199999999964,0.0,0.0,0.0,0.0,0.0,0.0,-0.0005799227484344803,0.018248208492434855,5.719345331292432,-12.416282567173258,1.0448743618467995,-1.4661545557080122
4.178199999999968,0.0,0.0,0.0,0.0,0.0,0.0,-0.0004194420589333822,0.018326042155387082,5.719300307175297,-12.420092745455506,1.0450105462114698,-1.466923020549068
4.180199999999973,0.0,0.0,0.0,0.0,0.0,0.0,-0.00025911975260013183,0.018397345091529124,5.719257344434519,-12.423903648640033,1.045150703659708,-1.467647960017706
4.182199999999977,0.0,0.0,0.0,0.0,0.0,0.0,-9.903170206620681e-05,0.01846210272711043,5.719216497346452,-12.427715398215671,1.0452949115680252,-1.4683291600658746
4.184199999999981,0.0,0.0,0.0,0.0,0.0,0.0,6.074541748851652e-05,0.018520302906577822,5.719177816982417,-12.43152810993409,1.0454432491998584,-1.468966423321033
4.186199999999985,0.0,0.0,0.0,0.0,0.0,0.0,0.00022013413366759932,0.018571935896082355,5.719141351141717,-12.435341893776918,1.0455957977331531,-1.4695595691681202
4.1881999999999895,0.0,0.0,0.0,0.0,0.0,0.0,0.000379056184598305,0.018616994388162618,5.719107144289488,-12.43915685392433,1.0457526402831527,-1.4701084338247052
4.190199999999994,0.0,0.0,0.0,0.0,0.0,0.0,0.0005374325291817177,0.0186554735076314,5.719075237499433,-12.442973088725026,1.0459138619202986,-1.4706128704092567
4.192199999999998,0.0,0.0,0.0,0.0,0.0,0.0,0.0006951833599512987,0.018687370818681114,5.719045668401517,-12.446790690667598,1.0460795496831692,-1.471072749002461
4.194200000000002,0.0,0.0,0.0,0.0,0.0,0.0,0.000852228118634936,0.018712686333213557,5.719018471134703,-12.4506097463533,1.0462497925863736,-1.4714879567015275
4.196200000000006,0.0,0.0,0.0,0.0,0.0,0.0,0.001008485514506936,0.018731422520387186,5.718993676304764,-12.454430336470125,1.0464246816233465,-1.471858397667423
4.198200000000011,0.0,0.0,0.0,0.0,0.0,0.0,0.0011638735456147094,0.018743584317368615,5.718971310947241,-12.458252535768258,1.0466043097639783,-1.4721839931649774
4.200200000000015,0.0,0.0,0.0,0.0,0.0,0.0,0.0013183095229565586,0.01874917914125882,5.718951398495592,-12.462076413036847,1.0467887719470372,-1.4724646815958062
4.202200000000019,0.0,0.0,0.0,0.0,0.0,0.0,0.0010719158576564165,0.01749958446788939,5.7190297387676745,-12.465901919063459,1.0469781760588897,-1.472700679880142
4.204200000000023,0.0,0.0,0.0,0.0,0.0,0.0,0.0004885825497676069,0.015271171706065081,5.71918753523979,-12.469727315136115,1.0471727951951721,-1.4728961494277486
4.2062000000000275,0.0,0.0,0.0,0.0,0.0,0.0,-4.202675155810971e-06,0.01340836684526968,5.719321332499861,-12.473549868946012,1.04737299245543,-1.4730575703294142
4.208200000000032,0.0,0.0,0.0,0.0,0.0,0.0,-0.0004199857594363433,0.011851778521681532,5.719434643330792,-12.477367264903508,1.0475790804902592,-1.4731904497388568
4.210200000000036,0.0,0.0,0.0,0.0,0.0,0.0,-0.0007702507547261563,0.010551641172415839,5.719530529561426,-12.481177568258591,1.0477913256728821,-1.4732994052153883
4.21220000000004,0.0,0.0,0.0,0.0,0.0,0.0,-0.0010647441161411317,0.009466256966306355,5.719611640283361,-12.484979163405816,1.0480099549295376,-1.4733883084230557
4.214200000000044,0.0,0.0,0.0,0.0,0.0,0.0,-0.0013117445152491243,0.008560689340667624,5.719680254181678,-12.488770702174081,1.0482351616071275,-1.4734604056162246
4.216200000000049,0.0,0.0,0.0,0.0,0.0,0.0,-0.0015182883744016564,0.007805667678361662,5.719738322257816,-12.492551060483482,1.0484671104909464,-1.473518418661724
4.218200000000053,0.0,0.0,0.0,0.0,0.0,0.0,-0.001690359131718013,0.007176669119678243,5.7197875087327175,-12.496319302013923,1.0487059420799416,-1.4735646297418274
4.220200000000057,0.0,0.0,0.0,0.0,0.0,0.0,-0.0018330465901310589,0.00665314894695648,5.719829228914097,-12.50007464775027,1.048951776218599,-1.4736009523743747
4.222200000000061,0.0,0.0,0.0,0.0,0.0,0.0,-0.0019506814407634048,0.006217895561865287,5.719864683456954,-12.503816450452664,1.049204715174857,-1.4736289909604352
4.2242000000000655,0.0,0.0,0.0,0.0,0.0,0.0,-0.002046949076989494,0.005856489929040796,5.7198948888540055,-12.507544173254953,1.0494648462434217,-1.4736500907128338
4.22620000000007,0.0,0.0,0.0,0.0,0.0,0.0,-0.002124986056410798,0.005556852598988292,5.719920704240755,-12.51125737172322,1.049732243944123,-1.4736653795194494
4.228200000000074,0.0,0.0,0.0,0.0,0.0,0.0,-0.002187461969821703,0.005308864144385947,5.719942854742051,-12.514955678814667,1.0500069718758565,-1.4736758030441681
4.230200000000078,0.0,0.0,0.0,0.0,0.0,0.0,-0.002236648999968132,0.005104047129023786,5.719961951659798,-12.518638792267586,1.050289084278394,-1.4736821541578942
4.232200000000082,0.0,0.0,0.0,0.0,0.0,0.0,-0.0022744810698819124,0.004935299646795892,5.719978509830087,-12.522306464029272,1.0505786273469369,-1.4736850976155518
4.234200000000087,0.0,0.0,0.0,0.0,0.0,0.0,-0.0023026041696970626,0.004796672077870142,5.719992962479028,-12.525958491392231,1.0508756403377693,-1.4736851907470392
4.236200000000091,0.0,0.0,0.0,0.0,0.0,0.0,-0.002322419196421387,0.004683180059658272,5.720005673891461,-12.5295947095624,1.0511801564976897,-1.4736829008060377
4.238200000000095,0.0,0.0,0.0,0.0,0.0,0.0,-0.002335118431338944,0.004590647802999898,5.720016950182621,-12.53321498542786,1.0514922038449597,-1.4736786195165648
4.240200000000099,0.0,0.0,0.0,0.0,0.0,0.0,-0.0023417166056049397,0.004515576833975028,5.7200270484348215,-12.536819212333858,1.051811805825276,-1.4736726752699307
4.242200000000103,0.0,0.0,0.0,0.0,0.0,0.0,-0.002343077359281683,0.004455036038345965,5.720036184432062,-12.540407305701464,1.0521389818626425,-1.4736653433516498
4.244200000000108,0.0,0.0,0.0,0.0,0.0,0.0,-0.0023399357772161656,0.0044065695534824855,5.720044539197101,-12.543979199353426,1.0524737478219186,-1.4736568545165316
4.246200000000112,0.0,0.0,0.0,0.0,0.0,0.0,-0.0023329175825829696,0.004368119612480536,5.720052264509058,-12.54753484243292,1.0528161163971899,-1.473647402178772
4.248200000000116,0.0,0.0,0.0,0.0,0.0,0.0,-0.002322555482284879,0.004337961914464397,5.720059487555391,-12.55107419681931,1.0531660974378734,-1.47363714844077
4.25020000000012,0.0,0.0,0.0,0.0,0.0,0.0,-0.0023093030850412826,0.004314651488378607,5.720066314850483,-12.554597234960575,1.0535236982225866,-1.4736262291482438
4.2522000000001245,0.0,0.0,0.0,0.0,0.0,0.0,-0.0022935467507436114,0.0042969773472040515,5.72007283553396,-12.558103938055067,1.0538889236891975,-1.4736147581289254
4.254200000000129,0.0,0.0,0.0,0.0,0.0,0.0,-0.0022756156767434177,0.004283924505761204,5.720079124145198,-12.561594294526069,1.0542617766281481,-1.4736028307467095
4.256200000000133,0.0,0.0,0.0,0.0,0.0,0.0,-0.002255790481704014,0.0042746421667347635,5.720085242955989,-12.565068298741906,1.0546422578449908,-1.4735905268818181
4.258200000000137,0.0,0.0,0.0,0.0,0.0,0.0,-0.002234310509283418,0.004268417073502701,5.720091243930893,-12.568525949941863,1.0550303662971305,-1.4735779134296987
4.260200000000141,0.0,0.0,0.0,0.0,0.0,0.0,-0.0022113800412085936,0.004264651190860355,5.720097170374137,-12.571967251334666,1.0554260992089666,-1.4735650463963816
4.262200000000146,0.0,0.0,0.0,0.0,0.0,0.0,-0.00218717358140481,0.004262843010881377,5.720103058312752,-12.575392209341638,1.0558294521689402,-1.4735519726554762
4.26420000000015,0.0,0.0,0.0,0.0,0.0,0.0,-0.0021618403490412546,0.004262571895228989,5.720108937657957,-12.578800832961132,1.056240419211441,-1.4735387314214554
4.266200000000154,0.0,0.0,0.0,0.0,0.0,0.0,-0.0021355080980406094,0.004263484960793387,5.720114833180133,-12.582193133234691,1.0566589928860404,-1.4735253554850483
4.268200000000158,0.0,0.0,0.0,0.0,0.0,0.0,-0.002108286363263922,0.004265286095590903,5.720120765327195,-12.585569122798454,1.0570851643161245,-1.4735118722491611
4.2702000000001625,0.0,0.0,0.0,0.0,0.0,0.0,-0.0020802692187863107,0.004267726758928386,5.720126750911457,-12.58892881550608,1.057518923248662,-1.4734983045975445
4.272200000000167,0.0,0.0,0.0,0.0,0.0,0.0,-0.0020515376210509073,0.004270598276017094,5.720132803686045,-12.592272226111586,1.0579602580965615,-1.4734846716232115
4.274200000000171,0.0,0.0,0.0,0.0,0.0,0.0,-0.0020221613989143713,0.00427372538428527,5.720138934828634,-12.595599370002505,1.0584091559748394,-1.4734709892392597
4.276200000000175,0.0,0.0,0.0,0.0,0.0,0.0,-0.0019922009434046747,0.004276960828060389,5.720145153347367,-12.598910262975146,1.0588656027316181,-1.4734572706910882
4.278200000000179,0.0,0.0,0.0,0.0,0.0,0.0,-0.0019617086421711443,0.004280180831316107,5.720151466421513,-12.602204921045262,1.0593295829748104,-1.4734435269859287
4.280200000000184,0.0,0.0,0.0,0.0,0.0,0.0,-0.0019307300969187207,0.00428328130583933,5.7201578796873385,-12.605483360288332,1.0598010800952102,-1.4734297672530474
4.282200000000188,0.0,0.0,0.0,0.0,0.0,0.0,-0.0018993051564198948,0.0042861746753424,5.7201643974780385,-12.608745596704734,1.0602800762865847,-1.4734159990458053
4.284200000000192,0.0,0.0,0.0,0.0,0.0,0.0,-0.0018674687928360344,0.004288787215453004,5.720171023025125,-12.611991646105777,1.0607665525632763,-1.4734022285949757
4.286200000000196,0.0,0.0,0.0,0.0,0.0,0.0,-0.001835251844940888,0.004291056825769719,5.720177758627493,-12.61522152401724,1.0612604887757329,-1.4733884610211763
4.2882000000002005,0.0,0.0,0.0,0.0,0.0,0.0,-0.0018026816483104823,0.004292931163785801,5.720184605793371,-12.618435245597606,1.0617618636243178,-1.4733747005130267
4.290200000000205,0.0,0.0,0.0,0.0,0.0,0.0,-0.0017697825695397276,0.004294366081888544,5.720191565359543,-12.621632825568607,1.0622706546717005,-1.4733609504765628
4.292200000000209,0.0,0.0,0.0,0.0,0.0,0.0,-0.0017365764589886102,0.00429532431819269,5.720198637591505,-12.62481427815615,1.0627868383540675,-1.4733472136605428
4.294200000000213,0.0,0.0,0.0,0.0,0.0,0.0,-0.001703083034382486,0.004295774399966813,5.720205822267635,-12.627979617039895,1.0633103899913674,-1.4733334922615453
4.296200000000217,0.0,0.0,0.0,0.0,0.0,0.0,-0.0016693202057380112,0.004295689725110939,5.720213118749962,-12.631128855310166,1.0638412837967612,-1.4733197880121172
4.298200000000222,0.0,0.0,0.0,0.0,0.0,0.0,-0.0016353043505122238,0.0042950477927579025,5.720220526043705,-12.634262005430969,1.0643794928854196,-1.4733061022547047
4.300200000000226,0.0,0.0,0.0,0.0,0.0,0.0,-0.0016010505465272674,0.004293829558768391,5.720228042847381,-12.637379079208186,1.0649249892827914,-1.4732924360036694
4.30220000000023,0.0,0.0,0.0,0.0,0.0,0.0,-0.0015665727690875391,0.0042920188958290055,5.720235667595032,-12.64048008776209,1.0654777439324499,-1.473278789997307
4.304200000000234,0.0,0.0,0.0,0.0,0.0,0.0,-0.001531884057733628,0.004289602141157651,5.720243398491824,-12.64356504150352,1.0660377267035892,-1.4732651647414845
4.3062000000002385,0.0,0.0,0.0,0.0,0.0,0.0,-0.0014969966572554966,0.004286567717583114,5.7202512335441025,-12.646633950113124,1.0666049063982537,-1.4732515605462457
4.308200000000243,0.0,0.0,0.0,0.0,0.0,0.0,-0.0014619221368864636,0.0042829058160780125,5.720259170584801,-12.64968682252321,1.0671792507583524,-1.4732379775565276
4.310200000000247,0.0,0.0,0.0,0.0,0.0,0.0,-0.0014266714910055572,0.004278608129761383,5.720267207294952,-12.652723666901748,1.0677607264725149,-1.4732244157779255
4.312200000000251,0.0,0.0,0.0,0.0,0.0,0.0,-0.0013912552241700869,0.004273667631009157,5.72027534122194,-12.65574449063826,1.068349299182819,-1.473210875098318
4.314200000000255,0.0,0.0,0.0,0.0,0.0,0.0,-0.0013556834228725897,0.00426807838467004,5.720283569795017,-12.658749300331245,1.068944933491437,-1.4731973553060151
4.31620000000026,0.0,0.0,0.0,0.0,0.0,0.0,-0.0013199658160509425,0.004261835391520869,5.720291890338526,-12.66173810177695,1.0695475929672194,-1.4731838561049868
4.318200000000264,0.0,0.0,0.0,0.0,0.0,0.0,-0.0012841118260719085,0.004254934457050339,5.720300300083215,-12.664710899959243,1.0701572401522488,-1.4731703771276492
4.320200000000268,0.0,0.0,0.0,0.0,0.0,0.0,-0.0012481306116477043,0.004247372081456492,5.720308796175939,-12.667667699040482,1.070773836568372,-1.473156917945598
4.322200000000272,0.0,0.0,0.0,0.0,0.0,0.0,-0.001212031103919315,0.004239145367412258,5.720317375688018,-12.670608502353163,1.0713973427237404,-1.4731434780786246
4.3242000000002765,0.0,0.0,0.0,0.0,0.0,0.0,-0.0011758220367553908,0.004230251942714213,5.720326035622481,-12.673533312392292,1.072027718119362,-1.4731300570022856
4.326200000000281,0.0,0.0,0.0,0.0,0.0,0.0,-0.0011395119721527252,0.0042206898953962325,5.720334772920353,-12.676442130808363,1.0726649212556805,-1.473116654154268
4.328200000000285,0.0,0.0,0.0,0.0,0.0,0.0,-0.0011031093214899164,0.004210457719285393,5.720343584466166,-12.67933495840085,1.0733089096391908,-1.473103268939734
4.330200000000289,0.0,0.0,0.0,0.0,0.0,0.0,-0.0010666223632705225,0.004199554268303081,5.720352467092816,-12.682211795112144,1.0739596397890951,-1.4730899007358196
4.332200000000293,0.0,0.0,0.0,0.0,0.0,0.0,-0.0010300592578944127,0.00418797871809282,5.720361417585858,-12.685072640021914,1.0746170672440136,-1.4730765488954167
4.334200000000298,0.0,0.0,0.0,0.0,0.0,0.0,-0.000993428059913172,0.004175730533784121,5.7203704326873535,-12.68791749134178,1.075281146568743,-1.4730632127503582
4.336200000000302,0.0,0.0,0.0,0.0,0.0,0.0,-0.0009567367281560155,0.004162809442897246,5.720379509099327,-12.690746346410318,1.0759518313610779,-1.4730498916141004
4.338200000000306,0.0,0.0,0.0,0.0,0.0,0.0,-0.0009199931340523725,0.00414921541255386,5.720388643486909,-12.693559201688343,1.0766290742586926,-1.4730365847839844
4.34020000000031,0.0,0.0,0.0,0.0,0.0,0.0,-0.000883205068428199,0.004134948630295002,5.720397832481211,-12.696356052754414,1.0773128269460863,-1.4730232915431463
4.3422000000003145,0.0,0.0,0.0,0.0,0.0,0.0,-0.0008463802470095053,0.004120009487920578,5.720407072681974,-12.69913689430059,1.078003040161594,-1.4730100111621296
4.344200000000319,0.0,0.0,0.0,0.0,0.0,0.0,-0.0008095263148310669,0.00410439856786058,5.720416360660039,-12.70190172012837,1.0786996637044646,-1.4729967429002495
4.346200000000323,0.0,0.0,0.0,0.0,0.0,0.0,-0.0007726508497174733,0.004088116631666603,5.720425692959656,-12.704650523144839,1.0794026464420077,-1.4729834860067508
4.348200000000327,0.0,0.0,0.0,0.0,0.0,0.0,-0.0007357613649783107,0.0040711646102799814,5.720435066100676,-12.707383295358982,1.08011193631681,-1.47297023972179
4.350200000000331,0.0,0.0,0.0,0.0,0.0,0.0,-0.0006988653114371119,0.004053543595788261,5.720444476580626,-12.710100027878156,1.0808274803540183,-1.472957003277272
4.352200000000336,0.0,0.0,0.0,0.0,0.0,0.0,-0.0006619700788946475,0.004035254834428021,5.720453920876702,-12.712800710904736,1.0815492246686942,-1.4729437758975648
4.35420000000034,0.0,0.0,0.0,0.0,0.0,0.0,-0.0006250829971128287,0.004016299720632171,5.720463395447684,-12.71548533373291,1.0822771144732373,-1.47293055680011
4.356200000000344,0.0,0.0,0.0,0.0,0.0,0.0,-0.0005882113363910172,0.003996679791952043,5.720472896735799,-12.718153884745599,1.0830110940848754,-1.4729173451959505
4.358200000000348,0.0,0.0,0.0,0.0,0.0,0.0,-0.0005513623077958344,0.003976396724712071,5.720482421168526,-12.720806351411534,1.0837511069332268,-1.472904140290183
4.3602000000003525,0.0,0.0,0.0,0.0,0.0,0.0,-0.0005145430630959562,0.00395545233027791,5.720491965160358,-12.723442720282474,1.0844970955679267,-1.4728909412823539
4.362200000000357,0.0,0.0,0.0,0.0,0.0,0.0,-0.00047776069444599087,0.003933848551838473,5.720501525114538,-12.726062976990548,1.0852490016663234,-1.472877747366802
4.364200000000361,0.0,0.0,0.0,0.0,0.0,0.0,-0.0004410222338553134,0.00391158746161795,5.72051109742476,-12.728667106245735,1.0860067660412396,-1.4728645577329613
4.366200000000365,0.0,0.0,0.0,0.0,0.0,0.0,-0.0004043346524741869,0.0038886712584479347,5.720520678476843,-12.731255091833479,1.0867703286487993,-1.4728513715656297
4.368200000000369,0.0,0.0,0.0,0.0,0.0,0.0,-0.00036770485972220326,0.0038651022656402928,5.720530264650394,-12.733826916612427,1.0875396285963208,-1.4728381880452055
4.370200000000374,0.0,0.0,0.0,0.0,0.0,0.0,-0.00033113970228216324,0.0038408829291123503,5.720539852320447,-12.736382562512317,1.0883146041502716,-1.4728250063479025
4.372200000000378,0.0,0.0,0.0,0.0,0.0,0.0,-0.00029464596297766707,0.003816015815722065,5.720549437859086,-12.73892201053197,1.0890951927442873,-1.4728118256459455
4.374200000000382,0.0,0.0,0.0,0.0,0.0,0.0,-0.0002582303595505596,0.0037905036117791657,5.720559017637064,-12.74144524073744,1.089881330987251,-1.4727986451077477
4.376200000000386,0.0,0.0,0.0,0.0,0.0,0.0,-0.00022189954335137058,0.003764349121702616,5.720568588025403,-12.743952232260291,1.0906729546714362,-1.4727854638980769
4.3782000000003904,0.0,0.0,0.0,0.0,0.0,0.0,-0.0001856600979542318,0.003737555266800375,5.720578145396986,-12.746442963296003,1.091469998780705,-1.4727722811782067
4.380200000000395,0.0,0.0,0.0,0.0,0.0,0.0,-0.0001495185377062266,0.003710125084150646,5.720587686128143,-12.748917411102507,1.0922723974987683,-1.4727590961060644
4.382200000000399,0.0,0.0,0.0,0.0,0.0,0.0,-0.00011348130621851786,0.0036820617255671683,5.7205972066002255,-12.751375551998887,1.0930800842175026,-1.4727459078363663
4.384200000000403,0.0,0.0,0.0,0.0,0.0,0.0,-7.75547748071183e-05,0.0036533684566347232,5.720606703201176,-12.75381736136419,1.093892991545319,-1.4727327155207521
4.386200000000407,0.0,0.0,0.0,0.0,0.0,0.0,-4.1745240888372645e-05,0.0036240486558016646,5.720616172327087,-12.7562428136364,1.0947110513155953,-1.4727195183079123
4.3882000000004115,0.0,0.0,0.0,0.0,0.0,0.0,-6.05892633478065e-06,0.0035941058135202184,5.720625610383755,-12.758651882311536,1.0955341945951527,-1.4727063153437114
4.390200000000416,0.0,0.0,0.0,0.0,0.0,0.0,2.9498024204499222e-05,0.003563543531425038,5.7206350137882245,-12.761044539942912,1.0963623516927907,-1.4726931057713122
4.39220000000042,0.0,0.0,0.0,0.0,0.0,0.0,6.491954501569121e-05,0.00353236552154335,5.720644378970329,-12.763420758140539,1.0971954521678722,-1.472679888731295
4.394200000000424,0.0,0.0,0.0,0.0,0.0,0.0,0.0001001996510605478,0.0035005756055302437,5.720653702374215,-12.765780507570678,1.098033424838958,-1.4726666633617802
4.396200000000428,0.0,0.0,0.0,0.0,0.0,0.0,0.0001353324397424777,0.003468177713923914,5.720662980459872,-12.768123757955552,1.09887619779249,-1.4726534287985438
4.398200000000433,0.0,0.0,0.0,0.0,0.0,0.0,0.00017031209269623813,0.003435175885416782,5.720672209704638,-12.77045047807319,1.0997236983915215,-1.472640184175141
4.400200000000437,0.0,0.0,0.0,0.0,0.0,0.0,0.00020513287759888708,0.0034015742661383805,5.720681386604708,-12.772760635757466,1.100575853284497,-1.4726269286230247
4.402200000000441,0.0,0.0,0.0,0.0,0.0,0.0,0.00023978915000003165,0.0033673771089471776,5.720690507676627,-12.775054197898262,1.1014325884140703,-1.4726136612716663
4.404200000000445,0.0,0.0,0.0,0.0,0.0,0.0,0.00027427535517006847,0.0033325887727286025,5.7206995694587786,-12.77733113044183,1.102293829025976,-1.47260038124868
4.4062000000004495,0.0,0.0,0.0,0.0,0.0,0.0,0.0003085860299639783,0.0032972137216973328,5.720708568512852,-12.779591398391288,1.1031594996779335,-1.4725870876799465
4.408200000000454,0.0,0.0,0.0,0.0,0.0,0.0,0.00034271580470038467,0.003261256524701001,5.720717501425316,-12.781834965807308,1.1040295242485991,-1.4725737796897376
4.410200000000458,0.0,0.0,0.0,0.0,0.0,0.0,0.00037665940505352224,0.0032247218545253613,5.720726364808864,-12.784061795808963,1.1049038259465547,-1.4725604564008463
4.412200000000462,0.0,0.0,0.0,0.0,0.0,0.0,0.00041041165395758455,0.0031876144871977644,5.7207351553038555,-12.786271850574755,1.1057823273193377,-1.4725471169347155
4.414200000000466,0.0,0.0,0.0,0.0,0.0,0.0,0.0004439674735215477,0.0031499393012892818,5.7207438695797475,-12.788465091343829,1.106664950262505,-1.4725337604115725
4.416200000000471,0.0,0.0,0.0,0.0,0.0,0.0,0.00047732188695397663,0.0031117012772136385,5.720752504336507,-12.790641478417344,1.1075516160287349,-1.4725203859505622
4.418200000000475,0.0,0.0,0.0,0.0,0.0,0.0,0.0005104700204962949,0.0030729054965224836,5.720761056306009,-12.792800971160052,1.1084422452369656,-1.4725069926698868
4.420200000000479,0.0,0.0,0.0,0.0,0.0,0.0,0.0005434071053635178,0.003033557141196209,5.720769522253432,-12.794943528002053,1.1093367578815643,-1.4724935796869458
4.422200000000483,0.0,0.0,0.0,0.0,0.0,0.0,0.0005761284796911225,0.00299366149293001,5.720777898978621,-12.797069106440746,1.1102350733415292,-1.4724801461184793
4.4242000000004875,0.0,0.0,0.0,0.0,0.0,0.0,0.0006086295904873316,0.0029532239324145232,5.720786183317452,-12.799177663042975,1.1111371103897236,-1.472466691080717
4.426200000000492,0.0,0.0,0.0,0.0,0.0,0.0,0.0006409059955891794,0.0029122499386105873,5.720794372143166,-12.801269153447352,1.11204278720214,-1.472453213689526
4.428200000000496,0.0,0.0,0.0,0.0,0.0,0.0,0.0006729533656219694,0.0028707450880179333,5.7208024623677005,-12.80334353236681,1.1129520213671902,-1.4724397130605655
4.4302000000005,0.0,0.0,0.0,0.0,0.0,0.0,0.000704767485959665,0.00282871505393803,5.7208104509429925,-12.805400753591345,1.1138647298950246,-1.4724261883094434
4.432200000000504,0.0,0.0,0.0,0.0,0.0,0.0,0.0007363442586871176,0.0027861656057300383,5.720818334862271,-12.807440769990958,1.1147808292268782,-1.4724126385518757
4.434200000000509,0.0,0.0,0.0,0.0,0.0,0.0,0.0007676797045601805,0.0027431026080604395,5.720826111161326,-12.809463533518809,1.1157002352444378,-1.4723990629038515
4.436200000000513,0.0,0.0,0.0,0.0,0.0,0.0,0.0007987699649653493,0.0026995320201460625,5.7208337769197675,-12.811468995214602,1.1166228632792379,-1.4723854604818
4.438200000000517,0.0,0.0,0.0,0.0,0.0,0.0,0.0008296113038753039,0.0026554598949905988,5.720841329262253,-12.813457105208158,1.1175486281220728,-1.4723718304027609
4.440200000000521,0.0,0.0,0.0,0.0,0.0,0.0,0.0008602001098006323,0.0026108923786143786,5.72084876535971,-12.81542781272323,1.1184774440324345,-1.4723581717845604
4.4422000000005255,0.0,0.0,0.0,0.0,0.0,0.0,0.0008905328977353851,0.002565835709277871,5.720856082430522,-12.817381066081525,1.1194092247479674,-1.4723444837459887
4.44420000000053,0.0,0.0,0.0,0.0,0.0,0.0,0.0009206063110960296,0.0025202962166985345,5.720863277741712,-12.819316812706973,1.1203438834939436,-1.4723307654069837
4.446200000000534,0.0,0.0,0.0,0.0,0.0,0.0,0.0009504171236514131,0.002474280321261485,5.720870348610087,-12.821234999130201,1.1212813329927531,-1.472317015888817
4.448200000000538,0.0,0.0,0.0,0.0,0.0,0.0,0.0009799622414430038,0.002427794533224351,5.720877292403376,-12.82313557099325,1.122221485473412,-1.4723032343142848
4.450200000000542,0.0,0.0,0.0,0.0,0.0,0.0,0.0010092387046937658,0.002380845451915642,5.720884106541338,-12.82501847305453,1.1231642526810854,-1.472289419807902
4.452200000000547,0.0,0.0,0.0,0.0,0.0,0.0,0.0010382436897039282,0.0023334397649278776,5.720890788496848,-12.826883649194015,1.1241095458866217,-1.472275571496101
4.454200000000551,0.0,0.0,0.0,0.0,0.0,0.0,0.0010669745107324774,0.002285584247305244,5.720897335796963,-12.82873104241868,1.1250572758961028,-1.4722616885074364
4.456200000000555,0.0,0.0,0.0,0.0,0.0,0.0,0.0010954286218625335,0.0022372857607257024,5.720903746023961,-12.830560594868178,1.1260073530604042,-1.4722477699727898
4.458200000000559,0.0,0.0,0.0,0.0,0.0,0.0,0.001123603618848726,0.002188551252678768,5.720910016816364,-12.832372247820755,1.1269596872847627,-1.472233815025582
4.4602000000005635,0.0,0.0,0.0,0.0,0.0,0.0,0.0011514972409458171,0.0021393877556382533,5.720916145869929,-12.834165941699464,1.1279141880383572,-1.4722198228019894
4.462200000000568,0.0,0.0,0.0,0.0,0.0,0.0,0.0011791073727156704,0.0020898023862311282,5.720922130938617,-12.835941616078577,1.1288707643638962,-1.4722057924411636
4.464200000000572,0.0,0.0,0.0,0.0,0.0,0.0,0.0012064320458117076,0.0020398023444022973,5.720927969835538,-12.837699209690275,1.1298293248872102,-1.472191723085457
4.466200000000576,0.0,0.0,0.0,0.0,0.0,0.0,0.0012334694407386871,0.0019893949125759634,5.7209336604338725,-12.839438660431622,1.1307897778268519,-1.4721776138806488
4.46820000000058,0.0,0.0,0.0,0.0,0.0,0.0,0.0012602178885863262,0.001938587454814081,5.7209392006677655,-12.841159905371772,1.131752031003699,-1.472163463976182
4.470200000000585,0.0,0.0,0.0,0.0,0.0,0.0,0.0012866758727342281,0.0018873874159720703,5.720944588533197,-12.842862880759466,1.132715991850563,-1.4721492725253988
4.472200000000589,0.0,0.0,0.0,0.0,0.0,0.0,0.0013128420305271614,0.0018358023208522095,5.720949822088823,-12.844547522030773,1.1336815674217988,-1.4721350386857834
4.474200000000593,0.0,0.0,0.0,0.0,0.0,0.0,0.0013387151549178404,0.0017838397733553532,5.720954899456795,-12.846213763817136,1.134648664402916,-1.4721207616192087
4.476200000000597,0.0,0.0,0.0,0.0,0.0,0.0,0.0013642941960762486,0.0017315074556316702,5.720959818823548,-12.847861539953682,1.1356171891201894,-1.4721064404921893
4.4782000000006015,0.0,0.0,0.0,0.0,0.0,0.0,0.0013895782629623156,0.0016788131272299815,5.720964578440569,-12.849490783487786,1.136587047550273,-1.4720920744761348
4.480200000000606,0.0,0.0,0.0,0.0,0.0,0.0,0.0014145666248612599,0.0016257646242474782,5.720969176625126,-12.851101426687952,1.1375581453298067,-1.4720776627476113
4.48220000000061,0.0,0.0,0.0,0.0,0.0,0.0,0.001439258712878362,0.0015723698584794307,5.720973611760991,-12.85269340105297,1.1385303877650235,-1.472063204488607
4.484200000000614,0.0,0.0,0.0,0.0,0.0,0.0,0.0014636541213918575,0.0015186368165694209,5.720977882299109,-12.854266637321341,1.1395036798413543,-1.4720486988868022
4.486200000000618,0.0,0.0,0.0,0.0,0.0,0.0,0.0014877526094615957,0.001464573559161369,5.720981986758264,-12.855821065481015,1.1404779262330256,-1.4720341451358412
4.488200000000623,0.0,0.0,0.0,0.0,0.0,0.0,0.0015115541021912347,0.0014101882200529734,5.720985923725698,-12.857356614779391,1.141453031312654,-1.4720195424356122
4.490200000000627,0.0,0.0,0.0,0.0,0.0,0.0,0.0015350586920420892,0.00135548900535206,5.720989691857721,-12.858873213733661,1.1424288991608325,-1.4720048899925313
4.492200000000631,0.0,0.0,0.0,0.0,0.0,0.0,0.0015582666400958424,0.0013004841926355648,5.720993289880271,-12.860370790141387,1.14340543357571,-1.4719901870198284
4.494200000000635,0.0,0.0,0.0,0.0,0.0,0.0,0.0015811783772649239,0.001245182130112393,5.720996716589471,-12.861849271091431,1.1443825380825652,-1.4719754327378411
4.4962000000006395,0.0,0.0,0.0,0.0,0.0,0.0,0.0016037945054472493,0.0011895912357902533,5.720999970852132,-12.863308582975158,1.1453601159433684,-1.4719606263743104
4.498200000000644,0.0,0.0,0.0,0.0,0.0,0.0,0.0016261157986237286,0.0011337199966473767,5.721003051606251,-12.86474865149794,1.1463380701663355,-1.4719457671646816
4.500200000000648,0.0,0.0,0.0,0.0,0.0,0.0,0.0016481432038961369,0.0010775769678096595,5.721005957861466,-12.86616940169099,1.147316303515471,-1.4719308543524106
4.502200000000652,0.0,0.0,0.0,0.0,0.0,0.0,0.0016698778424630311,0.001021170771733773,5.721008688699483,-12.867570757923465,1.1482947185201,-1.471915887189273
4.504200000000656,0.0,0.0,0.0,0.0,0.0,0.0,0.0016913210105310916,0.0009645100973968649,5.721011243274487,-12.86895264391491,1.1492732174843887,-1.4719008649356795
4.506200000000661,0.0,0.0,0.0,0.0,0.0,0.0,0.001712474180160332,0.0009076036994932717,5.721013620813508,-12.870314982748,1.1502517024968508,-1.4718857868609931
4.508200000000665,0.0,0.0,0.0,0.0,0.0,0.0,0.0017333390000399353,0.0008504603976393158,5.721015820616774,-12.871657696881588,1.151230075439843,-1.471870652243852
4.510200000000669,0.0,0.0,0.0,0.0,0.0,0.0,0.0017539172961931618,0.0007930890755864432,5.721017842058021,-12.872980708164064,1.152208237999044,-1.4718554603724974
4.512200000000673,0.0,0.0,0.0,0.0,0.0,0.0,0.0017742110726085166,0.0007354986804430373,5.721019684584787,-12.874283937847055,1.15318609167292,-1.471840210545104
4.5142000000006774,0.0,0.0,0.0,0.0,0.0,0.0,0.0017942225117945814,0.0006776982219063039,5.721021347718669,-12.875567306599399,1.1541635377821753,-1.4718249020701144
4.516200000000682,0.0,0.0,0.0,0.0,0.0,0.0,0.0018139539752572553,0.0006196967715038885,5.7210228310555555,-12.876830734521466,1.1551404774791871,-1.47180953426658
4.518200000000686,0.0,0.0,0.0,0.0,0.0,0.0,0.0018334080038955784,0.0005615034618466098,5.721024134265833,-12.878074141159788,1.1561168117574225,-1.4717941064645013
4.52020000000069,0.0,0.0,0.0,0.0,0.0,0.0,0.001852587318314722,0.0005031274858920498,5.7210252570945554,-12.879297445522003,1.1570924414608408,-1.471778618005177
4.522200000000694,0.0,0.0,0.0,0.0,0.0,0.0,0.0018714948190537038,0.0004445780962204399,5.721026199361597,-12.88050056609212,1.1580672672932768,-1.471763068241553
4.5242000000006986,0.0,0.0,0.0,0.0,0.0,0.0,0.0018901335867249963,0.00038586460432278325,5.721026960961768,-12.881683420846093,1.1590411898278057,-1.4717474565385769
4.526200000000703,0.0,0.0,0.0,0.0,0.0,0.0,0.0019085068820640847,0.0003269963799017556,5.721027541864904,-12.882845927267743,1.1600141095160912,-1.4717317822735556
4.528200000000707,0.0,0.0,0.0,0.0,0.0,0.0,0.001926618145886751,0.0002679828501860655,5.721027942115936,-12.883988002364967,1.1609859266977152,-1.4717160448365152
4.530200000000711,0.0,0.0,0.0,0.0,0.0,0.0,0.0019444709989511265,0.00020883349925911215,5.721028161834915,-12.885109562686281,1.1619565416094855,-1.471700243630567
4.532200000000715,0.0,0.0,0.0,0.0,0.0,0.0,0.0019620692417228807,0.0001495578674013724,5.721028201217027,-12.886210524337683,1.162925854394727,-1.471684378072274
4.53420000000072,0.0,0.0,0.0,0.0,0.0,0.0,0.001979416854040736,9.016555044826182e-05,5.7210280605325705,-12.887290802999832,1.163893765112551,-1.4716684475920205
4.536200000000724,0.0,0.0,0.0,0.0,0.0,0.0,0.0019965179946805243,3.066619916257217e-05,5.721027740126912,-12.88835031394555,1.1648601737471054,-1.4716524516343872
4.538200000000728,0.0,0.0,0.0,0.0,0.0,0.0,0.002013377000814814,-2.8930481376724444e-05,5.721027240420405,-12.889388972057638,1.1658249802168026,-1.4716363896585258
4.540200000000732,0.0,0.0,0.0,0.0,0.0,0.0,0.0020299983873667106,-8.861473237035288e-05,5.721026561908293,-12.890406691846998,1.166788084383531,-1.471620261138538
4.5422000000007365,0.0,0.0,0.0,0.0,0.0,0.0,0.0020463868462549106,-0.00014837674187777956,5.721025705160582,-12.891403387471104,1.1677493860618404,-1.4716040655638571
4.544200000000741,0.0,0.0,0.0,0.0,0.0,0.0,0.0020625472455283096,-0.00020820664537998313,5.7210246708218815,-12.892378972752745,1.1687087850281077,-1.4715878024396307
4.546200000000745,0.0,0.0,0.0,0.0,0.0,0.0,0.002078484628387539,-0.00026809452632500194,5.7210234596112235,-12.893333361199117,1.1696661810296831,-1.4715714712871075
4.548200000000749,0.0,0.0,0.0,0.0,0.0,0.0,0.00209420421209217,-0.0003280304166565969,5.721022072321857,-12.89426646602121,1.170621473794014,-1.4715550716440235
4.550200000000753,0.0,0.0,0.0,0.0,0.0,0.0,0.0021097113867500988,-0.00038800429732548683,5.721020509821013,-12.895178200153506,1.1715745630377454,-1.4715386030649922
4.552200000000758,0.0,0.0,0.0,0.0,0.0,0.0,0.002125011713988766,-0.0004480060987830117,5.721018773049641,-12.896068476273983,1.1725253484758011,-1.471522065121895
4.554200000000762,0.0,0.0,0.0,0.0,0.0,0.0,0.0021401109255049966,-0.0005080257014573787,5.721016863022128,-12.896937206824447,1.1734737298304405,-1.4715054574042754
4.556200000000766,0.0,0.0,0.0,0.0,0.0,0.0,0.002155014921491794,-0.000568052936212117,5.721014780825986,-12.897784304031132,1.1744196068402961,-1.4714887795197298
4.55820000000077,0.0,0.0,0.0,0.0,0.0,0.0,0.0021697297689405367,-0.0006280775847868289,5.7210125276215145,-12.898609679925645,1.1753628792693878,-1.4714720310943037
4.5602000000007745,0.0,0.0,0.0,0.0,0.0,0.0,0.002184261699816797,-0.0006880893802204499,5.72101010464144,-12.899413246366167,1.1763034469161149,-1.4714552117728874
4.562200000000779,0.0,0.0,0.0,0.0,0.0,0.0,0.0021986171091069994,-0.0007480780072566444,5.721007513190532,-12.900194915058968,1.1772412096222278,-1.4714383212196107
4.564200000000783,0.0,0.0,0.0,0.0,0.0,0.0,0.0022128025527358916,-0.0008080331027319214,5.721004754645188,-12.900954597580231,1.1781760672817763,-1.4714213591182412
4.566200000000787,0.0,0.0,0.0,0.0,0.0,0.0,0.0022268247453514265,-0.000867944255946562,5.721001830453005,-12.901692205398147,1.1791079198500372,-1.4714043251725786
4.568200000000791,0.0,0.0,0.0,0.0,0.0,0.0,0.002240690557976759,-0.0009278010090180962,5.720998742132316,-12.902407649895295,1.1800366673524199,-1.471387219106853
4.570200000000796,0.0,0.0,0.0,0.0,0.0,0.0,0.0022544070155274755,-0.000987592857218536,5.720995491271712,-12.903100842391323,1.180962209893351,-1.4713700406661203
4.5722000000008,0.0,0.0,0.0,0.0,0.0,0.0,0.002267981294192242,-0.00104730924929485,5.720992079529531,-12.90377169416588,1.1818844476651373,-1.4713527896166572
4.574200000000804,0.0,0.0,0.0,0.0,0.0,0.0,0.0022814207186758724,-0.0011069395877735533,5.720988508633336,-12.904420116481859,1.1828032809568083,-1.4713354657463558
4.576200000000808,0.0,0.0,0.0,0.0,0.0,0.0,0.0022947327593037434,-0.001166473229249707,5.7209847803793545,-12.905046020608863,1.1837186101629367,-1.4713180688651184
4.5782000000008125,0.0,0.0,0.0,0.0,0.0,0.0,0.0023079250289859046,-0.0012258994846612106,5.7209808966319144,-12.905649317846994,1.1846303357924397,-1.4713005988052499
4.580200000000817,0.0,0.0,0.0,0.0,0.0,0.0,0.002321005280039918,-0.001285207619548156,5.720976859322838,-12.906229919550853,1.1855383584773582,-1.4712830554218457
4.582200000000821,0.0,0.0,0.0,0.0,0.0,0.0,0.0023339814008717227,-0.0013443868542991127,5.72097267045083,-12.906787737153833,1.186442578981618,-1.471265438593183
4.584200000000825,0.0,0.0,0.0,0.0,0.0,0.0,0.002346861412513139,-0.0014034263643839227,5.7209683320808296,-12.907322682192627,1.1873428982097691,-1.4712477482211066
4.586200000000829,0.0,0.0,0.0,0.0,0.0,0.0,0.002359653465015779,-0.0014623152805747467,5.7209638463433565,-12.907834666332029,1.1882392172157077,-1.4712299842314116
4.588200000000834,0.0,0.0,0.0,0.0,0.0,0.0,0.0023723658336996965,-0.0015210426891554222,5.720959215433819,-12.908323601389924,1.1891314372113766,-1.471212146574227
4.590200000000838,0.0,0.0,0.0,0.0,0.0,0.0,0.002385006915257538,-0.0015795976321208024,5.7209544416118145,-12.90878939936256,1.1900194595754487,-1.4711942352243916
4.592200000000842,0.0,0.0,0.0,0.0,0.0,0.0,0.002397585223712433,-0.001637969107366709,5.720949527200402,-12.90923197245001,1.190903185861992,-1.4711762501818306
4.594200000000846,0.0,0.0,0.0,0.0,0.0,0.0,0.0024101093862295957,-0.0016961460688716533,5.720944474585354,-12.909651233081895,1.1917825178091157,-1.4711581914719252
4.5962000000008505,0.0,0.0,0.0,0.0,0.0,0.0,0.002422588138782039,-0.0017541174268714045,5.720939286214394,-12.910047093943271,1.1926573573475976,-1.4711400591458808
4.598200000000855,0.0,0.0,0.0,0.0,0.0,0.0,0.002435030321669258,-0.0018118720480281326,5.720933964596408,-12.91041946800079,1.1935276066094982,-1.471121853281089
4.600200000000859,0.0,0.0,0.0,0.0,0.0,0.0,0.0024474448748891637,-0.001869398755594668,5.720928512300634,-12.910768268529004,1.194393167936754,-1.471103573981487
4.602200000000863,0.0,0.0,0.0,0.0,0.0,0.0,0.0024598408333640375,-0.001926686329576141,5.720922931955842,-12.911093409136917,1.1952539438897565,-1.4710852213779093
4.604200000000867,0.0,0.0,0.0,0.0,0.0,0.0,0.0024722273220195022,-0.0019837235068898692,5.720917226249487,-12.911394803794686,1.1961098372559151,-1.4710667956284371
4.606200000000872,0.0,0.0,0.0,0.0,0.0,0.0,0.0024846135507179097,-0.0020404989815251506,5.720911397926843,-12.911672366860515,1.1969607510582037,-1.47104829691874
4.608200000000876,0.0,0.0,0.0,0.0,0.0,0.0,0.0024970088090459277,-0.0020970014047050575,5.72090544979012,-12.911926013107744,1.197806588563694,-1.4710297254624125
4.61020000000088,0.0,0.0,0.0,0.0,0.0,0.0,0.0025094224609573472,-0.002153219385051428,5.720899384697564,-12.912155657752075,1.1986472532920742,-1.4710110815013036
4.612200000000884,0.0,0.0,0.0,0.0,0.0,0.0,0.0025218639392718036,-0.0022091414887549948,5.720893205562535,-12.912361216478969,1.1994826490241524,-1.470992365305841
4.6142000000008885,0.0,0.0,0.0,0.0,0.0,0.0,0.048075912396691095,-0.04162218232536532,5.720686466743498,-12.912543911526061,1.200304925619212,-1.4709728952351961
4.616200000000893,0.0,0.0,0.0,0.0,0.0,0.0,0.04741711538220089,-0.041149243185419904,5.720552171283476,-12.912719523482483,1.2010198343238143,-1.470944393975873
4.618200000000897,0.0,0.0,0.0,0.0,0.0,0.0,0.040757219871427906,-0.03601506187069012,5.720509086597931,-12.912891522969568,1.2016056302458007,-1.4709052814164145
4.620200000000901,0.0,0.0,0.0,0.0,0.0,0.0,0.03477612717546902,-0.031401660872521456,5.720495806373418,-12.913056671400954,1.2020789357745658,-1.470858068780985
4.622200000000905,0.0,0.0,0.0,0.0,0.0,0.0,0.029818134162451933,-0.027577275360883533,5.720497781456279,-12.913211906058851,1.2024554768278166,-1.4708051296006008
4.62420000000091,0.0,0.0,0.0,0.0,0.0,0.0,0.025432868800359727,-0.024192834817805983,5.720512083022671,-12.913354653461875,1.202748451289244,-1.4707484543823512
4.626200000000914,0.0,0.0,0.0,0.0,0.0,0.0,0.021560528902936676,-0.021202536284475115,5.720533897201143,-12.913482641400288,1.202969519618219,-1.470689802858076
4.628200000000918,0.0,0.0,0.0,0.0,0.0,0.0,0.018147094077405113,-0.018565034988955835,5.72055976456136,-12.913593866223147,1.2031289779387755,-1.4706307311786944
4.630200000000922,0.0,0.0,0.0,0.0,0.0,0.0,0.01529831387952025,-0.015949896905776688,5.720566373018976,-12.913686774180423,1.2032359005783357,-1.4705725502964002
4.6322000000009265,0.0,0.0,0.0,0.0,0.0,0.0,0.012918364421756711,-0.013419141224064537,5.720559041404183,-12.913762779399095,1.2032982567277979,-1.4705155698867296
4.634200000000931,0.0,0.0,0.0,0.0,0.0,0.0,0.010820851182547305,-0.011220711890836527,5.7205564509987,-12.913824930897144,1.203323037324437,-1.470459516507063
4.636200000000935,0.0,0.0,0.0,0.0,0.0,0.0,0.008977509894645502,-0.00931390024079385,5.7205568907249384,-12.913875757435763,1.203316372066128,-1.4704041992387784
4.638200000000939,0.0,0.0,0.0,0.0,0.0,0.0,0.007362387424631101,-0.007662997863924661,5.720559142158333,-12.913917324040096,1.2032836228350179,-1.4703494993205997
4.640200000000943,0.0,0.0,0.0,0.0,0.0,0.0,0.005951726633425495,-0.006236644099014688,5.720562354206803,-12.913951317377801,1.2032294676939224,-1.470295350786098
4.642200000000948,0.0,0.0,0.0,0.0,0.0,0.0,0.004723842625434911,-0.005007267607889205,5.720565947256646,-12.913979115379798,1.2031579765502618,-1.4702417255796871
4.644200000000952,0.0,0.0,0.0,0.0,0.0,0.0,0.003658994360291138,-0.003950606918302766,5.720569540214195,-12.914001844014638,1.203072679240764,-1.470188622177294
4.646200000000956,0.0,0.0,0.0,0.0,0.0,0.0,0.002739254793356302,-0.003045297486740807,5.720572895288373,-12.914020423590028,1.2029766267297761,-1.4701360569468163
4.64820000000096,0.0,0.0,0.0,0.0,0.0,0.0,0.0019483820121062765,-0.0022725149886723456,5.720575876474969,-12.91403560651645,1.2028724460574978,-1.4700840576468515
4.6502000000009645,0.0,0.0,0.0,0.0,0.0,0.0,0.0012716932445253838,-0.0016156662971853744,5.720578418582969,-12.914048008110179,1.202762389621623,-1.4700326585903187
4.652200000000969,0.0,0.0,0.0,0.0,0.0,0.0,0.0006959431251413959,-0.0010601210423589185,5.720580504336451,-12.914058131721502,1.2026483793267106,-1.4699818971002685
4.654200000000973,0.0,0.0,0.0,0.0,0.0,0.0,0.0002092072033539381,-0.0005929778163360122,5.7205821476315375,-12.914066389236147,1.2025320460899465,-1.4699318109644428
4.656200000000977,0.0,0.0,0.0,0.0,0.0,0.0,-0.00019922864476370995,-0.0002028600526149991,5.720583381457402,-12.914073117804206,1.202414765149642,-1.4698824366576873
4.658200000000981,0.0,0.0,0.0,0.0,0.0,0.0,-0.0005389724975171161,0.00012026259779073873,5.720584249327757,-12.914078593492903,1.202297687583699,-1.4698338081507016
4.6602000000009856,0.0,0.0,0.0,0.0,0.0,0.0,-0.000818624160160134,0.00038523091441110854,5.720584799333797,-12.914083042430853,1.2021817684091598,-1.4697859561626696
4.66220000000099,0.0,0.0,0.0,0.0,0.0,0.0,-0.0010458663843229117,0.0005998337568940142,5.7205850801365035,-12.914086649906402,1.2020677916006943,-1.4697389077462018
4.664200000000994,0.0,0.0,0.0,0.0,0.0,0.0,-0.0012275496088435976,0.0007709292415853221,5.720585138377698,-12.914089567797303,1.201956392335277,-1.4696926861174964
4.666200000000998,0.0,0.0,0.0,0.0,0.0,0.0,-0.0013697703854172395,0.0009045515942661569,5.720585017114791,-12.914091920639155,1.2018480767421857,-1.4696473106639785
4.668200000001002,0.0,0.0,0.0,0.0,0.0,0.0,-0.0014779437167971113,0.0010060055138285536,5.7205847549814965,-12.91409381058326,1.2017432394116765,-1.469602797076997
4.670200000001007,0.0,0.0,0.0,0.0,0.0,0.0,-0.0015568695800797711,0.0010799496183711722,5.720584385851943,-12.91409532144827,1.2016421788920522,-1.4695591575692544
4.672200000001011,0.0,0.0,0.0,0.0,0.0,0.0,-0.0016107939368691412,0.0011304703240217324,5.7205839388433075,-12.914096522032276,1.201545111383229,-1.4695164011462172
4.674200000001015,0.0,0.0,0.0,0.0,0.0,0.0,-0.0016434645492273464,0.0011611473204584171,5.720583438536284,-12.914097468821177,1.2014521828151377,-1.4694745339082635
4.676200000001019,0.0,0.0,0.0,0.0,0.0,0.0,-0.00165818192800771,0.0011751116496714013,5.720582905326194,-12.914098208204177,1.2013634794812493,-1.4694335593662382
4.6782000000010235,0.0,0.0,0.0,0.0,0.0,0.0,-0.001657845740550751,0.0011750972609971522,5.720582355842897,-12.914098778286775,1.2012790373810678,-1.4693934787577159
4.680200000001028,0.0,0.0,0.0,0.0,0.0,0.0,-0.0016449969997519374,0.0011634868019999628,5.720581803396598,-12.914099210374957,1.201198850410416,-1.4693542913548674
4.682200000001032,0.0,0.0,0.0,0.0,0.0,0.0,-0.0016218563474290645,0.0011423523079116956,5.720581258420706,-12.914099530190756,1.2011228775247058,-1.469315994757629
4.684200000001036,0.0,0.0,0.0,0.0,0.0,0.0,-0.001590358732998081,0.0011134913694578598,5.7205807288932125,-12.914099758868266,1.2010510489879567,-1.4692785851680141
4.68620000000104,0.0,0.0,0.0,0.0,0.0,0.0,-0.001552246925497321,0.001078512693280196,5.72058022105448,-12.91409991377012,1.200983271811183,-1.469242057643252
4.688200000001045,0.0,0.0,0.0,0.0,0.0,0.0,-0.0015118858649689681,0.0010412594714806897,5.720579754031359,-12.914100009148143,1.2009194358530797,-1.4692064064556436
4.690200000001049,0.0,0.0,0.0,0.0,0.0,0.0,-0.0014708210609251674,0.0010031377863703454,5.72057933077193,-12.914100056653778,1.2008594244487079,-1.4691716259111227
4.692200000001053,0.0,0.0,0.0,0.0,0.0,0.0,-0.001428701310139721,0.0009639096725349518,5.720578944738173,-12.914100065795747,1.2008031184961099,-1.4691377105838013
4.694200000001057,0.0,0.0,0.0,0.0,0.0,0.0,-0.0013854115493555708,0.0009235281979613347,5.720578591251096,-12.914100044341241,1.2007503958059662,-1.4691046551338043
4.6962000000010615,0.0,0.0,0.0,0.0,0.0,0.0,-0.0013150196952507042,0.000910508660615394,5.7205757589585415,-12.914099998841435,1.200701130813327,-1.469072439307151
4.698200000001066,0.0,0.0,0.0,0.0,0.0,0.0,-0.0012409800391735323,0.0008995345366098735,5.720572697676947,-12.914099935700534,1.2006551945391801,-1.4690409613424904
4.70020000000107,0.0,0.0,0.0,0.0,0.0,0.0,-0.0011708834393533427,0.0008827532894774671,5.7205701166065905,-12.914099860305774,1.200612455351737,-1.469010106105178
4.702200000001074,0.0,0.0,0.0,0.0,0.0,0.0,-0.001104252851283714,0.0008611935410771293,5.720567943283466,-12.914099776832693,1.2005727797172876,-1.4689797762387444
4.704200000001078,0.0,0.0,0.0,0.0,0.0,0.0,-0.0010407279299870062,0.0008357664712014999,5.720566116175296,-12.914099688499864,1.2005360328918089,-1.4689498894490942
4.706200000001083,0.0,0.0,0.0,0.0,0.0,0.0,-0.0009800337556033335,0.0008072714108071834,5.720564582991645,-12.91409959777151,1.2005020796290464,-1.4689203761815406
4.708200000001087,0.0,0.0,0.0,0.0,0.0,0.0,-0.0009212688652307297,0.0007757355219824122,5.720563299688035,-12.914099506519356,1.2004707846748617,-1.468891177654541
4.710200000001091,0.0,0.0,0.0,0.0,0.0,0.0,-0.0008634406318661832,0.0007409536247077476,5.720562229358726,-12.914099416162063,1.2004420111198513,-1.4688622441595653
4.712200000001095,0.0,0.0,0.0,0.0,0.0,0.0,-0.0008070214810723736,0.0007040235237127764,5.720561339874044,-12.91409932777135,1.200415619445562,-1.4688335336392149
4.7142000000010995,0.0,0.0,0.0,0.0,0.0,0.0,-0.0007523787664513261,0.0006658454173601938,5.720560603640343,-12.914099242140846,1.2003914694765059,-1.4688050105374426
4.716200000001104,0.0,0.0,0.0,0.0,0.0,0.0,-0.0006997758122922666,0.0006271370121391898,5.720559997006459,-12.914099159840877,1.2003694221855314,-1.4687766448250006
4.718200000001108,0.0,0.0,0.0,0.0,0.0,0.0,-0.0006493952241366237,0.0005884681653156842,5.720559499730673,-12.914099081263357,1.2003493410868429,-1.4687484111684534
4.720200000001112,0.0,0.0,0.0,0.0,0.0,0.0,-0.0005963834076583301,0.0005454693472927328,5.720559098181167,-12.914099006659882,1.2003310930547122,-1.468720288217271
4.722200000001116,0.0,0.0,0.0,0.0,0.0,0.0,-0.0005225757259502128,0.0004807375082023718,5.720558796468426,-12.914098936324654,1.200314520768324,-1.4686922574758257
4.724200000001121,0.0,0.0,0.0,0.0,0.0,0.0,-0.0004585006391819463,0.00042407378089194943,5.720558560623195,-12.91409887066188,1.2002994271736065,-1.4686643026150534
4.726200000001125,0.0,0.0,0.0,0.0,0.0,0.0,-0.0004029080986644454,0.00037451911633914944,5.720558377580764,-12.914098809866664,1.2002856343022066,-1.4686364101873652
4.728200000001129,0.0,0.0,0.0,0.0,0.0,0.0,-0.0003546922757991815,0.00033120978467857765,5.7205582367544245,-12.914098753951352,1.2002729872122258,-1.4686085692426067
4.730200000001133,0.0,0.0,0.0,0.0,0.0,0.0,-0.00031288029096422995,0.0002933739747691841,5.720558129576677,-12.914098702799484,1.2002613510697675,-1.4685807708872032
4.7322000000011375,0.0,0.0,0.0,0.0,0.0,0.0,-0.00027661986373425434,0.00026032612719632,5.720558049123959,-12.914098656207154,1.2002506085659432,-1.468553007918113
4.734200000001142,0.0,0.0,0.0,0.0,0.0,0.0,-0.0002451668566301609,0.00023146012964982905,5.720557989810076,-12.914098613914401,1.200240657641811,-1.468525274519389
4.736200000001146,0.0,0.0,0.0,0.0,0.0,0.0,-0.00021787328271637656,0.00020624208879031858,5.720557947135932,-12.914098575628724,1.2002314094921196,-1.4684975660110289
4.73820000000115,0.0,0.0,0.0,0.0,0.0,0.0,-0.00019417609218251163,0.00018420312242282706,5.720557917485353,-12.914098541042463,1.200222786818974,-1.4684698786414292
4.740200000001154,0.0,0.0,0.0,0.0,0.0,0.0,-0.00017358689172079956,0.00016493243904202307,5.720557897958591,-12.914098509845383,1.2002147223078392,-1.468442209416131
4.742200000001159,0.0,0.0,0.0,0.0,0.0,0.0,-0.00015568264954142526,0.00014807085610656944,5.720557886236613,-12.914098481733575,1.200207157300196,-1.4684145559567345
4.744200000001163,0.0,0.0,0.0,0.0,0.0,0.0,-0.0001400973770714877,0.0001333048330472841,5.7205578804705235,-12.91409845641552,1.2002000406393585,-1.4683869163848533
4.746200000001167,0.0,0.0,0.0,0.0,0.0,0.0,-0.00012651474204766056,0.00012036104651452823,5.720557879191523,-12.914098433616024,1.200193327668183,-1.4683592892268171
4.748200000001171,0.0,0.0,0.0,0.0,0.0,0.0,-0.0001146615477540668,0.00010900150467496177,5.720557881237614,-12.914098413078527,1.2001869793596533,-1.4683316733355545
4.7502000000011755,0.0,0.0,0.0,0.0,0.0,0.0,-0.00010430200383768564,9.901917868438324e-05,5.720557885693995,-12.914098394566242,1.2001809615634107,-1.468304067826672
4.75220000000118,0.0,0.0,0.0,0.0,0.0,0.0,-9.523271149607527e-05,9.023411872791951e-05,5.720557891844608,-12.914098377862402,1.2001752443532554,-1.4682764720262562
4.754200000001184,0.0,0.0,0.0,0.0,0.0,0.0,-8.727828728572342e-05,8.249001651866028e-05,5.720557899132797,-12.914098362769938,1.200169801462446,-1.4682488854283289
4.756200000001188,0.0,0.0,0.0,0.0,0.0,0.0,-8.028755373856067e-05,7.56511741425417e-05,5.720557907129405,-12.914098349110704,1.2001646097952237,-1.4682213076602604
4.758200000001192,0.0,0.0,0.0,0.0,0.0,0.0,-7.413023020658934e-05,6.959983931257912e-05,5.720557915506919,-12.914098336724443,1.2001596490044437,-1.4681937384547143
4.760200000001197,0.0,0.0,0.0,0.0,0.0,0.0,-6.869406317851581e-05,6.423386863235325e-05,5.720557924018568,-12.914098325467604,1.2001549011264825,-1.4681661776269523
4.762200000001201,0.0,0.0,0.0,0.0,0.0,0.0,-6.388234130029431e-05,5.9464682829476025e-05,5.720557932481435,-12.914098315212039,1.2001503502657282,-1.468138625056531
4.764200000001205,0.0,0.0,0.0,0.0,0.0,0.0,-5.96117461561182e-05,5.5215480684892896e-05,5.72055794076285,-12.914098305843718,1.2001459823219625,-1.4681110806725948
4.766200000001209,0.0,0.0,0.0,0.0,0.0,0.0,-5.581049536812888e-05,5.141968130881556e-05,5.720557948769453,-12.914098297261443,1.2001417847548217,-1.4680835444420917
4.7682000000012135,0.0,0.0,0.0,0.0,0.0,0.0,-5.241673967743e-05,4.8019567353115764e-05,5.720557956438407,-12.914098289375604,1.2001377463803038,-1.4680560163603809
4.770200000001218,0.0,0.0,0.0,0.0,0.0,0.0,-4.937718031804012e-05,4.4965104581250304e-05,5.7205579637303865,-12.914098282107004,1.2001338571949465,-1.4680284964437782
4.772200000001222,0.0,0.0,0.0,0.0,0.0,0.0,-4.664587717637595e-05,4.221291587456118e-05,5.7205579706239815,-12.914098275385781,1.2001301082239075,-1.468000984723673
4.774200000001226,0.0,0.0,0.0,0.0,0.0,0.0,-4.4183221989817635e-05,3.972539023928427e-05,5.720557977111253,-12.914098269150381,1.2001264913896685,-1.4679734812419167
4.77620000000123,0.0,0.0,0.0,0.0,0.0,0.0,-4.1955054154208516e-05,3.746990962901705e-05,5.720557983194222,-12.91409826334664,1.2001229993985372,-1.467945986047234
4.778200000001235,0.0,0.0,0.0,0.0,0.0,0.0,-3.993189963750964e-05,3.541817843429108e-05,5.720557988882115,-12.914098257926948,1.2001196256425124,-1.4679184991924572
4.780200000001239,0.0,0.0,0.0,0.0,0.0,0.0,-3.808831609420606e-05,3.354564234528644e-05,5.720557994189195,-12.914098252849476,1.2001163641143966,-1.4678910207324198
4.782200000001243,0.0,0.0,0.0,0.0,0.0,0.0,-3.6402329526461986e-05,3.1830984925854056e-05,5.720557999133103,-12.91409824807749,1.2001132093343383,-1.4678635507223716
4.784200000001247,0.0,0.0,0.0,0.0,0.0,0.0,-3.485494980979467e-05,3.025569169327447e-05,5.720558003733557,-12.914098243578756,1.2001101562862344,-1.467836089216812
4.7862000000012515,0.0,0.0,0.0,0.0,0.0,0.0,-3.34297541313193e-05,2.880367279917913e-05,5.720558008011388,-12.914098239324987,1.2001072003626378,-1.467808636268652
4.788200000001256,0.0,0.0,0.0,0.0,0.0,0.0,-3.2112528874438506e-05,2.7460936536559053e-05,5.720558011987798,-12.914098235291352,1.2001043373170008,-1.467781191928628
4.79020000000126,0.0,0.0,0.0,0.0,0.0,0.0,-3.089096179178415e-05,2.6215306909633045e-05,5.7205580156838245,-12.91409823145605,1.2001015632222471,-1.467753756244921
4.792200000001264,0.0,0.0,0.0,0.0,0.0,0.0,-2.9754377424019108e-05,2.5056179373620654e-05,5.720558019119948,-12.914098227799949,1.2000988744348082,-1.4677263292629257
4.794200000001268,0.0,0.0,0.0,0.0,0.0,0.0,-2.8693509705180123e-05,2.3974309629938772e-05,5.720558022315828,-12.914098224306215,1.2000962675633688,-1.4676989110251382
4.796200000001273,0.0,0.0,0.0,0.0,0.0,0.0,-2.770030652954365e-05,2.2961631030047933e-05,5.72055802529012,-12.914098220960057,1.200093739441684,-1.4676715015711281
4.798200000001277,0.0,0.0,0.0,0.0,0.0,0.0,-2.6767761787324292e-05,2.2011096731877225e-05,5.72055802806037,-12.914098217748448,1.2000912871049065,-1.4676441009375811
4.800200000001281,0.0,0.0,0.0,0.0,0.0,0.0,-2.5889771005627536e-05,2.1116543268439877e-05,5.72055803064296,-12.914098214659905,1.2000889077689498,-1.4676167091583805
4.802200000001285,0.0,0.0,0.0,0.0,0.0,0.0,-2.5061007264841323e-05,2.0272572625156566e-05,5.720558033053092,-12.914098211684292,1.2000865988124692,-1.4675893262647277
4.804200000001289,0.0,0.0,0.0,0.0,0.0,0.0,-2.427681453328257e-05,1.9474450318845283e-05,5.720558035304806,-12.914098208812652,1.2000843577611113,-1.4675619522852783
4.806200000001294,0.0,0.0,0.0,0.0,0.0,0.0,-2.3533115964152377e-05,1.8718017305598702e-05,5.720558037411008,-12.91409820603704,1.2000821822737224,-1.4675345872462922
4.808200000001298,0.0,0.0,0.0,0.0,0.0,0.0,-2.2826335044935783e-05,1.799961383934249e-05,5.72055803938353,-12.914098203350417,1.200080070130248,-1.4675072311717905
4.810200000001302,0.0,0.0,0.0,0.0,0.0,0.0,-2.2153327780189092e-05,1.731601364992451e-05,5.720558041233178,-12.914098200746507,1.2000780192211056,-1.4674798840837138
4.812200000001306,0.0,0.0,0.0,0.0,0.0,0.0,-2.1511324354703714e-05,1.666436703883441e-05,5.720558042969806,-12.914098198219733,1.2000760275378228,-1.4674525460020766
4.8142000000013105,0.0,0.0,0.0,0.0,0.0,0.0,-2.0897878936626802e-05,1.604215167540806e-05,5.720558044602377,-12.914098195765101,1.2000740931647833,-1.467425216945117
4.816200000001315,0.0,0.0,0.0,0.0,0.0,0.0,-2.0310826475842493e-05,1.5447130046664934e-05,5.7205580461390335,-12.914098193378132,1.2000722142719222,-1.4673978969294406
4.818200000001319,0.0,0.0,0.0,0.0,0.0,0.0,-1.9748245503793765e-05,1.4877312646491434e-05,5.7205580475871605,-12.9140981910548,1.2000703891082574,-1.4673705859701553
4.820200000001323,0.0,0.0,0.0,0.0,0.0,0.0,-1.9208426095124837e-05,1.433092612773611e-05,5.720558048953454,-12.91409818879148,1.2000686159961391,-1.4673432840809995
4.822200000001327,0.0,0.0,0.0,0.0,0.0,0.0,-1.8689842261769183e-05,1.3806385737389172e-05,5.720558050243978,-12.914098186584887,1.2000668933261278,-1.4673159912744598
4.824200000001332,0.0,0.0,0.0,0.0,0.0,0.0,-1.819112815477835e-05,1.3302271450636231e-05,5.720558051464225,-12.914098184432044,1.200065219552419,-1.467288707561881
4.826200000001336,0.0,0.0,0.0,0.0,0.0,0.0,-1.771105753772775e-05,1.2817307298390638e-05,5.720558052619168,-12.914098182330243,1.2000635931887453,-1.4672614329535667
4.82820000000134,0.0,0.0,0.0,0.0,0.0,0.0,-1.7248526074927617e-05,1.2350343455807894e-05,5.720558053713311,-12.914098180277005,1.200062012804694,-1.4672341674588714
4.830200000001344,0.0,0.0,0.0,0.0,0.0,0.0,-1.6802536036689475e-05,1.1900340713239661e-05,5.720558054750731,-12.914098178270066,1.2000604770223895,-1.4672069110862869
4.8322000000013485,0.0,0.0,0.0,0.0,0.0,0.0,-1.6372183083470414e-05,1.1466357005864314e-05,5.720558055735129,-12.914098176307332,1.2000589845134946,-1.4671796638435168
4.834200000001353,0.0,0.0,0.0,0.0,0.0,0.0,-1.5956644841388787e-05,1.104753572504863e-05,5.720558056669859,-12.914098174386881,1.2000575339964907,-1.4671524257375494
4.836200000001357,0.0,0.0,0.0,0.0,0.0,0.0,-1.5555171012497108e-05,1.06430955637181e-05,5.720558057557968,-12.91409817250693,1.2000561242342052,-1.4671251967747203
4.838200000001361,0.0,0.0,0.0,0.0,0.0,0.0,-1.5167074814668167e-05,1.0252321695671384e-05,5.7205580584022275,-12.914098170665827,1.2000547540315527,-1.467097976960769
4.840200000001365,0.0,0.0,0.0,0.0,0.0,0.0,-1.4791725553874908e-05,9.874558096778324e-06,5.720558059205159,-12.914098168862028,1.200053422233472,-1.4670707663008926
4.84220000000137,0.0,0.0,0.0,0.0,0.0,0.0,-1.4428542190094951e-05,9.509200871245777e-06,5.720558059969062,-12.914098167094094,1.2000521277230254,-1.4670435647997915
4.844200000001374,0.0,0.0,0.0,0.0,0.0,0.0,-1.4076987738233099e-05,9.155692427154923e-06,5.72055806069604,-12.914098165360672,1.2000508694196528,-1.4670163724617136
4.846200000001378,0.0,0.0,0.0,0.0,0.0,0.0,-1.3736564405115225e-05,8.813516402409388e-06,5.720558061388013,-12.914098163660498,1.2000496462775567,-1.4669891892904912
4.848200000001382,0.0,0.0,0.0,0.0,0.0,0.0,-1.340680935334306e-05,8.482193233136507e-06,5.720558062046746,-12.914098161992378,1.2000484572842054,-1.466962015289577
4.8502000000013865,0.0,0.0,0.0,0.0,0.0,0.0,-1.3087291009602541e-05,8.161276281501251e-06,5.720558062673858,-12.914098160355179,1.200047301458941,-1.4669348504620732
4.852200000001391,0.0,0.0,0.0,0.0,0.0,0.0,-1.2777605841195296e-05,7.85034844671521e-06,5.72055806327084,-12.914098158747837,1.2000461778516833,-1.4669076948107616
4.854200000001395,0.0,0.0,0.0,0.0,0.0,0.0,-1.2477375536403763e-05,7.549019194415853e-06,5.720558063839069,-12.914098157169338,1.2000450855417177,-1.4668805483381278
4.856200000001399,0.0,0.0,0.0,0.0,0.0,0.0,-1.218624453981525e-05,7.256921954239751e-06,5.720558064379818,-12.914098155618719,1.200044023636558,-1.4668534110463844
4.858200000001403,0.0,0.0,0.0,0.0,0.0,0.0,-1.1903877884927257e-05,6.973711827766827e-06,5.720558064894268,-12.914098154095061,1.2000429912708797,-1.46682628293749
4.860200000001408,0.0,0.0,0.0,0.0,0.0,0.0,-1.1629959293273874e-05,6.699063574961094e-06,5.720558065383518,-12.914098152597496,1.2000419876055153,-1.4667991640131715
4.862200000001412,0.0,0.0,0.0,0.0,0.0,0.0,-1.13641894983713e-05,6.432669836302658e-06,5.7205580658485875,-12.914098151125184,1.200041011826506,-1.4667720542749367
4.864200000001416,0.0,0.0,0.0,0.0,0.0,0.0,-1.1106284769650252e-05,6.174239565221849e-06,5.720558066290433,-12.914098149677324,1.2000400631442039,-1.466744953724092
4.86620000000142,0.0,0.0,0.0,0.0,0.0,0.0,-1.085597560686089e-05,5.9234966402129346e-06,5.720558066709948,-12.91409814825315,1.2000391407924216,-1.466717862361755
4.8682000000014245,0.0,0.0,0.0,0.0,0.0,0.0,-1.0613005583669764e-05,5.680178634833235e-06,5.720558067107973,-12.914098146851929,1.2000382440276247,-1.466690780188868
4.870200000001429,0.0,0.0,0.0,0.0,0.0,0.0,-1.0377130318340672e-05,5.444035722343893e-06,5.720558067485294,-12.914098145472954,1.2000373721281656,-1.4666637072062076
4.872200000001433,0.0,0.0,0.0,0.0,0.0,0.0,-1.0148116562407768e-05,5.2148297053643446e-06,5.720558067842656,-12.91409814411555,1.20003652439355,-1.4666366434143963
4.874200000001437,0.0,0.0,0.0,0.0,0.0,0.0,-9.925741384071563e-06,4.992333146689469e-06,5.720558068180763,-12.914098142779059,1.2000357001437398,-1.4666095888139112
4.876200000001441,0.0,0.0,0.0,0.0,0.0,0.0,-9.709791437765736e-06,4.77632859182506e-06,5.720558068500277,-12.914098141462853,1.2000348987184866,-1.466582543405093
4.878200000001446,0.0,0.0,0.0,0.0,0.0,0.0,-9.500062312805088e-06,4.566607875744266e-06,5.720558068801831,-12.914098140166328,1.2000341194766928,-1.466555507188153
4.88020000000145,0.0,0.0,0.0,0.0,0.0,0.0,-9.296357942173555e-06,4.362971494479862e-06,5.720558069086024,-12.914098138888898,1.200033361795802,-1.466528480163181
4.882200000001454,0.0,0.0,0.0,0.0,0.0,0.0,-9.098490073605973e-06,4.165228042957736e-06,5.720558069353425,-12.914098137629999,1.2000326250712126,-1.4665014623301518
4.884200000001458,0.0,0.0,0.0,0.0,0.0,0.0,-8.906277792598404e-06,3.973193708414233e-06,5.7205580696045795,-12.914098136389086,1.2000319087157139,-1.4664744536889291
4.8862000000014625,0.0,0.0,0.0,0.0,0.0,0.0,-8.719547084123362e-06,3.786691806021128e-06,5.720558069840007,-12.914098135165633,1.2000312121589476,-1.4664474542392743
4.888200000001467,0.0,0.0,0.0,0.0,0.0,0.0,-8.538130440048845e-06,3.605552362855572e-06,5.720558070060204,-12.914098133959131,1.2000305348468883,-1.4664204639808496
4.890200000001471,0.0,0.0,0.0,0.0,0.0,0.0,-8.361866498784232e-06,3.4296117368500013e-06,5.720558070265648,-12.914098132769091,1.2000298762413417,-1.4663934829132228
4.892200000001475,0.0,0.0,0.0,0.0,0.0,0.0,-8.190599716965346e-06,3.2587122699483616e-06,5.720558070456795,-12.914098131595033,1.200029235819464,-1.4663665110358721
4.894200000001479,0.0,0.0,0.0,0.0,0.0,0.0,-8.024180064624782e-06,3.0927019670698888e-06,5.720558070634082,-12.914098130436495,1.2000286130732989,-1.46633954834819
4.896200000001484,0.0,0.0,0.0,0.0,0.0,0.0,-7.862462752896788e-06,2.9314342090308954e-06,5.720558070797933,-12.914098129293034,1.2000280075093277,-1.4663125948494864
4.898200000001488,0.0,0.0,0.0,0.0,0.0,0.0,-7.705307974904105e-06,2.774767480590136e-06,5.720558070948752,-12.914098128164222,1.2000274186480386,-1.4662856505389943
4.900200000001492,0.0,0.0,0.0,0.0,0.0,0.0,-7.552580671036749e-06,2.6225651241597786e-06,5.720558071086932,-12.914098127049636,1.2000268460235102,-1.4662587154158695
4.902200000001496,0.0,0.0,0.0,0.0,0.0,0.0,-7.404150309137784e-06,2.4746951098015423e-06,5.7205580712128485,-12.914098125948868,1.200026289183008,-1.466231789479196
4.9042000000015005,0.0,0.0,0.0,0.0,0.0,0.0,-7.25989068388838e-06,2.331029825385773e-06,5.720558071326865,-12.91409812486153,1.2000257476865952,-1.4662048727279906
4.906200000001505,0.0,0.0,0.0,0.0,0.0,0.0,-7.1196797253052764e-06,2.191445876969394e-06,5.720558071429332,-12.91409812378724,1.2000252211067561,-1.4661779651612008
4.908200000001509,0.0,0.0,0.0,0.0,0.0,0.0,-6.983399324476049e-06,2.055823907277097e-06,5.720558071520591,-12.914098122725623,1.2000247090280332,-1.4661510667777116
4.910200000001513,0.0,0.0,0.0,0.0,0.0,0.0,-6.8509351656479085e-06,1.924048421324102e-06,5.720558071600968,-12.914098121676325,1.2000242110466741,-1.4661241775763458
4.912200000001517,0.0,0.0,0.0,0.0,0.0,0.0,-6.722176574713431e-06,1.796007629089904e-06,5.720558071670782,-12.914098120639002,1.200023726770292,-1.4660972975558673
4.914200000001522,0.0,0.0,0.0,0.0,0.0,0.0,-6.597016371889421e-06,1.6715932930917239e-06,5.7205580717303395,-12.914098119613307,1.2000232558175346,-1.4660704267149827
4.916200000001526,0.0,0.0,0.0,0.0,0.0,0.0,-6.475350737080109e-06,1.5507005888804086e-06,5.720558071779938,-12.914098118598925,1.2000227978177644,-1.466043565052344
4.91820000000153,0.0,0.0,0.0,0.0,0.0,0.0,-6.357079078630213e-06,1.4332279699474108e-06,5.720558071819865,-12.91409811759553,1.2000223524107516,-1.4660167125665495
4.920200000001534,0.0,0.0,0.0,0.0,0.0,0.0,-6.2421039135527255e-06,1.3190770440015456e-06,5.720558071850401,-12.914098116602823,1.200021919246372,-1.4659898692561462
4.9222000000015385,0.0,0.0,0.0,0.0,0.0,0.0,-6.130330751252643e-06,1.2081524533862677e-06,5.720558071871816,-12.914098115620495,1.2000214979843176,-1.4659630351196313
4.924200000001543,0.0,0.0,0.0,0.0,0.0,0.0,-6.021667985473171e-06,1.100361764029942e-06,5.720558071884373,-12.914098114648263,1.200021088293815,-1.4659362101554552
4.926200000001547,0.0,0.0,0.0,0.0,0.0,0.0,-5.916026789537267e-06,9.956153579727838e-07,5.720558071888326,-12.914098113685846,1.2000206898533523,-1.465909394362021
4.928200000001551,0.0,0.0,0.0,0.0,0.0,0.0,-5.81332102008496e-06,8.938263345390425e-07,5.720558071883923,-12.914098112732967,1.2000203023504143,-1.4658825877376875
4.930200000001555,0.0,0.0,0.0,0.0,0.0,0.0,-5.713467120767456e-06,7.949104119218027e-07,5.7205580718714035,-12.914098111789363,1.200019925481227,-1.4658557902807703
4.93220000000156,0.0,0.0,0.0,0.0,0.0,0.0,-5.616384034278317e-06,6.987858371457987e-07,5.720558071851001,-12.914098110854775,1.200019558950507,-1.4658290019895432
4.934200000001564,0.0,0.0,0.0,0.0,0.0,0.0,-5.521993118296193e-06,6.053733001383199e-07,5.720558071822941,-12.914098109928952,1.2000192024712213,-1.4658022228622398
4.936200000001568,0.0,0.0,0.0,0.0,0.0,0.0,-5.430218063705012e-06,5.145958502667724e-07,5.720558071787443,-12.914098109011656,1.2000188557643516,-1.4657754528970544
4.938200000001572,0.0,0.0,0.0,0.0,0.0,0.0,-5.340984814723942e-06,4.263788150118768e-07,5.72055807174472,-12.91409810810265,1.2000185185586698,-1.4657486920921432
4.940200000001576,0.0,0.0,0.0,0.0,0.0,0.0,-5.25422149656257e-06,3.406497262813873e-07,5.72055807169498,-12.9140981072017,1.200018190590515,-1.4657219404456256
4.942200000001581,0.0,0.0,0.0,0.0,0.0,0.0,-5.169858343824678e-06,2.5733824728014825e-07,5.720558071638424,-12.914098106308588,1.2000178716035799,-1.4656951979555866
4.944200000001585,0.0,0.0,0.0,0.0,0.0,0.0,-5.087827633180817e-06,1.763761043207478e-07,5.720558071575246,-12.914098105423097,1.2000175613487032,-1.465668464620076
4.946200000001589,0.0,0.0,0.0,0.0,0.0,0.0,-5.008063616282585e-06,9.769701834088931e-08,5.720558071505638,-12.914098104545019,1.2000172595836682,-1.4656417404371096
4.948200000001593,0.0,0.0,0.0,0.0,0.0,0.0,-4.9305024568964e-06,2.1236641388093895e-08,5.7205580714297835,-12.914098103674151,1.2000169660730067,-1.4656150254046727
4.9502000000015975,0.0,0.0,0.0,0.0,0.0,0.0,-4.855082172195516e-06,-5.30675033380089e-08,5.720558071347862,-12.914098102810291,1.2000166805878083,-1.4655883195207176
4.952200000001602,0.0,0.0,0.0,0.0,0.0,0.0,-4.781742571476588e-06,-1.252760833550385e-07,5.720558071260049,-12.914098101953249,1.2000164029055376,-1.4655616227831676
4.954200000001606,0.0,0.0,0.0,0.0,0.0,0.0,-4.710425203075791e-06,-1.9544801099293292e-07,5.720558071166512,-12.914098101102837,1.200016132809853,-1.4655349351899158
4.95620000000161,0.0,0.0,0.0,0.0,0.0,0.0,-4.641073300358313e-06,-2.636404979989237e-07,5.720558071067417,-12.914098100258878,1.2000158700904333,-1.4655082567388276
4.958200000001614,0.0,0.0,0.0,0.0,0.0,0.0,-4.5736317278250035e-06,-3.2990911010003477e-07,5.720558070962925,-12.914098099421189,1.200015614542809,-1.4654815874277398
4.960200000001619,0.0,0.0,0.0,0.0,0.0,0.0,-4.5080469318457505e-06,-3.9430781709596895e-07,5.72055807085319,-12.914098098589601,1.2000153659681982,-1.4654549272544635
4.962200000001623,0.0,0.0,0.0,0.0,0.0,0.0,-4.44426689432605e-06,-4.568890395425324e-07,5.720558070738363,-12.914098097763954,1.2000151241733459,-1.4654282762167838
4.964200000001627,0.0,0.0,0.0,0.0,0.0,0.0,-4.382241083020276e-06,-5.177036991698503e-07,5.720558070618592,-12.91409809694408,1.2000148889703712,-1.4654016343124605
4.966200000001631,0.0,0.0,0.0,0.0,0.0,0.0,-4.321920410201093e-06,-5.768012607200258e-07,5.720558070494021,-12.914098096129825,1.2000146601766142,-1.4653750015392282
4.9682000000016355,0.0,0.0,0.0,0.0,0.0,0.0,-4.263257185065481e-06,-6.342297799858875e-07,5.720558070364788,-12.914098095321034,1.2000144376144926,-1.4653483778947987
4.97020000000164,0.0,0.0,0.0,0.0,0.0,0.0,-4.206205075934797e-06,-6.900359420633085e-07,5.720558070231028,-12.914098094517561,1.2000142211113574,-1.4653217633768616
4.972200000001644,0.0,0.0,0.0,0.0,0.0,0.0,-4.150719066952024e-06,-7.44265105197395e-07,5.720558070092872,-12.91409809371926,1.2000140104993564,-1.465295157983083
4.974200000001648,0.0,0.0,0.0,0.0,0.0,0.0,-4.096755421759533e-06,-7.969613374403228e-07,5.7205580699504495,-12.914098092925991,1.2000138056152991,-1.4652685617111088
4.976200000001652,0.0,0.0,0.0,0.0,0.0,0.0,-4.044271641462929e-06,-8.481674591030259e-07,5.720558069803884,-12.914098092137623,1.2000136063005278,-1.465241974558563
4.978200000001657,0.0,0.0,0.0,0.0,0.0,0.0,-3.993226432373944e-06,-8.979250754041643e-07,5.720558069653295,-12.914098091354015,1.2000134124007895,-1.465215396523049
4.980200000001661,0.0,0.0,0.0,0.0,0.0,0.0,-3.943579668345048e-06,-9.462746143942372e-07,5.720558069498803,-12.914098090575047,1.2000132237661139,-1.465188827602152
4.982200000001665,0.0,0.0,0.0,0.0,0.0,0.0,-3.895292357758157e-06,-9.932553605059677e-07,5.720558069340519,-12.914098089800593,1.2000130402506934,-1.4651622677934377
4.984200000001669,0.0,0.0,0.0,0.0,0.0,0.0,-3.848326607850447e-06,-1.0389054903697698e-06,5.720558069178555,-12.914098089030528,1.2000128617127683,-1.4651357170944526
4.9862000000016735,0.0,0.0,0.0,0.0,0.0,0.0,-3.8026455959386943e-06,-1.0832621019372268e-06,5.72055806901302,-12.914098088264737,1.2000126880145119,-1.4651091755027263
4.988200000001678,0.0,0.0,0.0,0.0,0.0,0.0,-3.758213537276443e-06,-1.1263612469999888e-06,5.720558068844018,-12.914098087503106,1.200012519021922,-1.4650826430157702
4.990200000001682,0.0,0.0,0.0,0.0,0.0,0.0,-3.714995652295969e-06,-1.1682379641166305e-06,5.720558068671651,-12.91409808674552,1.2000123546047152,-1.4650561196310798
4.992200000001686,0.0,0.0,0.0,0.0,0.0,0.0,-3.6729581422264007e-06,-1.2089263033302679e-06,5.72055806849602,-12.914098085991876,1.2000121946362214,-1.4650296053461338
4.99420000000169,0.0,0.0,0.0,0.0,0.0,0.0,-3.6320681562984898e-06,-1.2484593592118307e-06,5.720558068317219,-12.914098085242065,1.200012038993285,-1.465003100158395
4.996200000001695,0.0,0.0,0.0,0.0,0.0,0.0,-3.592293767721985e-06,-1.2868692951067156e-06,5.720558068135343,-12.914098084495986,1.2000118875561656,-1.464976604065311
4.998200000001699,0.0,0.0,0.0,0.0,0.0,0.0,-3.5536039445609222e-06,-1.3241873724889164e-06,5.720558067950484,-12.914098083753537,1.2000117402084445,-1.4649501170643144
5.000200000001703,0.0,5.348995128546038e-11,0.0,0.0,0.0,0.0,-3.515952223310104e-06,-1.3604378632953525e-06,5.720558067761762,-12.914098083014625,1.2000115968369298,-1.4649236391528235
5.002200000001707,0.0,0.0627905195828301,0.0,0.0,0.0,0.0,0.12665719106595263,0.03983343591435556,5.7134060011886465,-12.914136820778547,1.1999800249971178,-1.4648328703088245
5.0042000000017115,0.0,0.1253332336176355,0.0,0.0,0.0,0.0,0.25791070352989515,0.08054140407535418,5.706238063032361,-12.914419119186617,1.1997776473872714,-1.4644013025317513
5.006200000001716,0.0,0.18738131463865784,0.0,0.0,0.0,0.0,0.3884516066484204,0.12006507748356499,5.699942986966784,-12.915192742789666,1.1992432596957485,-1.463309708230472
5.00820000000172,0.0,0.24868988721717794,0.0,0.0,0.0,0.0,0.5182171897272476,0.15722230891112554,5.695532644012121,-12.91670266221784,1.1982189664414467,-1.4612409192168063
5.010200000001724,0.0,0.3090169944264499,0.0,0.0,0.0,0.0,0.6472933712051414,0.19043536935269714,5.6943961156128164,-12.91918931935111,1.1965529687501737,-1.4578802069048713
5.012200000001728,0.0,0.3681245527351513,0.0,0.0,0.0,0.0,0.7758292654842253,0.21773922703748738,5.69827689815092,-12.922886603074216,1.1941031233367025,-1.4529153532872003
5.014200000001733,0.0,0.4257792916143116,0.0,0.0,0.0,0.0,0.903905052229855,0.23678754379610026,5.7092438504588205,-12.928019503422748,1.1907412031594038,-1.4460365582905934
5.016200000001737,0.0,0.48175367414951836,0.0,0.0,0.0,0.0,1.0313465067401388,0.2448612221789782,5.729651110165451,-12.934801386619592,1.186357767564664,-1.4369364036371475
5.018200000001741,0.0,0.5358267950251672,0.0,0.0,0.0,0.0,1.1574827455876748,0.23889085058314435,5.76207743770799,-12.943430804553941,1.180867516830272,-1.425310173049974
5.020200000001745,0.0,0.5877852523368201,0.0,0.0,0.0,0.0,1.2808492334934436,0.21551222456438496,5.809229780315256,-12.954087722958871,1.1742149549613037,-1.4108569058232694
5.0222000000017495,0.0,0.6374239897910281,0.0,0.0,0.0,0.0,1.3988476191894559,0.17118234983425387,5.873790173949934,-12.966929028338072,1.1663801066226884,-1.393281625801471
5.024200000001754,0.0,0.6845471059688409,0.0,0.0,0.0,0.0,1.5073894849185037,0.102390140423035,5.958181089026831,-12.982083163526848,1.1573839215481612,-1.372299228675734
5.026200000001758,0.0,0.7289686274592079,0.0,0.0,0.0,0.0,1.600574040904849,0.005998315751399401,6.064224691365389,-12.99964375950194,1.1472928493564662,-1.3476405122285744
5.028200000001762,0.0,0.7705132428110683,0.0,0.0,0.0,0.0,1.6704797081688199,-0.1202538348897264,6.192680075089494,-13.019662196171696,1.1362218853060917,-1.319060778457685
5.030200000001766,0.0,0.809016994407557,0.0,0.0,0.0,0.0,1.7071820696710942,-0.2770788716140547,6.3426638279778285,-13.042139161427437,1.1243351943315134,-1.2863513025017805
5.032200000001771,0.0,0.8443279255318131,0.0,0.0,0.0,0.0,1.699135465166587,-0.4628348187017372,6.51099696294911,-13.06701550981348,1.111843259733257,-1.2493537304691613
5.034200000001775,0.0,0.8763066800707184,0.0,0.0,0.0,0.0,1.6340550729259433,-0.6726818354640114,6.691575174249154,-13.094163064318145,1.0989954430674451,-1.207977123295364
5.036200000001779,0.0,0.9048270524898107,0.0,0.0,0.0,0.0,1.5003881703198374,-0.8978785014701969,6.874921576465041,-13.123376446451566,1.0860669749578369,-1.162216911952572
5.038200000001783,0.0,0.9297764859088697,0.0,0.0,0.0,0.0,1.2893477175502874,-1.1254670566752862,7.048132051087277,-13.154367505741073,1.0733398211831378,-1.1121745094640207
5.0402000000017875,0.0,0.9510565163125023,0.0,0.0,0.0,0.0,0.9972960204457764,-1.3386280216341278,7.195432127588046,-13.186764333427165,1.061077654743212,-1.0580758216412327
5.042200000001792,0.0,0.968583161142626,0.0,0.0,0.0,0.0,0.6280430198935892,-1.5179309157166616,7.299496741620957,-13.220117007675318,1.049496303171532,-1.0002865397801768
5.044200000001796,0.0,0.9822872507392583,0.0,0.0,0.0,0.0,0.19443853344722253,-1.643538903396201,7.343520901159678,-13.253911919329585,1.0387323883303319,-0.9393220293296737
5.0462000000018,0.0,0.9921147013215641,0.0,0.0,0.0,0.0,-0.28140348696299716,-1.6981515135719385,7.313789074487277,-13.28759560018332,1.0288141324424707,-0.8758499506818854
5.048200000001804,0.0,0.99802672843183,0.0,0.0,0.0,0.0,-0.7697170485867024,-1.670162752542434,7.202245002267972,-13.320607395505927,1.0196390513351579,-0.8106844493428933
5.050200000001809,0.0,1.0,0.0,0.0,0.0,0.0,-1.2365612474711918,-1.5562958337321797,7.008421273005528,-13.352418296954347,1.0109630846388318,-0.744771666431698
5.052200000001813,0.0,0.9980267284246964,0.0,0.0,0.0,0.0,-1.6486185340693125,-1.3629760994776656,6.740149336117576,-13.382571237473265,1.002404404838198,-0.6791671692724608
5.054200000001817,0.0,0.992114701307325,0.0,0.0,0.0,0.0,-1.9782822335547419,-1.1059738084204807,6.412761854977454,-13.41071675519693,0.9934628330957067,-0.6150064341683213
5.056200000001821,0.0,0.98228725071797,0.0,0.0,0.0,0.0,-2.2078223416728946,-0.8083175308293882,6.046935432930883,-13.436637725610376,0.9835529834191032,-0.5534696686002193
5.0582000000018255,0.0,0.9685831611143725,0.0,0.0,0.0,0.0,-2.3316526922182836,-0.4969685460713449,5.665732418798107,-13.460258144220958,0.9720467165645315,-0.4957422388121533
5.06020000000183,0.0,0.9510565162773951,0.0,0.0,0.0,0.0,-2.3562834244588693,-0.19905807123059505,5.2916143921934085,-13.481633599021624,0.9583189458914687,-0.44297211922782775
5.062200000001834,0.0,0.9297764858670473,0.0,0.0,0.0,0.0,-2.298194508470319,0.061491144439230955,4.944136125612205,-13.500924538102716,0.9417907309401693,-0.3962263403906001
5.064200000001838,0.0,0.904827052441438,0.0,0.0,0.0,0.0,-2.180352908111928,0.26638315036334687,4.638734252724481,-13.518356829635223,0.9219648858728875,-0.35644928447228047
5.066200000001842,0.0,0.8763066800159867,0.0,0.0,0.0,0.0,-2.0167988698118084,0.40146422981509905,4.405947914479065,-13.5341844723218,0.8984695715987295,-0.3243822880461146
5.068200000001847,0.0,0.8443279254709383,0.0,0.0,0.0,0.0,-1.8562970738163878,0.4687490248967836,4.215544763629916,-13.548635368443943,0.8710532902444541,-0.300587185436663
5.070200000001851,0.0,0.809016994340779,0.0,0.0,0.0,0.0,-1.7056429738421583,0.4678025876759047,4.090784956161872,-13.561873483481763,0.8395784975967068,-0.28546112748658853
5.072200000001855,0.0,0.7705132427386508,0.0,0.0,0.0,0.0,-1.5795204049018212,0.40657182711242235,4.035399956740877,-13.573984167494471,0.8040364748494724,-0.279199156444616
5.074200000001859,0.0,0.7289686273814366,0.0,0.0,0.0,0.0,-1.486056213832708,0.29772870255905226,4.051865287520775,-13.584966006723736,0.7645445332963995,-0.2818041803696496
5.076200000001863,0.0,0.6845471058860236,0.0,0.0,0.0,0.0,-1.4267343571834663,0.15754517256541367,4.141055752412994,-13.594735724079463,0.7213409438291448,-0.2931068602769409
5.078200000001868,0.0,0.6374239897034907,0.0,0.0,0.0,0.0,-1.3970408335055322,0.0045778172056956876,4.301311118018577,-13.603143424651261,0.6747777888715464,-0.31279209685024295
5.080200000001872,0.0,0.5877852522449083,0.0,0.0,0.0,0.0,-1.388783464080141,-0.14620010233774125,4.530928508952549,-13.61000145282782,0.6253146087738336,-0.34042176632949256
5.082200000001876,0.0,0.5358267949292436,0.0,0.0,0.0,0.0,-1.3876057291404595,-0.2672177909993185,4.812593642761141,-13.615108459664324,0.5735031026935441,-0.37546446637281167
5.08420000000188,0.0,0.48175367404996183,0.0,0.0,0.0,0.0,-1.382058672249691,-0.3488462773321513,5.1344243410081605,-13.618257791917978,0.5199581658804843,-0.4173402131400674
5.0862000000018845,0.0,0.4257792915115146,0.0,0.0,0.0,0.0,-1.3613691135007229,-0.3814749709828667,5.477042713870325,-13.619270849115187,0.46533877048429173,-0.4654346273226598
5.088200000001889,0.0,0.36812455262952,0.0,0.0,0.0,0.0,-1.3185815790481163,-0.36179407241420575,5.818822667024418,-13.618014274845255,0.41031796367379597,-0.5191208271574644
5.090200000001893,0.0,0.3090169943184007,0.0,0.0,0.0,0.0,-1.2518530675170598,-0.2929969122721148,6.13864317391576,-13.61441040626651,0.3555502937225728,-0.5777799903800391
5.092200000001897,0.0,0.24868988710713813,0.0,0.0,0.0,0.0,-1.1647416285818504,-0.1838444419590759,6.418839667826246,-13.608440151897764,0.3016400307440139,-0.6408220336539873
5.094200000001901,0.0,0.18738131452706083,0.0,0.0,0.0,0.0,-1.0654556276733709,-0.0467570896659756,6.6476455538398955,-13.600137824645076,0.24911389268184464,-0.7077080690096926
5.096200000001906,0.0,0.12533323350492218,0.0,0.0,0.0,0.0,-0.9652937813896253,0.10463878827788292,6.820569332678803,-13.58957809973585,0.1984017344521158,-0.7779758416982289
5.09820000000191,0.0,0.06279051946944483,0.0,0.0,0.0,0.0,-0.8766861864821306,0.2579698933308979,6.940487477209728,-13.576856030368305,0.14982776501733652,-0.8512685105782897
5.100200000001914,0.0,0.0,0.0,0.0,0.0,0.0,-0.811279438429704,0.4041113350924902,7.01660637710628,-13.562061880502123,0.10361355725896701,-0.9273660899730007
5.102200000001918,0.0,0.0,0.0,0.0,0.0,0.0,-0.738252107519806,0.5637837025442538,7.048538539787678,-13.545258506885327,0.05990847351073404,-1.0061915048101564
5.1042000000019225,0.0,0.0,0.0,0.0,0.0,0.0,-0.6546758936115424,0.7229533231217525,7.059463252331647,-13.52650930447607,0.018855801221635615,-1.0876863083916712
5.106200000001927,0.0,0.0,0.0,0.0,0.0,0.0,-0.5621831920850869,0.8781239770006626,7.049247019142294,-13.505920015043737,-0.019419378005089312,-1.171739866201849
5.108200000001931,0.0,0.0,0.0,0.0,0.0,0.0,-0.4626080677084665,1.0260294461417798,7.018462675633828,-13.483646624098144,-0.054820911050533834,-1.2581850635838039
5.110200000001935,0.0,0.0,0.0,0.0,0.0,0.0,-0.3578862092807598,1.1637689271979614,6.968322606716172,-13.459897931793227,-0.08728602162807773,-1.346796704133031
5.112200000001939,0.0,0.0,0.0,0.0,0.0,0.0,-0.2499560181710168,1.2889088967083997,6.900575580609441,-13.434935067325748,-0.1167888818096278,-1.4372929593270842
5.114200000001944,0.0,0.0,0.0,0.0,0.0,0.0,-0.14066961308409787,1.3995460949858776,6.817378834586339,-13.409067419922811,-0.14334296631733714,-1.5293403786571143
5.116200000001948,0.0,0.0,0.0,0.0,0.0,0.0,-0.0317207410124457,1.494330983629938,6.721158994118045,-13.38264483644539,-0.16700189994339892,-1.622562590464274
5.118200000001952,0.0,0.0,0.0,0.0,0.0,0.0,0.07540628136657991,1.5724553930376532,6.614475349754084,-13.356046423547799,-0.18785860951099148,-1.7165523380611367
5.120200000001956,0.0,0.0,0.0,0.0,0.0,0.0,0.17946583023049573,1.6336113319036463,6.499896909033675,-13.329666801458847,-0.20604273571657575,-1.8108859923927791
5.1222000000019605,0.0,0.0,0.0,0.0,0.0,0.0,0.2794607176443894,1.6779295600004822,6.379900950353942,-13.303901072543072,-0.22171642779728185,-1.9051392736516433
5.124200000001965,0.0,0.0,0.0,0.0,0.0,0.0,0.3746366673385395,1.7059064652238212,6.256796466521196,-13.279129986592597,-0.23506880762193677,-1.9989027015932777
5.126200000001969,0.0,0.0,0.0,0.0,0.0,0.0,0.4644663235197473,1.7183264587195581,6.132672000242968,-13.255706748122234,-0.24630952017146446,-2.091795333866864
5.128200000001973,0.0,0.0,0.0,0.0,0.0,0.0,0.5486269013823648,1.71618522063018,6.009364780850293,-13.233946628253545,-0.2556618612510196,-2.1834756332381775
5.130200000001977,0.0,0.0,0.0,0.0,0.0,0.0,0.6269742639626045,1.7006173704630185,5.8884470317648026,-13.214120088698625,-0.2633559797633735,-2.273648755345938
5.132200000001982,0.0,0.0,0.0,0.0,0.0,0.0,0.6997982291013887,1.6727687208419617,5.771244808825795,-13.196449617399697,-0.26962260954235623,-2.3620700357855138
5.134200000001986,0.0,0.0,0.0,0.0,0.0,0.0,0.7687746763647816,1.6331197507989916,5.658271326181949,-13.181112809328468,-0.2746934385868499,-2.4485361971935595
5.13620000000199,0.0,0.0,0.0,0.0,0.0,0.0,0.8300491219446426,1.5852854718826903,5.55594139874074,-13.168241168689743,-0.27879272231419244,-2.5328908099220095
5.138200000001994,0.0,0.0,0.0,0.0,0.0,0.0,0.8878561630721146,1.529163152052513,5.459125774449136,-13.157897789321378,-0.2821095606422902,-2.6150727310217223
5.1402000000019985,0.0,0.0,0.0,0.0,0.0,0.0,0.9407290051758285,1.4643343899771932,5.364744650939301,-13.15012658826021,-0.2848234259443806,-2.6950357750042544
5.142200000002003,0.0,0.0,0.0,0.0,0.0,0.0,0.9887908279094704,1.3925372885540797,5.276886354251565,-13.144962902584455,-0.28710970024755356,-2.7727319101101195
5.144200000002007,0.0,0.0,0.0,0.0,0.0,0.0,1.0322886283505661,1.3145813625354879,5.19574086023042,-13.142421051939685,-0.28912858566236727,-2.848135604260413
5.146200000002011,0.0,0.0,0.0,0.0,0.0,0.0,1.0714422519459001,1.2311699651345176,5.121398081272626,-13.142500365890605,-0.2910249267176616,-2.9212376525966577
5.148200000002015,0.0,0.0,0.0,0.0,0.0,0.0,1.1064266239215652,1.1429053120122685,5.053873273566558,-13.14519068129358,-0.292928688235712,-2.9920392293680083
5.15020000000202,0.0,0.0,0.0,0.0,0.0,0.0,1.137357723387961,1.0502993092033974,4.993130358498316,-13.150477095122277,-0.2949557256448343,-3.0605466000431596
5.152200000002024,0.0,0.0,0.0,0.0,0.0,0.0,1.1642824682924757,0.9537889698220028,4.939102330808774,-13.158343944165571,-0.2972087015616073,-3.12676653842733
5.154200000002028,0.0,0.0,0.0,0.0,0.0,0.0,1.1871725310545633,0.8537552485377745,4.8917081921736285,-13.16877805379917,-0.29977802644776325,-3.190702425018951
5.156200000002032,0.0,0.0,0.0,0.0,0.0,0.0,1.2059220288055394,0.7505442054874376,4.850866086368202,-13.18177134122297,-0.3027427257720865,-3.2523509612396397
5.1582000000020365,0.0,0.0,0.0,0.0,0.0,0.0,1.2203490095241276,0.644489496640882,4.816502505131478,-13.197322879935266,-0.3061711590025158,-3.311699413870423
5.160200000002041,0.0,0.0,0.0,0.0,0.0,0.0,1.2302006607586868,0.5359352524227402,4.788557582006803,-13.215440537600971,-0.310121535695222,-3.3687232992927196
5.162200000002045,0.0,0.0,0.0,0.0,0.0,0.0,1.2351621763501388,0.42525844011057945,4.766986604146338,-13.236142293723573,-0.3146421905434012,-3.4233844231299564
5.164200000002049,0.0,0.0,0.0,0.0,0.0,0.0,1.2348692078661574,0.3128898085420242,4.751757962675946,-13.259457330152143,-0.3197715926357687,-3.4756292040879484
5.166200000002053,0.0,0.0,0.0,0.0,0.0,0.0,1.2289237858837554,0.19933249468269115,4.742847844028441,-13.285426968543273,-0.32553807478876284,-3.5253872290424786
5.168200000002058,0.0,0.0,0.0,0.0,0.0,0.0,1.2169135120453964,0.08517734538550391,4.740232048334091,-13.314105505264973,-0.33195927724156193,-3.5725700088362693
5.170200000002062,0.0,0.0,0.0,0.0,0.0,0.0,1.198433691976263,-0.02888600707293564,4.743875413071371,-13.345560965566465,-0.3390413068964015,-3.617069931068315
5.172200000002066,0.0,0.0,0.0,0.0,0.0,0.0,1.1731119035930166,-0.14206325961177038,4.7537194224505335,-13.379875763874862,-0.3467776193654609,-3.658759438620306
5.17420000000207,0.0,0.0,0.0,0.0,0.0,0.0,1.140634282964917,-0.2534556165596625,4.769668692064264,-13.417147213742588,-0.3551476371651454,-3.697490502857397
5.1762000000020745,0.0,0.0,0.0,0.0,0.0,0.0,1.1007725745119676,-0.3620667626965105,4.791577125907085,-13.457487776579622,-0.3641151244735628,-3.7330945111252665
5.178200000002079,0.0,0.0,0.0,0.0,0.0,0.0,1.0534107530699461,-0.46681713400111063,4.81923463631948,-13.501024869938133,-0.37362634822433805,-3.765382752427164
5.180200000002083,0.0,0.0,0.0,0.0,0.0,0.0,0.998569805450156,-0.5665656662021769,4.852355380896396,-13.547899971305581,-0.3836080686571884,-3.794147765706887
5.182200000002087,0.0,0.0,0.0,0.0,0.0,0.0,0.9364290841117469,-0.6601387831697664,4.890568486484021,-13.598266651430611,-0.39396542201903945,-3.819165912949054
5.184200000002091,0.0,0.0,0.0,0.0,0.0,0.0,0.8826850835469585,-0.7411737295786311,4.942016335370368,-13.65228692877071,-0.40457969084230133,-3.8402022151285
5.186200000002096,0.0,0.0,0.0,0.0,0.0,0.0,0.8082080038928413,-0.8209035111518179,4.988032048559833,-13.71011756473026,-0.41530119506532576,-3.8570513107313826
5.1882000000021,0.0,0.0,0.0,0.0,0.0,0.0,0.7277232145956236,-0.8912661550812853,5.037624811386175,-13.771912199928332,-0.4259576580120128,-3.8694968616635492
5.190200000002104,0.0,0.0,0.0,0.0,0.0,0.0,0.6421300161572091,-0.9513130871781988,5.090089736549861,-13.83781122175939,-0.4363521143057065,-3.8773196755190193
5.192200000002108,0.0,0.0,0.0,0.0,0.0,0.0,0.5524891541621013,-1.000268929287452,5.144651358127287,-13.907921437914755,-0.4462587955871505,-3.8803351856622696
5.1942000000021125,0.0,0.0,0.0,0.0,0.0,0.0,0.4599930307574881,-1.037567986254271,5.2004813199077535,-13.982295832668358,-0.4554241874036774,-3.878415015675518
5.196200000002117,0.0,0.0,0.0,0.0,0.0,0.0,0.3659261309999623,-1.0628807865123735,5.256719882053713,-14.060909413810094,-0.4635698869271155,-3.8715124886924546
5.198200000002121,0.0,0.0,0.0,0.0,0.0,0.0,0.2684684018717232,-1.0720553886112854,5.30904078846765,-14.143629684664848,-0.4704007402773705,-3.8596896004872576
5.200200000002125,0.0,0.0,0.0,0.0,0.0,0.0,0.17562257486977106,-1.0725928479051725,5.362981517021358,-14.230181339063767,-0.47562367086695095,-3.8431393885533085
5.202200000002129,0.0,0.0,0.0,0.0,0.0,0.0,0.08527144869632237,-1.0617164477517897,5.41478499015692,-14.320154638155834,-0.4789307112179194,-3.8222147409076013
5.204200000002134,0.0,0.0,0.0,0.0,0.0,0.0,-0.0014075416522751196,-1.0400487555689684,5.463723819405174,-14.412982256345957,-0.48002337534580625,-3.797437405752583
5.206200000002138,0.0,0.0,0.0,0.0,0.0,0.0,-0.08335199584826472,-1.0083915978497104,5.509162420228028,-14.507942413954595,-0.4786299598343186,-3.7694918854762403
5.208200000002142,0.0,0.0,0.0,0.0,0.0,0.0,-0.1596270163848202,-0.9677006652767228,5.5505737502051,-14.604184426658387,-0.47452041727897276,-3.739199859278491
5.210200000002146,0.0,0.0,0.0,0.0,0.0,0.0,-0.22942927837595414,-0.9190657637018992,5.587549450141276,-14.700773784756665,-0.46751942650925676,-3.707474706913875
5.2122000000021504,0.0,0.0,0.0,0.0,0.0,0.0,-0.29209010497294285,-0.8636943579040123,5.6198027734352625,-14.79675170129479,-0.45751569171758993,-3.675261323110173
5.214200000002155,0.0,0.0,0.0,0.0,0.0,0.0,-0.3470836991591048,-0.8028921213414849,5.64716538966521,-14.89119987191078,-0.4444659994824943,-3.6434706577711964
5.216200000002159,0.0,0.0,0.0,0.0,0.0,0.0,-0.3940416905421341,-0.7380343368864176,5.669580554862586,-14.983299489179236,-0.42839350301374945,-3.612920106452261
5.218200000002163,0.0,0.0,0.0,0.0,0.0,0.0,-0.43276956492525903,-0.6705261627956288,5.687095247260323,-15.072375177274948,-0.4093807973578879,-3.584289186815143
5.220200000002167,0.0,0.0,0.0,0.0,0.0,0.0,-0.46325787696409,-0.6017551284021188,5.699852570777114,-15.157918745685626,-0.38755923481913873,-3.5580956164844766
5.2222000000021715,0.0,0.0,0.0,0.0,0.0,0.0,-0.4856825642588286,-0.5330425276195803,5.7080840100640575,-15.23959268786776,-0.36309635120069006,-3.534691810896123
5.224200000002176,0.0,0.0,0.0,0.0,0.0,0.0,-0.5003925506415217,-0.4656004030055081,5.71210016120488,-15.317217330524889,-0.3361831902835051,-3.5142778100511585
5.22620000000218,0.0,0.0,0.0,0.0,0.0,0.0,-0.507886565282169,-0.400498535432602,5.712278785399689,-15.390747494098967,-0.30702287459086747,-3.4969246959151286
5.228200000002184,0.0,0.0,0.0,0.0,0.0,0.0,-0.514644202799713,-0.32384752342141937,5.694679066682081,-15.460244557547211,-0.27582247854381037,-3.482598939329372
5.230200000002188,0.0,0.0,0.0,0.0,0.0,0.0,-0.5073054556543957,-0.26555676678408874,5.687237152367461,-15.525848045895634,-0.24280071757750638,-3.4711473575547687
5.232200000002193,0.0,0.0,0.0,0.0,0.0,0.0,-0.49470120876084916,-0.21215267111671982,5.677373884754446,-15.587748783012877,-0.20815467351244996,-3.4624020835988314
5.234200000002197,0.0,0.0,0.0,0.0,0.0,0.0,-0.47766055242787336,-0.16402376640323008,5.665595739539685,-15.64616980398299,-0.1720633276752465,-3.4561837643083275
5.236200000002201,0.0,0.0,0.0,0.0,0.0,0.0,-0.45700977096929857,-0.12139439889377342,5.652393511731417,-15.701350786599221,-0.13469149621369325,-3.4523014172333997
5.238200000002205,0.0,0.0,0.0,0.0,0.0,0.0,-0.433550147065301,-0.08434143368261962,5.6382294447792765,-15.7535363991377,-0.0961891918675512,-3.450563865566881
5.2402000000022095,0.0,0.0,0.0,0.0,0.0,0.0,-0.40804056781815606,-0.052813250647448344,5.623527243851318,-15.802968227742202,-0.05669172763081047,-3.450787617258497
5.242200000002214,0.0,0.0,0.0,0.0,0.0,0.0,-0.38118463742105585,-0.026649768488544077,5.608664939731989,-15.849879538046384,-0.01632030619611338,-3.4528019494988915
5.244200000002218,0.0,0.0,0.0,0.0,0.0,0.0,-0.35362184388242796,-0.005602500946485672,5.593970369669188,-15.894492175445006,0.02481709571199262,-3.4564519059518237
5.246200000002222,0.0,0.0,0.0,0.0,0.0,0.0,-0.32592224852551377,0.010646109203756955,5.579718930456782,-15.937015015851204,0.06662468361290153,-3.4615998036649103
5.248200000002226,0.0,0.0,0.0,0.0,0.0,0.0,-0.29858413854038823,0.022464618928647956,5.566133214006567,-15.977643500474748,0.1090177341118435,-3.4681257228907425
5.250200000002231,0.0,0.0,0.0,0.0,0.0,0.0,-0.27203408843352805,0.03025613123878606,5.553384135328833,-16.016559901519486,0.1519214758086846,-3.4759273385833263
5.252200000002235,0.0,0.0,0.0,0.0,0.0,0.0,-0.24662890565155607,0.034443656829870065,5.5415931905043525,-16.053934061336093,0.1952699985108127,-3.484919356337493
5.254200000002239,0.0,0.0,0.0,0.0,0.0,0.0,-0.22265898156633326,0.03545736106047472,5.530835525815763,-16.089924423512045,0.23900521081792755,-3.495032739844156
5.256200000002243,0.0,0.0,0.0,0.0,0.0,0.0,-0.20035262534842546,0.033723666839307324,5.521143550354822,-16.124679232284556,0.2830758551902877,-3.5062138597939136
5.2582000000022475,0.0,0.0,0.0,0.0,0.0,0.0,-0.17988101989868985,0.02965611107922038,5.512510877527877,-16.15833781955701,0.3274365823470175,-3.518423652480296
5.260200000002252,0.0,0.0,0.0,0.0,0.0,0.0,-0.16136350172749117,0.023647803181262136,5.504896432310259,-16.191031929926567,0.3720470821090073,-3.531636846860058
5.262200000002256,0.0,0.0,0.0,0.0,0.0,0.0,-0.14487292719384218,0.016065305189208852,5.498228608620503,-16.222887056405384,0.4168712647536829,-3.5458412986015597
5.26420000000226,0.0,0.0,0.0,0.0,0.0,0.0,-0.13044094351604765,0.007243741257125384,5.49240940355987,-16.254023775343455,0.4618764849812163,-3.5610374563042337
5.266200000002264,0.0,0.0,0.0,0.0,0.0,0.0,-0.11806303298698029,-0.0025170545400239196,5.487318491947759,-16.28455908032111,0.5070327992779259,-3.577237976747847
5.268200000002269,0.0,0.0,0.0,0.0,0.0,0.0,-0.10770324215742688,-0.01295553136526175,5.482817235501518,-16.314607722898582,0.5523122465045462,-3.59446750134028
5.270200000002273,0.0,0.0,0.0,0.0,0.0,0.0,-0.09929854425884414,-0.023850715794310223,5.478752646370572,-16.344283574141468,0.5976881407240872,-3.6127626038601295
5.272200000002277,0.0,0.0,0.0,0.0,0.0,0.0,-0.09276281311510426,-0.03502394232667287,5.47496134490346,-16.373701025540253,0.6431343644634187,-3.6321719194003403
5.274200000002281,0.0,0.0,0.0,0.0,0.0,0.0,-0.0879904108138235,-0.046340127003124676,5.4712735669137365,-16.402976451835,0.6886246496586133,-3.65275646557506
5.2762000000022855,0.0,0.0,0.0,0.0,0.0,0.0,-0.08485941020555898,-0.057708659676546495,5.467517286699539,-16.432229761676677,0.7341318323727984,-3.674590169142847
5.27820000000229,0.0,0.0,0.0,0.0,0.0,0.0,-0.08323448767911996,-0.06908395730411351,5.463522528962172,-16.46158606516742,0.7796270659161363,-3.6977606138694683
5.280200000002294,0.0,0.0,0.0,0.0,0.0,0.0,-0.08296953244371479,-0.08046568582378341,5.4591259457429615,-16.491177490105674,0.825078975168176,-3.7223700283284056
5.282200000002298,0.0,0.0,0.0,0.0,0.0,0.0,-0.083910026539975,-0.09189862172196409,5.454175733591821,-16.521145180981353,0.8704527326394722,-3.7485365349353397
5.284200000002302,0.0,0.0,0.0,0.0,0.0,0.0,-0.08589525580097941,-0.10347208591351326,5.448536961257312,-16.551641515876792,0.9157090340637128,-3.776395683126929
5.286200000002307,0.0,0.0,0.0,0.0,0.0,0.0,-0.08876041682146513,-0.11531884126559767,5.4420973688719085,-16.58283257543649,0.9608029480673601,-3.8061022891221183
5.288200000002311,0.0,0.0,0.0,0.0,0.0,0.0,-0.09233868960933844,-0.12761329973981966,5.434773685146501,-16.61490089329206,1.0056826107684613,-3.837832600401581
5.290200000002315,0.0,0.0,0.0,0.0,0.0,0.0,-0.09646335115318055,-0.14056883381618784,5.426518488037477,-16.648048506043754,1.050287732177951,-3.8717867921561475
5.292200000002319,0.0,0.0,0.0,0.0,0.0,0.0,-0.10097001316940787,-0.1544339269894529,5.417327603904436,-16.682500298807064,1.0945478774003583,-3.9081917812016824
5.2942000000023235,0.0,0.0,0.0,0.0,0.0,0.0,-0.10569907976943245,-0.16948682650051736,5.407247994876268,-16.718507602803424,1.1383804826163983,-3.9473043036738433
5.296200000002328,0.0,0.0,0.0,0.0,0.0,0.0,-0.11049853999883649,-0.18602827519395135,5.396386013491518,-16.756351934541684,1.181688565064349,-3.989414136384461
5.298200000002332,0.0,0.0,0.0,0.0,0.0,0.0,1.4556379045206227,-1.0825173530804992,6.950137161982351,-16.79556376872651,1.2232517770458702,-4.033140273821462
5.300200000002336,0.0,0.0,0.0,0.0,0.0,0.0,1.260606060299505,-0.9631167183714916,7.055287387278107,-16.832433115970918,1.2579268893986346,-4.070378538981068
5.30220000000234,0.0,0.0,0.0,0.0,0.0,0.0,1.055511043312782,-0.8430353610537814,7.082903639658923,-16.866531627138876,1.286010552810451,-4.100607212207135
5.304200000002345,0.0,0.0,0.0,0.0,0.0,0.0,0.8872179419303321,-0.7411400763550549,7.028165083830407,-16.898023834889816,1.3084391505145518,-4.124530472934513
5.306200000002349,0.0,0.0,0.0,0.0,0.0,0.0,0.7381130471586418,-0.6567766178636751,6.9312964603165135,-16.927067355847644,1.3260218470049365,-4.1427609705175525
5.308200000002353,0.0,0.0,0.0,0.0,0.0,0.0,0.6074832439547673,-0.5892556067410594,6.809811493246226,-16.953838043778646,1.3394609384225606,-4.155884884540844
5.310200000002357,0.0,0.0,0.0,0.0,0.0,0.0,0.49344947636319647,-0.5361047815121797,6.676595859847124,-16.978521331347203,1.3493666686778174,-4.164453589684167
5.3122000000023615,0.0,0.0,0.0,0.0,0.0,0.0,0.3937768165611565,-0.49423128395499066,6.540730043800214,-17.001305625905434,1.3562697471938492,-4.168979279243333
5.314200000002366,0.0,0.0,0.0,0.0,0.0,0.0,0.30632030383430814,-0.4606063075127933,6.408364129515016,-17.022378051806907,1.3606319582574802,-4.169934736259916
5.31620000000237,0.0,0.0,0.0,0.0,0.0,0.0,0.22923003575191722,-0.43261551414749555,6.283486321652855,-17.04192166312076,1.3628551716957424,-4.1677552192245715
5.318200000002374,0.0,0.0,0.0,0.0,0.0,0.0,0.16101076394626768,-0.40819547206481205,6.168530540506563,-17.060113475679803,1.3632890271419034,-4.162841043160046
5.320200000002378,0.0,0.0,0.0,0.0,0.0,0.0,0.10050203731774703,-0.3858437564569426,6.064826641776496,-17.07712291920808,1.3622375194678462,-4.155560036448243
5.322200000002383,0.0,0.0,0.0,0.0,0.0,0.0,0.04682128308313281,-0.3645611897614408,5.972921874370264,-17.093110514652693,1.359964670524569,-4.146249516869349
5.324200000002387,0.0,0.0,0.0,0.0,0.0,0.0,-0.0007045692400976237,-0.34376307296417674,5.892807643456924,-17.108226718462237,1.3566994363332308,-4.135217734711979
5.326200000002391,0.0,0.0,0.0,0.0,0.0,0.0,-0.04260439620596613,-0.3231817745924896,5.824081523836333,-17.122610950292657,1.3526399701540894,-4.122744898583211
5.328200000002395,0.0,0.0,0.0,0.0,0.0,0.0,-0.07931768711297091,-0.30277380500785844,5.766066953782713,-17.136390848688283,1.3479573396073337,-4.109083966121021
5.3302000000023995,0.0,0.0,0.0,0.0,0.0,0.0,-0.11123592560336389,-0.28263863215260504,5.717905469274507,-17.149681796945554,1.3427987788272764,-4.094461381937279
5.332200000002404,0.0,0.0,0.0,0.0,0.0,0.0,-0.13873046877959128,-0.2629526507344502,5.678630239165989,-17.16258674260763,1.33729054312129,-4.079077907795697
5.334200000002408,0.0,0.0,0.0,0.0,0.0,0.0,-0.1621685528082784,-0.243919117770057,5.64722548173167,-17.175196309526346,1.3315404226848917,-4.0631096372512046
5.336200000002412,0.0,0.0,0.0,0.0,0.0,0.0,-0.18146526543617622,-0.2262287928718966,5.623348404441105,-17.18758915678342,1.3256399342197722,-4.0467091883606905
5.338200000002416,0.0,0.0,0.0,0.0,0.0,0.0,-0.18728524002203492,-0.22173427365559845,5.619953032395092,-17.199819151115967,1.319648377788515,-4.029978709658805
5.340200000002421,0.0,0.0,0.0,0.0,0.0,0.0,-0.19308988249952624,-0.21703426562967612,5.616524841550975,-17.21189783212437,1.313569216720393,-4.012931742974636
5.342200000002425,0.0,0.0,0.0,0.0,0.0,0.0,-0.19887730204330525,-0.21211964770164332,5.613066016512516,-17.223830541274065,1.3073971973390355,-3.995568354004603
5.344200000002429,0.0,0.0,0.0,0.0,0.0,0.0,-0.2046450353512698,-0.20698081943156893,5.609579185046825,-17.23562292188013,1.3011268871815769,-3.9778887397296856
5.346200000002433,0.0,0.0,0.0,0.0,0.0,0.0,-0.2103899885081583,-0.20160772503795554,5.6060674588416735,-17.247280935106186,1.294752683818132,-3.959893238110461
5.3482000000024374,0.0,0.0,0.0,0.0,0.0,0.0,-0.21610837691214135,-0.19598988359049668,5.602534475846125,-17.25881087557123,1.2882688249403715,-3.9415823371580236
5.350200000002442,0.0,0.0,0.0,0.0,0.0,0.0,-0.22179566349290625,-0.1901164260002233,5.598984444037693,-17.270219386443014,1.2816693997941222,-3.9229566832570435
5.352200000002446,0.0,0.0,0.0,0.0,0.0,0.0,-0.22744649550932114,-0.1839761394430432,5.595422186415567,-17.281513473891966,1.2749483620290638,-3.9040170886134713
5.35420000000245,0.0,0.0,0.0,0.0,0.0,0.0,-0.23305464028134348,-0.17755751987332002,5.591853186970557,-17.292700520775707,1.268099544035908,-3.884764537696802
5.356200000002454,0.0,0.0,0.0,0.0,0.0,0.0,-0.2386129202847815,-0.17084883329841874,5.588283637328274,-17.303788299422013,1.2611166728379055,-3.8652001925456614
5.3582000000024586,0.0,0.0,0.0,0.0,0.0,0.0,-0.24411314811882268,-0.16383818649163437,5.584720483702424,-17.31478498337684,1.253993387599023,-3.8453253968059116
5.360200000002463,0.0,0.0,0.0,0.0,0.0,0.0,-0.24954606194493198,-0.1565136078178846,5.581171473730125,-17.325699157984452,1.2467232588057233,-3.825141678372779
5.362200000002467,0.0,0.0,0.0,0.0,0.0,0.0,-0.25490126209158437,-0.14886313883208022,5.577645202690906,-17.33653982966906,1.2392998091728535,-3.8046507505127787
5.364200000002471,0.0,0.0,0.0,0.0,0.0,0.0,-0.2601671496219517,-0.14087493728227474,5.574151158535715,-17.34731643379116,1.231716536316762,-3.7838545113477062
5.366200000002475,0.0,0.0,0.0,0.0,0.0,0.0,-0.265330867770466,-0.13253739210629875,5.5706997650724634,-17.358038840957907,1.2239669372304032,-3.7627550415917765
5.36820000000248,0.0,0.0,0.0,0.0,0.0,0.0,-0.27037824726827936,-0.12383925094941312,5.567302422570759,-17.368717361674708,1.2160445345858648,-3.741354600444241
5.370200000002484,0.0,0.0,0.0,0.0,0.0,0.0,-0.2752937566957809,-0.11476976064921905,5.5639715449615155,-17.37936274923516,1.2079429048795018,-3.7196556195535684
5.372200000002488,0.0,0.0,0.0,0.0,0.0,0.0,-0.2800604591210462,-0.10531882103020963,5.560720592718072,-17.389986200758422,1.1996557084237858,-3.6976606949855793
5.374200000002492,0.0,0.0,0.0,0.0,0.0,0.0,-0.28465997640434293,-0.09547715222164617,5.5575641004157035,-17.40059935629683,1.1911767211780375,-3.675372577146697
5.3762000000024965,0.0,0.0,0.0,0.0,0.0,0.0,-0.28907246266837716,-0.08523647555652751,5.554517697877562,-17.411214295951993,1.1824998683976264,-3.6527941586347015
5.378200000002501,0.0,0.0,0.0,0.0,0.0,0.0,-0.29327658854887523,-0.07458970792418095,5.551598123729163,-17.421843534954622,1.1736192600679405,-3.629928460012827
5.380200000002505,0.0,0.0,0.0,0.0,0.0,0.0,-0.29724953794716835,-0.06353116923249356,5.548823230102865,-17.432500016681338,1.164529228075673,-3.6067786135286077
5.382200000002509,0.0,0.0,0.0,0.0,0.0,0.0,-0.3009670191017773,-0.05205680238656788,5.546211977161033,-17.443197103600735,1.1552243650557708,-3.5833478448262315
5.384200000002513,0.0,0.0,0.0,0.0,0.0,0.0,-0.30440329187528414,-0.04016440490742519,5.543784416044927,-17.453948566160125,1.1456995648378752,-3.559639452730006
5.386200000002518,0.0,0.0,0.0,0.0,0.0,0.0,-0.3075312132111266,-0.027853870996964018,5.541561658809121,-17.464768569643876,1.135950064401391,-3.5356567872065523
5.388200000002522,0.0,0.0,0.0,0.0,0.0,0.0,-0.3103223027470289,-0.015127442504054104,5.539565833872473,-17.475671659052665,1.1259714872334872,-3.511403225644097
5.390200000002526,0.0,0.0,0.0,0.0,0.0,0.0,-0.31274683057171626,-0.0019899668626235188,5.537820025510319,-17.486672742070695,1.1157598879695332,-3.486882147618304
5.39220000000253,0.0,0.0,0.0,0.0,0.0,0.0,-0.31477392907323243,0.011550840341541975,5.536348195933364,-17.49778707020377,1.1053117981807115,-3.4620969083450714
5.3942000000025345,0.0,0.0,0.0,0.0,0.0,0.0,-0.3163717307440391,0.025484130959072555,5.53517508855116,-17.509030218184602,1.0946242731589304,-3.437050811051138
5.396200000002539,0.0,0.0,0.0,0.0,0.0,0.0,-0.31750753367354945,0.03979566126573076,5.534326111107137,-17.520418061752633,1.0836949395347193,-3.411747078522829
5.398200000002543,0.0,0.0,0.0,0.0,0.0,0.0,-0.31814799626638823,0.05446753407244514,5.533827197502589,-17.53196675392313,1.0725220435495204,-3.386188824121348
5.400200000002547,0.0,0.0,0.0,0.0,0.0,0.0,-0.31825936246810266,0.06947795015821195,5.5337046473034945,-17.54369269986385,1.0611044997897197,-3.3603790225794365
5.402200000002551,0.0,0.0,0.0,0.0,0.0,0.0,-0.3178077184537134,0.08480097370218292,5.533984942150861,-17.555612530497164,1.0494419401758173,-3.3343204809185716
5.404200000002556,0.0,0.0,0.0,0.0,0.0,0.0,-0.31675928133366327,0.10040631684733271,5.5346945385761295,-17.567743074940324,1.0375347629862952,-3.30801580984797
5.40620000000256,0.0,0.0,0.0,0.0,0.0,0.0,-0.31508071995283743,0.11625914895027352,5.535859637060704,-17.580101331886613,1.025384181681883,-3.2814673960263474
5.408200000002564,0.0,0.0,0.0,0.0,0.0,0.0,-0.31273950729968236,0.13231993644327675,5.537505927574746,-17.59270444001553,1.012992273281984,-3.254677375584485
5.410200000002568,0.0,0.0,0.0,0.0,0.0,0.0,-0.30970430340439786,0.14854431953626104,5.539658312284888,-17.60556964750008,1.0003620260308408,-3.2276476093212128
5.4122000000025725,0.0,0.0,0.0,0.0,0.0,0.0,-0.3059453668905513,0.16488303219851166,5.542340606631911,-17.61871428065499,0.9874973860764906,-3.2003796599973824
5.414200000002577,0.0,0.0,0.0,0.0,0.0,0.0,-0.30143499255923695,0.1812818719605367,5.54557522054393,-17.63215571174038,0.9744033028705446,-3.172874772161916
5.416200000002581,0.0,0.0,0.0,0.0,0.0,0.0,-0.2961479715383498,0.19768172604423898,5.549382822161817,-17.645911325902087,0.9610857729811588,-3.145133854951134
5.418200000002585,0.0,0.0,0.0,0.0,0.0,0.0,-0.2900620696347068,0.21401866014291027,5.553781987102734,-17.65999848719303,0.9475518819951715,-3.117157468307414
5.420200000002589,0.0,0.0,0.0,0.0,0.0,0.0,-0.28315851860062696,0.2302240758112543,5.5587888369627905,-17.674434503579775,0.9338098441681009,-3.0889458130659517
5.422200000002594,0.0,0.0,0.0,0.0,0.0,0.0,-0.27542251409027374,0.24622494187168228,5.564416671446325,-17.68923659079659,0.9198690394625044,-3.0604987253589893
5.424200000002598,0.0,0.0,0.0,0.0,0.0,0.0,-0.2668437131596919,0.2619441044817772,5.5706755991892765,-17.704421834865574,0.9057400475960192,-3.031815675785382
5.426200000002602,0.0,0.0,0.0,0.0,0.0,0.0,-0.25741672328692217,0.27730067952915477,5.57757217299727,-17.720007153058297,0.8914346787002746,-3.0028957737896373
5.428200000002606,0.0,0.0,0.0,0.0,0.0,0.0,-0.24714157408707105,0.29221052981952805,5.585109035822255,-17.736009253031714,0.8769660001708566,-2.9737377776883176
5.4302000000026105,0.0,0.0,0.0,0.0,0.0,0.0,-0.23602416220652855,0.30658682810441473,5.593284584329954,-17.752444589831644,0.8623483592667796,-2.944340110772509
5.432200000002615,0.0,0.0,0.0,0.0,0.0,0.0,-0.22407665933700924,0.32034070536743303,5.60209265733795,-17.76932932042125,0.847597400995713,-2.914700883902254
5.434200000002619,0.0,0.0,0.0,0.0,0.0,0.0,-0.2113178729305769,0.33338198197231017,5.611522256704129,-17.78667925536258,0.8327300807988968,-2.8848179249915065
5.436200000002623,0.0,0.0,0.0,0.0,0.0,0.0,-0.19777354905689237,0.3456199773009692,5.621557308391774,-17.80450980725729,0.8177646715277259,-2.8546888157591557
5.438200000002627,0.0,0.0,0.0,0.0,0.0,0.0,-0.18347660695655799,0.35696439141571534,5.63217647140649,-17.822835935540972,0.8027207641830201,-2.824310936091474
5.440200000002632,0.0,0.0,0.0,0.0,0.0,0.0,-0.1684672952379715,0.36732625011461323,5.643353002070429,-17.84167208722614,0.7876192618688065,-2.7936815163223203
5.442200000002636,0.0,0.0,0.0,0.0,0.0,0.0,-0.15279326036164442,0.37661890257164937,5.655054680654255,-17.86103213320397,0.7724823663960062,-2.762797697687474
5.44420000000264,0.0,0.0,0.0,0.0,0.0,0.0,-0.13650951906901948,0.3847590586291214,5.667243806716119,-17.8809292997477,0.7573335569588848,-2.7316566011464274
5.446200000002644,0.0,0.0,0.0,0.0,0.0,0.0,-0.11967832774661812,0.39166785081090616,5.679877268595361,-17.90137609491266,0.7421975602999246,-2.700255404686391
5.4482000000026485,0.0,0.0,0.0,0.0,0.0,0.0,-0.10236894336317197,0.39727190432751586,5.69290669138072,-17.922384229602972,0.7271003117784869,-2.6685914291266166
5.450200000002653,0.0,0.0,0.0,0.0,0.0,0.0,-0.08465727255745926,0.4015043968238483,5.7062786663308716,-17.943964533174494,0.712068906767149,-2.6366622323240225
5.452200000002657,0.0,0.0,0.0,0.0,0.0,0.0,-0.06662540765516216,0.40430608845305716,5.719935063190771,-17.966126863570427,0.6971315418189941,-2.60446571154114
5.454200000002661,0.0,0.0,0.0,0.0,0.0,0.0,-0.04836105080803094,0.4056263021137622,5.7338134251508155,-17.988880012141653,0.6823174450817128,-2.5720002135728035
5.456200000002665,0.0,0.0,0.0,0.0,0.0,0.0,-0.029956830020228392,0.4054238334229728,5.747847444376789,-18.012231603489003,0.6676567954826206,-2.5392646520373647
5.45820000000267,0.0,0.0,0.0,0.0,0.0,0.0,-0.011509513484943983,0.40366777026096995,5.761967514143314,-18.03618799088006,0.6531806302751682,-2.506258631021336
5.460200000002674,0.0,0.0,0.0,0.0,0.0,0.0,0.006880868678952557,0.4003382025487721,5.776101351685531,-18.06075414803702,0.6389207406248286,-2.472982574023968
5.462200000002678,0.0,0.0,0.0,0.0,0.0,0.0,0.02511198361077352,0.39542680431732646,5.790174684000592,-18.085933558361916,0.6249095550228351,-2.4394378568828707
5.464200000002682,0.0,0.0,0.0,0.0,0.0,0.0,0.04308022170931024,0.38893727209359635,5.804111987042613,-18.11172810295676,0.611180010452286,-2.405626943077625
5.4662000000026865,0.0,0.0,0.0,0.0,0.0,0.0,0.060681773179877926,0.3808856061342913,5.817837267122584,-18.138137949101967,0.5977654113943228,-2.3715535195118314
5.468200000002691,0.0,0.0,0.0,0.0,0.0,0.0,0.0778137370274194,0.3713002240337673,5.831274871906865,-18.16516144116743,0.5846992769533305,-2.3372226305742054
5.470200000002695,0.0,0.0,0.0,0.0,0.0,0.0,0.09437524298697182,0.3602218996480735,5.844350317258595,-18.192794996235584,0.5720151765993593,-2.3026408079873635
5.472200000002699,0.0,0.0,0.0,0.0,0.0,0.0,0.11026856595962076,0.347703524023166,5.856991115332999,-18.221033006999775,0.5597465552718544,-2.2678161936828856
5.474200000002703,0.0,0.0,0.0,0.0,0.0,0.0,0.1254002121376448,0.33380968898553776,5.869127588859533,-18.24986775474894,0.5479265488583857,-2.2327586527091845
5.476200000002708,0.0,0.0,0.0,0.0,0.0,0.0,0.13968195619155294,0.31861609812909886,5.880693656449852,-18.279289335441604,0.5365877913506892,-2.197479873002493
5.478200000002712,0.0,0.0,0.0,0.0,0.0,0.0,0.1530318096692036,0.3022088139846048,5.891627574078415,-18.309285601990275,0.5257622152812569,-2.161993448749972
5.480200000002716,0.0,0.0,0.0,0.0,0.0,0.0,0.16537490211592354,0.2846833540545699,5.901872618597037,-18.339842125902234,0.5154808473482406,-2.1263149440661726
5.48220000000272,0.0,0.0,0.0,0.0,0.0,0.0,0.17664425833446412,0.2661436520052693,5.911377700257914,-18.370942181335813,0.5057736014338262,-2.090461933807493
5.4842000000027245,0.0,0.0,0.0,0.0,0.0,0.0,0.18678145761185955,0.24670090350172577,5.920097892709652,-18.402566754419627,0.4966690714990538,-2.05445401857824
5.486200000002729,0.0,0.0,0.0,0.0,0.0,0.0,0.1957371635715223,0.22647231883689667,5.927994870762198,-18.434694580333645,0.4881943270825211,-2.0183128113464006
5.488200000002733,0.0,0.0,0.0,0.0,0.0,0.0,0.20347151646870149,0.20557980654446406,5.935037248340036,-18.467302210162845,0.4803747143270434,-1.9820618935909198
5.490200000002737,0.0,0.0,0.0,0.0,0.0,0.0,0.2099543831244758,0.18414861352014042,5.941200811396459,-18.500364108909995,0.47323366559277125,-1.9457267395411733
5.492200000002741,0.0,0.0,0.0,0.0,0.0,0.0,0.21516546316504984,0.16230594776021282,5.946468643071214,-18.53385278530568,0.46679252077420225,-1.9093346078307158
5.4942000000027456,0.0,0.0,0.0,0.0,0.0,0.0,0.21909425367100047,0.14017960964004605,5.950831140955835,-18.567738953203417,0.46107036341074864,-1.8729144007494076
5.49620000000275,0.0,0.0,0.0,0.0,0.0,0.0,0.22173987761761785,0.1178966567139517,5.954285928895067,-18.601991723425954,0.45608387455798255,-1.8364964922098896
5.498200000002754,0.0,0.0,0.0,0.0,0.0,0.0,0.22311078448393104,0.09558212536966033,5.956837668206143,-18.6365788239737,0.4518472071654159,-1.8001125265075686
5.500200000002758,0.0,0.0,0.0,0.0,0.0,0.0,0.22833754108659068,0.0753264811353086,5.961503129023527,-18.671468436537324,0.4483688686797749,-1.7637920439524684
5.502200000002762,0.0,0.0,0.0,0.0,0.0,0.0,0.22753199686272244,0.0528261277274649,5.9626858561314435,-18.706632554086536,0.44564606422824704,-1.727556102742516
5.504200000002767,0.0,0.0,0.0,0.0,0.0,0.0,0.22546086863289141,0.03060180266582501,5.962986530214426,-18.74203662220095,0.4436847430022269,-1.6914379512481985
5.506200000002771,0.0,0.0,0.0,0.0,0.0,0.0,0.22216282041289656,0.008768796321917205,5.962431841700669,-18.777645004888623,0.4424893177209234,-1.6554724691034994
5.508200000002775,0.0,0.0,0.0,0.0,0.0,0.0,0.21768386641707532,-0.012564468067662222,5.961053937835345,-18.813421969390863,0.44206135058128826,-1.619694536110219
5.510200000002779,0.0,0.0,0.0,0.0,0.0,0.0,0.2120765569852973,-0.03329717539419197,5.958889825754345,-18.849331992751736,0.4423995767561848,-1.5841387437863075
5.5122000000027835,0.0,0.0,0.0,0.0,0.0,0.0,0.2053991262573413,-0.05333671192635396,5.955980742535861,-18.885340063230466,0.4434999558904946,-1.5488391110814959
5.514200000002788,0.0,0.0,0.0,0.0,0.0,0.0,0.19771461900725545,-0.0725991104922759,5.952371505873736,-18.921411970582486,0.4453557502501121,-1.5138288102329651
5.516200000002792,0.0,0.0,0.0,0.0,0.0,0.0,0.18909001309186546,-0.09100935050262736,5.948109858364455,-18.957514579632207,0.447957627610504,-1.479139908336588
5.518200000002796,0.0,0.0,0.0,0.0,0.0,0.0,0.17959535269110785,-0.10850151856815375,5.9432458174249785,-18.993616082156926,0.45129378647521107,-1.4448031296125852
5.5202000000028,0.0,0.0,0.0,0.0,0.0,0.0,0.16930290600552,-0.12501883787674214,5.937831041636183,-19.02968622286254,0.45535010080811406,-1.4108476425833474
5.522200000002805,0.0,0.0,0.0,0.0,0.0,0.0,0.15828635940489375,-0.14051357645361714,5.93191822291368,-19.065696496113514,0.46011028115898417,-1.3773008754990956
5.524200000002809,0.0,0.0,0.0,0.0,0.0,0.0,0.14662005825967445,-0.15494684593579758,5.925560512419289,-19.101620311035113,0.46555604886651786,-1.344188362391878
5.526200000002813,0.0,0.0,0.0,0.0,0.0,0.0,0.13437830289037744,-0.16828830356822208,5.918810986609123,-19.13743312358553,0.4716673199376324,-1.3115336211590558
5.528200000002817,0.0,0.0,0.0,0.0,0.0,0.0,0.12163470628663471,-0.18051577080508624,5.911722158324851,-19.173112535153273,0.47842239522172497,-1.279358064120259
5.5302000000028215,0.0,0.0,0.0,0.0,0.0,0.0,0.10846161851278248,-0.19161478221421496,5.904345536417345,-19.20863835812983,0.48579815361464074,-1.2476809405977134
5.532200000002826,0.0,0.0,0.0,0.0,0.0,0.0,0.09492962105994629,-0.20157807837710684,5.896731236078651,-19.24399264970594,0.4937702452263027,-1.2165193102721168
5.53420000000283,0.0,0.0,0.0,0.0,0.0,0.0,0.08110709284708466,-0.21040505619426791,5.8889276408699835,-19.279159715816913,0.5023132817128633,-1.1858880453892513
5.536200000002834,0.0,0.0,0.0,0.0,0.0,0.0,0.06705984813301223,-0.2181011894867295,5.880981116381466,-19.31412608770422,0.5114010212919972,-1.155799859351164
5.538200000002838,0.0,0.0,0.0,0.0,0.0,0.0,0.05285084529175273,-0.22467743206908133,5.872935774547594,-19.348880473959753,0.5210065463115066,-1.1262653588259808
5.540200000002843,0.0,0.0,0.0,0.0,0.0,0.0,0.03853996423531776,-0.23014961459458147,5.864833286869495,-19.383413691178983,0.5311024316104069,-1.097293116250034
5.542200000002847,0.0,0.0,0.0,0.0,0.0,0.0,0.024183849249612532,-0.23453784547402642,5.856712744155557,-19.417718576477924,0.5416609022832933,-1.0688897594661388
5.544200000002851,0.0,0.0,0.0,0.0,0.0,0.0,0.00983581314554005,-0.23786592508025312,5.848610559878753,-19.451789885140435,0.5526539798202584,-1.041060075228634
5.546200000002855,0.0,0.0,0.0,0.0,0.0,0.0,-0.004454202078964163,-0.2401607813004159,5.8405604138530025,-19.485624176574316,0.5640536159355876,-1.0138071233919574
5.5482000000028595,0.0,0.0,0.0,0.0,0.0,0.0,-0.01863961342041588,-0.24145193331761186,5.832593232642786,-19.519219691585736,0.5758318137109539,-0.9871323587660694
5.550200000002864,0.0,0.0,0.0,0.0,0.0,0.0,-0.03267713964734,-0.2417709893185489,5.824737202930492,-19.5525762237515,0.5879607359574786,-0.9610357578495977
5.552200000002868,0.0,0.0,0.0,0.0,0.0,0.0,-0.04652670467997281,-0.24115118265834598,5.817017813964487,-19.58569498739582,0.6004128009425655,-0.9355159479216357
5.554200000002872,0.0,0.0,0.0,0.0,0.0,0.0,-0.06015130769704513,-0.23962694988815636,5.8094579251882035,-19.618578484379995,0.6131607658306867,-0.91057033626871
5.556200000002876,0.0,0.0,0.0,0.0,0.0,0.0,-0.07351686609114826,-0.23723355298345183,5.802077855196731,-19.6512303716044,0.6261777983526715,-0.8861952376298607
5.558200000002881,0.0,0.0,0.0,0.0,0.0,0.0,-0.08659203728232549,-0.23400674711386857,5.794895488272989,-19.68365533081465,0.6394375373472972,-0.8623859982477248
5.560200000002885,0.0,0.0,0.0,0.0,0.0,0.0,-0.09934802519406917,-0.22998249438075966,5.787926394911129,-19.715858942008243,0.6529141429147065,-0.8391371152073387
5.562200000002889,0.0,0.0,0.0,0.0,0.0,0.0,-0.11175837691182577,-0.22519672312186598,5.781183962931346,-19.747847561460713,0.6665823369867403,-0.8164423500197946
5.564200000002893,0.0,0.0,0.0,0.0,0.0,0.0,-0.12379877469623056,-0.21968513164883063,5.774679536019071,-19.77962820513761,0.68041743515828,-0.7942948356599518
5.5662000000028975,0.0,0.0,0.0,0.0,0.0,0.0,-0.13544682812547668,-0.2134830346428576,5.76842255677458,-19.811208438032708,0.6943953706399659,-0.7726871764931166
5.568200000002902,0.0,0.0,0.0,0.0,0.0,0.0,-0.14668187070626076,-0.20662524988643197,5.762420711628826,-19.8425962697756,0.7084927111899121,-0.7516115407236028
5.570200000002906,0.0,0.0,0.0,0.0,0.0,0.0,-0.15748476483209442,-0.1991460225511494,5.756680075261136,-19.87380005668356,0.7226866698638171,-0.7310597451683803
5.57220000000291,0.0,0.0,0.0,0.0,0.0,0.0,-0.16783771849117585,-0.1910789838895433,5.75120525243847,-19.904828410291962,0.7369551103924638,-0.711023332302583
5.574200000002914,0.0,0.0,0.0,0.0,0.0,0.0,-0.17772411664206572,-0.18245714088736317,5.745999515478857,-19.93569011228337,0.751276547955922,-0.6914936396422491
5.576200000002919,0.0,0.0,0.0,0.0,0.0,0.0,-0.1871283696909489,-0.17331289321594448,5.741064935819441,-19.96639403564546,0.7656301460773788,-0.6724618616254937
5.578200000002923,0.0,0.0,0.0,0.0,0.0,0.0,-0.19603578102507876,-0.16367807367707032,5.736402508438454,-19.996949071819948,0.7799957103086375,-0.6539191042288899
5.580200000002927,0.0,0.0,0.0,0.0,0.0,0.0,-0.2044324350876083,-0.15358400824881863,5.732012268137788,-20.027364063555762,0.7943536793257575,-0.6358564326137705
5.582200000002931,0.0,0.0,0.0,0.0,0.0,0.0,-0.212305107023219,-0.1430615918151474,5.727893396936342,-20.057647743147967,0.8086851139985735,-0.6182649121400684
5.5842000000029355,0.0,0.0,0.0,0.0,0.0,0.0,-0.21964119448462596,-0.13214137568925421,5.724044322052507,-20.08780867572652,0.8229716849431078,-0.6011356431156754
5.58620000000294,0.0,0.0,0.0,0.0,0.0,0.0,-0.22642867176970985,-0.12085366311642246,5.7204628041657655,-20.11785520725354,0.8371956590121253,-0.5844597896694752
5.588200000002944,0.0,0.0,0.0,0.0,0.0,0.0,-0.23265606605984768,-0.10922860906191464,5.717146015841833,-20.147795416892844,0.8513398851269361,-0.5682286031482728
5.590200000002948,0.0,0.0,0.0,0.0,0.0,0.0,-0.2383124551538904,-0.0972963207496271,5.714090610182492,-20.17763707342851,0.8653877798035575,-0.5524334404436985
5.592200000002952,0.0,0.0,0.0,0.0,0.0,0.0,-0.24338748574106076,-0.0850869556143095,5.7112927799202025,-20.207387595429008,0.8793233126788039,-0.5370657776564363
5.594200000002957,0.0,0.0,0.0,0.0,0.0,0.0,-0.24787141093169693,-0.07263081356063915,5.7087483073187,-20.237054014878364,0.8931309922970166,-0.5221172195031637
5.596200000002961,0.0,0.0,0.0,0.0,0.0,0.0,-0.25175514546919553,-0.059958420683508706,5.706452605364129,-20.266642944024447,0.9067958523760434,-0.507579504867564
5.598200000002965,0.0,0.0,0.0,0.0,0.0,0.0,-0.25503033678168313,-0.04710060189206316,5.704400750837254,-20.296160545226236,0.9203034387317843,-0.49344450889154845
5.600200000002969,0.0,0.0,0.0,0.0,0.0,0.0,-0.25768944979997377,-0.03408854019238769,5.7025875099459595,-20.32561250361497,0.933639797004073,-0.4797042419971292
5.6022000000029735,0.0,0.0,0.0,0.0,0.0,0.0,-0.25972586327125935,-0.020953820716599337,5.701007357269166,-20.355004002418653,0.9467914612928127,-0.4663508462236737
5.604200000002978,0.0,0.0,0.0,0.0,0.0,0.0,-0.2611339751378243,-0.007728457936031506,5.69965448881865,-20.384339700833756,0.9597454437820262,-0.45337658925987245
5.606200000002982,0.0,0.0,0.0,0.0,0.0,0.0,-0.26190931442861687,0.005555095140848652,5.698522830064584,-20.41362371436206,0.9724892254007023,-0.44077385654481027
5.608200000002986,0.0,0.0,0.0,0.0,0.0,0.0,-0.26204865703045715,0.01886395661364005,5.697606039794319,-20.442859597563643,0.9850107475429261,-0.42853514180802826
5.61020000000299,0.0,0.0,0.0,0.0,0.0,0.0,-0.2615501426662234,0.03216484463038379,5.696897510682602,-20.472050329208255,0.9972984048456612,-0.4166530364142791
5.612200000002995,0.0,0.0,0.0,0.0,0.0,0.0,-0.26041339041030187,0.04542412570057213,5.696390367445605,-20.501198299836634,1.0093410390006163,-0.40512021787455715
5.614200000002999,0.0,0.0,0.0,0.0,0.0,0.0,-0.25863961011722425,0.05860788208944854,5.696077463431591,-20.530305301769694,1.021127933556794,-0.3939294378805804
5.616200000003003,0.0,0.0,0.0,0.0,0.0,0.0,-0.25623170722718497,0.07168199764522883,5.695951376468613,-20.55937252162673,1.0326488096525552,-0.38307351021480107
5.618200000003007,0.0,0.0,0.0,0.0,0.0,0.0,-0.2531943785410408,0.08461226107061981,5.696004404745157,-20.588400535433397,1.0438938226002399,-0.3725452988817323
5.6202000000030115,0.0,0.0,0.0,0.0,0.0,0.0,-0.24953419672540514,0.09736448533208232,5.696228563444325,-20.617389306415518,1.054853559232623,-0.3623377067983902
5.622200000003016,0.0,0.0,0.0,0.0,0.0,0.0,-0.24525968151287192,0.10990464160999383,5.696615582787134,-20.646338185585446,1.06551903590864,-0.35244366537142763
5.62420000000302,0.0,0.0,0.0,0.0,0.0,0.0,-0.24038135579981534,0.12219900593472079,5.697156908067104,-20.67524591523351,1.0758816970660128,-0.34285612527554093
5.626200000003024,0.0,0.0,0.0,0.0,0.0,0.0,-0.23491178511020067,0.13421431643234216,5.697843702178052,-20.704110635437377,1.0859334142005475,-0.3335680487314836
5.628200000003028,0.0,0.0,0.0,0.0,0.0,0.0,-0.22886559918368454,0.14591793892271174,5.69866685105145,-20.732929893696657,1.0956664851460693,-0.32457240356206024
5.630200000003033,0.0,0.0,0.0,0.0,0.0,0.0,-0.22225949475427595,0.157278038474969,5.699616972330397,-20.761700657789294,1.105073633525168,-0.3158621592804628
5.632200000003037,0.0,0.0,0.0,0.0,0.0,0.0,-0.21511221890615326,0.1682637544333452,5.700684427516095,-20.790419331928867,1.1141480082392234,-0.3074302854369827
5.634200000003041,0.0,0.0,0.0,0.0,0.0,0.0,-0.20744453271952554,0.1788453763803924,5.701859337731184,-20.819081776279305,1.122883182866526,-0.29926975241737097
5.636200000003045,0.0,0.0,0.0,0.0,0.0,0.0,-0.19927915524535847,0.18899451850571236,5.703131603154329,-20.84768332985485,1.1312731548397248,-0.291373534848952
5.638200000003049,0.0,0.0,0.0,0.0,0.0,0.0,-0.19064068816684185,0.19868428989484435,5.704490926093512,-20.876218836799424,1.139312344278315,-0.2837346177292226
5.640200000003054,0.0,0.0,0.0,0.0,0.0,0.0,-0.1815555218116695,0.2078894583434434,5.705926837583304,-20.904682676000952,1.1469955923583366,-0.2763460053464494
5.642200000003058,0.0,0.0,0.0,0.0,0.0,0.0,-0.17205172346651598,0.21658660543311378,5.707428727315225,-20.933068793953677,1.1543181591098444,-0.2692007330132801
5.644200000003062,0.0,0.0,0.0,0.0,0.0,0.0,-0.16215890920849327,0.22475427077376656,5.708985876641639,-20.961370740735692,1.1612757205429078,-0.2622918815833254
5.646200000003066,0.0,0.0,0.0,0.0,0.0,0.0,-0.15190810070300245,0.23237308351835806,5.710587494333272,-20.98958170892127,1.1678643650147755,-0.25561259466796127
5.6482000000030705,0.0,0.0,0.0,0.0,0.0,0.0,-0.14133156861980356,0.23942587948437413,5.712222754719594,-21.01769457519851,1.174080588764181,-0.24915609841728256
5.650200000003075,0.0,0.0,0.0,0.0,0.0,0.0,-0.1304626644860709,0.24589780246671622,5.713880837800181,-21.045701944414414,1.179921290553408,-0.2429157236763739
5.652200000003079,0.0,0.0,0.0,0.0,0.0,0.0,-0.11933564292494674,0.2517763885929319,5.715550970884614,-21.073596195722498,1.1853837653743633,-0.23688493027711024
5.654200000003083,0.0,0.0,0.0,0.0,0.0,0.0,-0.1079854763195123,0.2570516328478659,5.717222471298188,-21.101369530464265,1.1904656971913061,-0.23105733317783644
5.656200000003087,0.0,0.0,0.0,0.0,0.0,0.0,-0.09644766399510428,0.2617160371748935,5.718884789680866,-21.129014021376147,1.195165150709691,-0.22542673011979458
5.658200000003092,0.0,0.0,0.0,0.0,0.0,0.0,-0.08475803802835613,0.265764639839222,5.720527553407123,-21.156521662679594,1.1994805621775286,-0.2199871304312898
5.660200000003096,0.0,0.0,0.0,0.0,0.0,0.0,-0.07298194930428659,0.3046964319634078,5.675136535492408,-21.183836051528875,1.2032619175341244,-0.21487537366186554
5.6622000000031,0.0,0.0,0.0,0.0,0.0,0.0,-0.055194320651932256,0.29499558287947103,5.692382345973576,-21.210883490685905,1.2063109536566226,-0.21027220719772335
5.664200000003104,0.0,0.0,0.0,0.0,0.0,0.0,-0.03992839044745737,0.2863638788110015,5.707179533851646,-21.2376866963971,1.2087294280321015,-0.20607072102876048
5.6662000000031085,0.0,0.0,0.0,0.0,0.0,0.0,-0.026649226604235285,0.2787216379680323,5.719838359200574,-21.26426580960387,1.2106102191296748,-0.20217484875098946
5.668200000003113,0.0,0.0,0.0,0.0,0.0,0.0,-0.01493783902174386,0.2719801380501947,5.730630586043374,-21.290637595365673,1.2120342221396314,-0.19850196117912627
5.670200000003117,0.0,0.0,0.0,0.0,0.0,0.0,-0.004235157319502224,0.2680466968535078,5.737077882278263,-21.31681573698224,1.2130708793671034,-0.19498204343866404
5.672200000003121,0.0,0.0,0.0,0.0,0.0,0.0,0.006473725022371429,0.2676388504031074,5.738057625846939,-21.34280378288587,1.213755237974151,-0.1915795070949455
5.674200000003125,0.0,0.0,0.0,0.0,0.0,0.0,0.017076286658580405,0.2667399234294693,5.738940074752812,-21.36859584335138,1.2140906036565597,-0.1882901927966716
5.67620000000313,0.0,0.0,0.0,0.0,0.0,0.0,0.02754647793121034,0.26536309454345147,5.739720317021434,-21.394185915308213,1.2140788773211189,-0.18511195372205344
5.678200000003134,0.0,0.0,0.0,0.0,0.0,0.0,0.037859325534232685,0.26352313095679314,5.740393901409285,-21.419568399494025,1.2137221453215392,-0.1820431160411106
5.680200000003138,0.0,0.0,0.0,0.0,0.0,0.0,0.04799103297676147,0.26123628746048355,5.740956851433318,-21.44473812033563,1.213022665586653,-0.17908248689115827
5.682200000003142,0.0,0.0,0.0,0.0,0.0,0.0,0.05791907130388862,0.2585201991579986,5.741405676967982,-21.46969034196019,1.211982853959168,-0.17622935911119286
5.6842000000031465,0.0,0.0,0.0,0.0,0.0,0.0,0.06762225977054383,0.2553937690326723,5.741737383450566,-21.494420780306836,1.2106052708400512,-0.17348351271781373
5.686200000003151,0.0,0.0,0.0,0.0,0.0,0.0,0.07708083628468228,0.25187705141827216,5.741949478763143,-21.51892561135929,1.2088926082267686,-0.17084521315214282
5.688200000003155,0.0,0.0,0.0,0.0,0.0,0.0,0.08627651755119346,0.2479911324176863,5.742039977884019,-21.543201475567855,1.2068476772258472,-0.1683152063715171
5.690200000003159,0.0,0.0,0.0,0.0,0.0,0.0,0.09519254895619052,0.24375800827769228,5.742007405423074,-21.56724547857332,1.2044733961117273,-0.16589471090070076
5.692200000003163,0.0,0.0,0.0,0.0,0.0,0.0,0.10381374433126363,0.23920046267957554,5.741850796173619,-21.591055188385493,1.2017727789948929,-0.16358540699429416
5.694200000003168,0.0,0.0,0.0,0.0,0.0,0.0,0.11212651582807165,0.23434194384721324,5.741569693828162,-21.614628629204745,1.198748925153018,-0.16138942309436038
5.696200000003172,0.0,0.0,0.0,0.0,0.0,0.0,0.12011889421434116,0.22920644230788312,5.741164148016693,-21.637964272105172,1.1954050090695945,-0.15930931979466925
5.698200000003176,0.0,0.0,0.0,0.0,0.0,0.0,0.12778053997237143,0.22381837006800118,5.7406347098338255,-21.661061022823095,1.1917442712153223,-0.15734807154513528
5.70020000000318,0.0,0.0,0.0,0.0,0.0,0.0,0.13510274564027086,0.21820244188783203,5.739982426025304,-21.683918206914353,1.18777000959873,-0.15550904634692847
5.7022000000031845,0.0,0.0,0.0,0.0,0.0,0.0,0.14207842988388825,0.21238355925769026,5.739208832005119,-21.706535552557927,1.1834855721040956,-0.15379598370041836
5.704200000003189,0.0,0.0,0.0,0.0,0.0,0.0,0.14870212382416495,0.20638669759461742,5.738315943871941,-21.72891317129262,1.1788943496269455,-0.15221297107475587
5.706200000003193,0.0,0.0,0.0,0.0,0.0,0.0,0.15496995017022222,0.20023679709470252,5.737306249587836,-21.7510515369775,1.173999770010271,-0.15076441916978764
5.708200000003197,0.0,0.0,0.0,0.0,0.0,0.0,0.16087959572361568,0.19395865759332856,5.736182699473565,-21.772951463266434,1.1688052927782104,-0.14945503623850603
5.710200000003201,0.0,0.0,0.0,0.0,0.0,0.0,0.16643027782407926,0.1875768377051595,5.734948696163304,-21.79461407988226,1.1633144046583184,-0.14828980173179895
5.712200000003206,0.0,0.0,0.0,0.0,0.0,0.0,0.17162270530266138,0.1811155584386805,5.7336080841476775,-21.816040807968093,1.1575306158787015,-0.1472739395173631
5.71420000000321,0.0,0.0,0.0,0.0,0.0,0.0,0.17645903449490002,0.17459861140778107,5.732165139017763,-21.837233334781605,1.1514574572222407,-0.14641289091178655
5.716200000003214,0.0,0.0,0.0,0.0,0.0,0.0,0.17696319213003625,0.16581191416431476,5.7373932635166085,-21.8581938596917,1.1451008744883724,-0.14570669595476987
5.718200000003218,0.0,0.0,0.0,0.0,0.0,0.0,0.17725752105355855,0.15741483242318746,5.7423386795701745,-21.878925834199997,1.1384757901736604,-0.14513473305562716
5.7202000000032225,0.0,0.0,0.0,0.0,0.0,0.0,0.1777649889249374,0.149579544719772,5.746345752283845,-21.899433052497173,1.131597877742102,-0.14467499079747304
5.722200000003227,0.0,0.0,0.0,0.0,0.0,0.0,0.18129031342758492,0.14361602872027723,5.744689090454396,-21.919719129435084,1.1244791848554707,-0.14431419696448458
5.724200000003231,0.0,0.0,0.0,0.0,0.0,0.0,0.18453124183395836,0.13765533951253264,5.742952860678506,-21.939787034740913,1.1171247099017831,-0.14405564808478405
5.726200000003235,0.0,0.0,0.0,0.0,0.0,0.0,0.18749260542223206,0.1317138926193938,5.7411423369481325,-21.959639765752645,1.1095382567074161,-0.14390548037165748
5.728200000003239,0.0,0.0,0.0,0.0,0.0,0.0,0.19018015228512933,0.12580753496528885,5.739263047025478,-21.979280465876897,1.1017236100042518,-0.14386990531891775
5.730200000003244,0.0,0.0,0.0,0.0,0.0,0.0,0.19260050416353147,0.11995149327011902,5.737320758991164,-21.998712401051474,1.0936845367312247,-0.14395518593496665
5.732200000003248,0.0,0.0,0.0,0.0,0.0,0.0,0.19476111114863986,0.11416032543721845,5.735321467716425,-22.01793893709213,1.0854247878027978,-0.14416761405209996
5.734200000003252,0.0,0.0,0.0,0.0,0.0,0.0,0.19667020445673172,0.10844787488650334,5.733271381253582,-22.036963518003446,1.0769481003088277,-0.1445134887673955
5.736200000003256,0.0,0.0,0.0,0.0,0.0,0.0,0.19833674745754948,0.1028272277751694,5.731176907125612,-22.055789645317223,1.0682582001115055,-0.14499909605555217
5.7382000000032605,0.0,0.0,0.0,0.0,0.0,0.0,0.19977038511450337,0.09731067304397116,5.729044638482546,-22.074420858507448,1.059358804806421,-0.14563068957936948
5.740200000003265,0.0,0.0,0.0,0.0,0.0,0.0,0.2009813919724673,0.09190966522710503,5.726881340079976,-22.092860716517276,1.0502536270162262,-0.14641447271020858
5.742200000003269,0.0,0.0,0.0,0.0,0.0,0.0,0.2019806188076186,0.08663478996792019,5.724693934023143,-22.11111278042135,1.0409463779867958,-0.14735658175878474
5.744200000003273,0.0,0.0,0.0,0.0,0.0,0.0,0.20277943803393847,0.08149573219082541,5.722489485209333,-22.12918059723581,1.0314407714571794,-0.14846307040598788
5.746200000003277,0.0,0.0,0.0,0.0,0.0,0.0,0.20338968794312534,0.07650124689160492,5.7202751863916035,-22.147067684878763,1.0217405277759344,-0.14973989531409215
5.748200000003282,0.0,0.0,0.0,0.0,0.0,0.0,0.20382361583919537,0.0716591325236144,5.71805834277848,-22.164777518275642,1.0118493782376057,-0.15119290289064247
5.750200000003286,0.0,0.0,0.0,0.0,0.0,0.0,0.2040938201163188,0.06697620697562759,5.715846356077405,-22.182313516596533,1.0017710696141517,-0.15282781717044047
5.75220000000329,0.0,0.0,0.0,0.0,0.0,0.0,0.20421319131882118,0.06245828615808092,5.71364670788452,-22.199679031606472,0.9915093688569605,-0.15465022877532122
5.754200000003294,0.0,0.0,0.0,0.0,0.0,0.0,0.20419485221609962,0.05811016523760425,5.711466942320044,-22.21687733710473,0.9810680679457667,-0.15666558490673765
5.7562000000032985,0.0,0.0,0.0,0.0,0.0,0.0,0.2040520969226887,0.053935602584729056,5.709314647807234,-22.23391161942475,0.9704509888612416,-0.15887918032247134
5.758200000003303,0.0,0.0,0.0,0.0,0.0,0.0,0.20379832909513854,0.04993730652571962,5.707197437893862,-22.25078496896338,0.9596619886582891,-0.1612961492459802
5.760200000003307,0.0,0.0,0.0,0.0,0.0,0.0,0.20344699924287654,0.0461169250164106,5.7051229310185185,-22.267500372705385,0.9487049646171359,-0.16392145815489148
5.762200000003311,0.0,0.0,0.0,0.0,0.0,0.0,0.20301154119995496,0.04247503838270266,5.703098729129927,-22.28406070770763,0.9375838594491649,-0.1667598993938675
5.764200000003315,0.0,0.0,0.0,0.0,0.0,0.0,0.20250530781860038,0.039011155298731885,5.7011323950760815,-22.300468735506094,0.9263026665341132,-0.16981608555643538
5.76620000000332,0.0,0.0,0.0,0.0,0.0,0.0,0.20194150596378668,0.03572371219876832,5.6992314286913945,-22.316727097408258,0.914865435164757,-0.17309444458029413
5.768200000003324,0.0,0.0,0.0,0.0,0.0,0.0,0.20133313091059704,0.03261007634189584,5.697403241524372,-22.33283831063357,0.903276275774551,-0.17659921550103017
5.770200000003328,0.0,0.0,0.0,0.0,0.0,0.0,0.20069290027268838,0.02966655276894741,5.695655130165578,-22.3488047652646,0.891539365122898,-0.18033444481000835
5.772200000003332,0.0,0.0,0.0,0.0,0.0,0.0,0.20003318762064623,0.026888395407988337,5.693994248155885,-22.364628721972544,0.8796589514118289,-0.18430398336340156
5.774200000003336,0.0,0.0,0.0,0.0,0.0,0.0,0.1993659559829279,0.024269822597255047,5.6924275764781616,-22.380312310481347,0.8676393593068825,-0.1885114837908191
5.776200000003341,0.0,0.0,0.0,0.0,0.0,0.0,0.19870269145913239,0.02180403730209136,5.690961892661599,-22.39585752873605,0.8554849948339379,-0.19296039835373777
5.778200000003345,0.0,0.0,0.0,0.0,0.0,0.0,0.1980543372149343,0.019483252304195516,5.689603738556565,-22.411266242742137,0.8432003501226827,-0.19765397720588712
5.780200000003349,0.0,0.0,0.0,0.0,0.0,0.0,0.19743122816954986,0.017298720636841115,5.688359386869114,-22.42654018704417,0.8307900079663342,-0.20259526700984604
5.782200000003353,0.0,0.0,0.0,0.0,0.0,0.0,0.19684302672934959,0.015240771527813569,5.6872348065776785,-22.441680965813486,0.8182586461662148,-0.20778710986633822
5.7842000000033575,0.0,0.0,0.0,0.0,0.0,0.0,0.19629865996432938,0.01329885209221483,5.686235627389748,-22.456690054516105,0.805611041628822,-0.21323214251503828
5.786200000003362,0.0,0.0,0.0,0.0,0.0,0.0,0.19580625866669504,0.01146157498926458,5.6853671034329425,-22.471568802133692,0.792852074182194,-0.2189327957680881
5.788200000003366,0.0,0.0,0.0,0.0,0.0,0.0,0.1953730987717218,0.009716772220564197,5.6846340764124195,-22.486318433911784,0.7799867300776621,-0.22489129413995798
5.79020000000337,0.0,0.0,0.0,0.0,0.0,0.0,0.19500554565927317,0.008051555201680705,5.684040938504292,-22.50094005461095,0.7670201051425554,-0.23110965563974653
5.792200000003374,0.0,0.0,0.0,0.0,0.0,0.0,0.19470900188864615,0.006452381184158458,5.683591595292056,-22.515434652237797,0.7539574075491023,-0.23758969169448652
5.794200000003379,0.0,0.0,0.0,0.0,0.0,0.0,0.19448785894858606,0.0049051260414277155,5.683289429089122,-22.52980310223405,0.7408039601646891,-0.24433300717449624
5.796200000003383,0.0,0.0,0.0,0.0,0.0,0.0,0.19434545362710257,0.0033951633597123993,5.68313726302465,-22.54404617210288,0.7275652024488339,-0.2513410004942852
5.798200000003387,0.0,0.0,0.0,0.0,0.0,0.0,0.19428402962087343,0.0019074496945241887,5.683137326301072,-22.558164526452707,0.7142466918627266,-0.25861486376497694
5.800200000003391,0.0,0.0,0.0,0.0,0.0,0.0,0.19430470501034966,0.00042661576549154264,5.683291221059049,-22.57215873243937,0.7008541047580058,-0.26615558297665576
5.8022000000033955,0.0,0.0,0.0,0.0,0.0,0.0,0.19440744622300316,-0.0010629367319990569,5.683599891308285,-22.586029265588202,0.6873932367126165,-0.2739639381914695
5.8042000000034,0.0,0.0,0.0,0.0,0.0,0.0,0.19459104909252475,-0.0025769331191562573,5.684063594399559,-22.599776515977968,0.6738700022831363,-0.28204050373073414
5.806200000003404,0.0,0.0,0.0,0.0,0.0,0.0,0.1948531275951781,-0.004131119053791521,5.6846818755238,-22.613400794768797,0.6602904341448879,-0.29038564834168323
5.808200000003408,0.0,0.0,0.0,0.0,0.0,0.0,0.19519011080543075,-0.005741149806284229,5.6854535457270465,-22.626902341056375,0.6466606815934776,-0.2989995353318979
5.810200000003412,0.0,0.0,0.0,0.0,0.0,0.0,0.19559724856075225,-0.007422476224180124,5.686376663925047,-22.64028132903443,0.632987008384135,-0.3078821226618351
5.812200000003417,0.0,0.0,0.0,0.0,0.0,0.0,0.19606862626005486,-0.009190228220112515,5.687448523387375,-22.653537875447213,0.619275789888359,-0.3170331629882488
5.814200000003421,0.0,0.0,0.0,0.0,0.0,0.0,0.19659718914165095,-0.011059096714970995,5.688665643137797,-22.666672047313217,0.6055335095509023,-0.32645220365367994
5.816200000003425,0.0,0.0,0.0,0.0,0.0,0.0,0.19717477629524569,-0.013043215058297563,5.690023764684865,-22.679683869900543,0.5917667546340536,-0.3361385866195699
5.818200000003429,0.0,0.0,0.0,0.0,0.0,0.0,0.19779216455921872,-0.015156041028257279,5.691517854454325,-22.69257333493357,0.5779822112404509,-0.34609144834293504
5.8202000000034335,0.0,0.0,0.0,0.0,0.0,0.0,0.19843912234022834,-0.01741024058173004,5.693142112242781,-22.7053404090093,0.5641866586102975,-0.3563097195989267
5.822200000003438,0.0,0.0,0.0,0.0,0.0,0.0,0.19910447326867872,-0.019817574578759267,5.694889985950756,-22.717985042200855,0.5503869626937842,-0.3667921252539917
5.824200000003442,0.0,0.0,0.0,0.0,0.0,0.0,0.1997761694724742,-0.022388789742442627,5.696754192783219,-22.73050717682391,0.536590069004749,-0.37753718399673375
5.826200000003446,0.0,0.0,0.0,0.0,0.0,0.0,0.20044137411501076,-0.025133515133457116,5.698726747027697,-22.742906756340485,0.5228029947670385,-0.3885432080359617
5.82820000000345,0.0,0.0,0.0,0.0,0.0,0.0,0.2010865527038953,-0.028060165416053683,5.700798994435373,-22.75518373437291,0.5090328203706733,-0.3998083027777794
5.830200000003455,0.0,0.0,0.0,0.0,0.0,0.0,0.20169757253720288,-0.03117585216823476,5.702961653140402,-22.767338083799103,0.4952866801606696,-0.4113303664959199
5.832200000003459,0.0,0.0,0.0,0.0,0.0,0.0,0.2022598095169498,-0.03448630444204524,5.705204860958517,-22.77936980589838,0.4815717525871809,-0.42310709001184005
5.834200000003463,0.0,0.0,0.0,0.0,0.0,0.0,0.2027582614279924,-0.037995799710176074,5.707518228809733,-22.791278939515312,0.4678952497514576,-0.43513595640335556
5.836200000003467,0.0,0.0,0.0,0.0,0.0,0.0,0.2031776666576958,-0.04170710624252095,5.709890899913305,-22.803065570207284,0.4542644063878617,-0.4474142407627937
5.8382000000034715,0.0,0.0,0.0,0.0,0.0,0.0,0.20350262722048265,-0.04562143784172129,5.712311614308169,-22.81472983933954,0.4406864683277996,-0.45993901002775195
5.840200000003476,0.0,0.0,0.0,0.0,0.0,0.0,0.20371773485466324,-0.049738421731390904,5.714768778160899,-22.826271953089673,0.42716868049684475,-0.47270712290955075
5.84220000000348,0.0,0.0,0.0,0.0,0.0,0.0,0.20380769887930703,-0.05405608023660663,5.717250537237806,-22.837692191322013,0.4137182745014543,-0.48571522994633387
5.844200000003484,0.0,0.0,0.0,0.0,0.0,0.0,0.20375747443884185,-0.0585708267256638,5.719744853840191,-22.84899091629044,0.40034245586646966,-0.4989597737094765
5.846200000003488,0.0,0.0,0.0,0.0,0.0,0.0,0.20355238972430045,-0.06327747609827611,5.722239586433833,-22.860168581127038,0.38704839098895794,-0.512436989193468
5.848200000003493,0.0,0.0,0.0,0.0,0.0,0.0,0.20317827074440245,-0.06816926991131429,5.724722571147254,-22.871225738072507,0.37384319387783926,-0.5261429044207306
5.850200000003497,0.0,0.0,0.0,0.0,0.0,0.0,0.2026215622277257,-0.0732379160330491,5.727181704269665,-22.88216304640343,0.3607339127520938,-0.5400733412938677
5.852200000003501,0.0,0.0,0.0,0.0,0.0,0.0,0.20186944326968817,-0.0784736425141993,5.729605024849907,-22.89298128001056,0.34772751657309015,-0.554223916728583
5.854200000003505,0.0,0.0,0.0,0.0,0.0,0.0,0.20090993639464788,-0.08386526516342811,5.731980796483159,-22.903681334581986,0.3348308815886882,-0.5685900441009453
5.8562000000035095,0.0,0.0,0.0,0.0,0.0,0.0,0.19973200878341005,-0.08940026812024446,5.734297587373103,-22.914264234345,0.3220507779681953,-0.5831669350427476
5.858200000003514,0.0,0.0,0.0,0.0,0.0,0.0,0.19832566451852154,-0.09506489653361276,5.736544347773925,-22.924731138320524,0.3093938566079602,-0.597949601618415
5.860200000003518,0.0,0.0,0.0,0.0,0.0,0.0,0.19668202682193164,-0.10084426028408977,5.738710483948628,-22.935083346045015,0.2968666361873681,-0.6129328589162032
5.862200000003522,0.0,0.0,0.0,0.0,0.0,0.0,0.1947934093996264,-0.10672244753425691,5.740785927827213,-22.945322302715727,0.284475490554215,-0.6281113280852989
5.864200000003526,0.0,0.0,0.0,0.0,0.0,0.0,0.19265337616277978,-0.11268264675999848,5.742761201609252,-22.955449603716826,0.2722266365169116,-0.6434794398488429
5.866200000003531,0.0,0.0,0.0,0.0,0.0,0.0,0.19025678876163624,-0.1187072758063718,5.744627476629019,-22.965466998486168,0.26012612211868374,-0.6590314385208476
5.868200000003535,0.0,0.0,0.0,0.0,0.0,0.0,0.18759984154334094,-0.12477811642846658,5.746376625886128,-22.975376393684982,0.24817981546592652,-0.6747613865524625
5.870200000003539,0.0,0.0,0.0,0.0,0.0,0.0,0.18468008372449515,-0.13087645272126255,5.748001269738484,-22.98517985563597,0.23639339417915603,-0.690663169630047
5.872200000003543,0.0,0.0,0.0,0.0,0.0,0.0,0.1814964287498386,-0.13698321181384554,5.749494814355634,-22.994879611998957,0.2247723355306192,-0.7067305023440458
5.8742000000035475,0.0,0.0,0.0,0.0,0.0,0.0,0.17804915098626928,-0.14307910520249514,5.750851482636744,-23.00447805265736,0.21332190732762155,-0.7229569344437606
5.876200000003552,0.0,0.0,0.0,0.0,0.0,0.0,0.17433987007306487,-0.1491447691236197,5.752066337406393,-23.013977729793446,0.20204715959506073,-0.7393358576887663
5.878200000003556,0.0,0.0,0.0,0.0,0.0,0.0,0.17037152341129172,-0.15516090242000724,5.753135296810942,-23.023381357135232,0.19095291710457696,-0.7558605133029874
5.88020000000356,0.0,0.0,0.0,0.0,0.0,0.0,0.16614832742500815,-0.16110840043077132,5.75405514194604,-23.032691808363648,0.1800437727912166,-0.7725240000323619
5.882200000003564,0.0,0.0,0.0,0.0,0.0,0.0,0.16167572836143715,-0.16696848353418733,5.754823516849905,-23.04191211467414,0.16932408209162408,-0.7893192828016276
5.884200000003569,0.0,0.0,0.0,0.0,0.0,0.0,0.156960343514662,-0.1727228190908336,5.755438921095431,-23.05104546149321,0.15879795823061202,-0.8062392019601227
5.886200000003573,0.0,0.0,0.0,0.0,0.0,0.0,0.15200989385588565,-0.17835363566890025,5.755900695305108,-23.06009518435669,0.14846926847558592,-0.8232764831006751
5.888200000003577,0.0,0.0,0.0,0.0,0.0,0.0,0.1468331291317971,-0.18384382858089637,5.7562089999948505,-23.06906476396305,0.13834163137080638,-0.8404237474297283
5.890200000003581,0.0,0.0,0.0,0.0,0.0,0.0,0.1414397465504229,-0.18917705591790604,5.756364788224795,-23.077957820421762,0.12841841495594014,-0.8576735226608933
5.8922000000035855,0.0,0.0,0.0,0.0,0.0,0.0,0.1358403042109351,-0.19433782443041595,5.756369772596184,-23.0867781067232,0.118702735965864,-0.8750182543982227
5.89420000000359,0.0,0.0,0.0,0.0,0.0,0.0,0.1300461304505073,-0.19931156477023307,5.756226387182774,-23.0955295014631,0.10919746000132909,-0.8924503179697395
5.896200000003594,0.0,0.0,0.0,0.0,0.0,0.0,0.12406923027827599,-0.2040846957727553,5.755937745022748,-23.10421600086107,0.09990520265294009,-0.9099620306662257
5.898200000003598,0.0,0.0,0.0,0.0,0.0,0.0,0.11792219004503732,-0.2086446776197425,5.755507591822567,-23.112841710118417,0.09082833155403659,-0.9275456643350697
5.900200000003602,0.0,0.0,0.0,0.0,0.0,0.0,0.11161808145883041,-0.21298005387706806,5.754940256538063,-23.121410834166493,0.08196896933154654,-0.9451934582741485
5.902200000003607,0.0,0.0,0.0,0.0,0.0,0.0,0.10517036600298993,-0.21708048254710838,5.754240599500633,-23.129927667861708,0.07332899741778282,-0.9628976323664009
5.904200000003611,0.0,0.0,0.0,0.0,0.0,0.0,0.09859280074648434,-0.2209367564094385,5.753413958748442,-23.138396585688326,0.06491006068052838,-0.9806504003919658
5.906200000003615,0.0,0.0,0.0,0.0,0.0,0.0,0.09189934645854778,-0.22454081304461468,5.75246609520496,-23.146822031034056,0.05671357282365488,-0.9984439834516026
5.908200000003619,0.0,0.0,0.0,0.0,0.0,0.0,0.08510407885305614,-0.2278857350427331,5.751403137320917,-23.155208505106827,0.04874072250598561,-1.0162706234326424
5.910200000003623,0.0,0.0,0.0,0.0,0.0,0.0,0.07822110369485975,-0.23096574099032435,5.750231525761961,-23.163560555564047,0.04099248012217909,-1.0341225964469474
5.912200000003628,0.0,0.0,0.0,0.0,0.0,0.0,0.07126447640272561,-0.23377616790539837,5.7489579586843,-23.17188276492732,0.033469605186101106,-1.0519922261693682
5.914200000003632,0.0,0.0,0.0,0.0,0.0,0.0,0.06424812668364507,-0.23631344585108482,5.747589338095337,-23.180179738856918,0.02617265425448481,-1.0698718970049623
5.916200000003636,0.0,0.0,0.0,0.0,0.0,0.0,0.0571857886329918,-0.23857506550341148,5.746132717747351,-23.188456094360582,0.019101989326659418,-1.0877540670137893
5.91820000000364,0.0,0.0,0.0,0.0,0.0,0.0,0.050090936636245906,-0.2405595394789622,5.744595252960438,-23.196716448010815,0.012257786654755782,-1.1056312805234423
5.9202000000036445,0.0,0.0,0.0,0.0,0.0,0.0,0.04297672731217612,-0.24226635824415688,5.742984152717772,-23.204965404243513,0.005640045898062703,-1.1234961803615653
5.922200000003649,0.0,0.0,0.0,0.0,0.0,0.0,0.03585594764602799,-0.24369594143071893,5.741306634322418,-23.213207543808934,-0.0007514004449061889,-1.1413415196434127
5.924200000003653,0.0,0.0,0.0,0.0,0.0,0.0,0.02874096937543978,-0.24484958537272203,5.739569880851761,-23.22144741244315,-0.0069168773925938525,-1.1591601730530217
5.926200000003657,0.0,0.0,0.0,0.0,0.0,0.0,0.02164370961243618,-0.2457294076606617,5.737781001593694,-23.22968950982487,-0.012856857689742469,-1.176945147560659
5.928200000003661,0.0,0.0,0.0,0.0,0.0,0.0,0.014575597612737514,-0.24633828947872316,5.7359469955990185,-23.237938278878513,-0.01857195193323696,-1.194689592523899
5.930200000003666,0.0,0.0,0.0,0.0,0.0,0.0,0.007547547539075407,-0.2466798164541419,5.734074718437441,-23.24619809547988,-0.024062898675730412,-1.2123868091248353
5.93220000000367,0.0,0.0,0.0,0.0,0.0,0.0,0.0005699370086494602,-0.24675821870373155,5.7321708522008485,-23.254473258615864,-0.02933055456583434,-1.2300302591014967
5.934200000003674,0.0,0.0,0.0,0.0,0.0,0.0,-0.006347408833659228,-0.24657831071364572,5.7302418787574325,-23.262767981044323,-0.0343758845807687,-1.2476135727374125
5.936200000003678,0.0,0.0,0.0,0.0,0.0,0.0,-0.013195228015275664,-0.24614543163553945,5.728294056224026,-23.271086380494587,-0.039199952404139524,-1.2651305560793933
5.9382000000036825,0.0,0.0,0.0,0.0,0.0,0.0,-0.019964827540885945,-0.2454653865268092,5.726333398592,-23.27943247144326,-0.04380391099799953,-1.2825751973598538
5.940200000003687,0.0,0.0,0.0,0.0,0.0,0.0,-0.02664808465949205,-0.24454438900554376,5.724365658414064,-23.28781015749407,-0.048188993414601256,-1.299941672606325
5.942200000003691,0.0,0.0,0.0,0.0,0.0,0.0,-0.033237443969124494,-0.24338900573339425,5.722396312435686,-23.296223224384626,-0.05235650388932682,-1.3172243504271022
5.944200000003695,0.0,0.0,0.0,0.0,0.0,0.0,-0.03972591074662826,-0.24200610308251985,5.720430550035034,-23.304675333636894,-0.0563078092522246,-1.3344177959681718
5.946200000003699,0.0,0.0,0.0,0.0,0.0,0.0,-0.04610704089594023,-0.24040279628700825,5.718473264319716,-23.31317001686259,-0.060044330691450015,-1.3515167740425862
5.948200000003704,0.0,0.0,0.0,0.0,0.0,0.0,-0.052374927908865936,-0.23858640132531803,5.716529045716467,-23.321710670728923,-0.06356753589774337,-1.368516251439237
5.950200000003708,0.0,0.0,0.0,0.0,0.0,0.0,-0.05852418722831885,-0.2365643897288598,5.714602177881403,-23.330300552585015,-0.06687893161492568,-1.3854113984234486
5.952200000003712,0.0,0.0,0.0,0.0,0.0,0.0,-0.06454993839569485,-0.23434434646334654,5.712696635753089,-23.338942776744037,-0.06998005661729408,-1.4021975894469614
5.954200000003716,0.0,0.0,0.0,0.0,0.0,0.0,-0.07044778535239876,-0.23193393098423162,5.710816085568178,-23.34764031141169,-0.07287247513078919,-1.4188704030895951
5.9562000000037205,0.0,0.0,0.0,0.0,0.0,0.0,-0.07621379525079147,-0.2293408415257084,5.708963886659519,-23.356395976247143,-0.07555777071091986,-1.4354256212592071
5.958200000003725,0.0,0.0,0.0,0.0,0.0,0.0,-0.08184447611282276,-0.22657278264446976,5.707143094858978,-23.36521244053883,-0.07803754058669415,-1.4518592276804072
5.960200000003729,0.0,0.0,0.0,0.0,0.0,0.0,-0.08733675365562306,-0.22363743600479885,5.7053564673315815,-23.374092221974028,-0.08031339047624451,-1.4681674057059078
5.962200000003733,0.0,0.0,0.0,0.0,0.0,0.0,-0.09268794758296162,-0.22054243436055848,5.703606468673592,-23.38303768597808,-0.0823869298764687,-1.4843465354872807
5.964200000003737,0.0,0.0,0.0,0.0,0.0,0.0,-0.09789574762012677,-0.21729533866222098,5.701895278114463,-23.392051045596663,-0.0842597678258525,-1.500393190544365
5.966200000003742,0.0,0.0,0.0,0.0,0.0,0.0,-0.10295818954775991,-0.21390361819309445,5.700224797671084,-23.401134361892385,-0.08593350913670725,-1.5163041337745284
5.968200000003746,0.0,0.0,0.0,0.0,0.0,0.0,-0.10787363146787055,-0.21037463361823586,5.698596661111991,-23.41028954482528,-0.08740975109035326,-1.5320763129445225
5.97020000000375,0.0,0.0,0.0,0.0,0.0,0.0,-0.11264073051293974,-0.20671562281199002,5.69701224359909,-23.419518354585545,-0.08869008058631214,-1.5477068557087512
5.972200000003754,0.0,0.0,0.0,0.0,0.0,0.0,-0.1172584201868867,-0.20293368931549546,5.695472671884683,-23.428822403346025,-0.08977607173434157,-1.5631930641984426
5.9742000000037585,0.0,0.0,0.0,0.0,0.0,0.0,-0.12277662099735014,-0.19676575183706854,5.699602710921637,-23.43820357599548,-0.09067032611423466,-1.578531568461704
5.976200000003763,0.0,0.0,0.0,0.0,0.0,0.0,-0.12716096278879613,-0.1926656386725741,5.698026262491133,-23.447667373568027,-0.09138438030754008,-1.5937116091066064
5.978200000003767,0.0,0.0,0.0,0.0,0.0,0.0,-0.13138053494642166,-0.1884565193349493,5.69648291396339,-23.457216691190272,-0.0919229219296843,-1.608727530814831
5.980200000003771,0.0,0.0,0.0,0.0,0.0,0.0,-0.1354346509558829,-0.18414590897894853,5.6949736619075555,-23.46685313816685,-0.09228775863365153,-1.6235761231687207
5.982200000003775,0.0,0.0,0.0,0.0,0.0,0.0,-0.1393229074732948,-0.17974120561948803,5.693499323799447,-23.476578168230716,-0.0924806943181854,-1.6382543485724035
5.98420000000378,0.0,0.0,0.0,0.0,0.0,0.0,-0.14304516894863178,-0.1752496817919243,5.692060547040484,-23.486393081697685,-0.09250352733799738,-1.652759337704324
5.986200000003784,0.0,0.0,0.0,0.0,0.0,0.0,-0.14660155295545763,-0.17067847758837004,5.690657818198144,-23.49629902797369,-0.0923580490206466,-1.6670883846772322
5.988200000003788,0.0,0.0,0.0,0.0,0.0,0.0,-0.14999241628107424,-0.16603459493441908,5.689291472408123,-23.506297008386362,-0.09204604247600037,-1.681238941942063
5.990200000003792,0.0,0.0,0.0,0.0,0.0,0.0,-0.1532183418166445,-0.1613248929708645,5.687961702884215,-23.516387879313196,-0.0915692816832739,-1.6952086149714998
5.9922000000037965,0.0,0.0,0.0,0.0,0.0,0.0,-0.1562801262730719,-0.15655608440651042,5.686668570487471,-23.52657235557912,-0.09092953083989148,-1.708995156758206
5.994200000003801,0.0,0.0,0.0,0.0,0.0,0.0,-0.15917876873542314,-0.15173473271089322,5.685412013311395,-23.536851014096843,-0.09012854395580532,-1.7225964621616972
5.996200000003805,0.0,0.0,0.0,0.0,0.0,0.0,-0.16191546005655993,-0.1468672500194595,5.684191856244855,-23.547224297724544,-0.08916806467644191,-1.736010562136682
5.998200000003809,0.0,0.0,0.0,0.0,0.0,0.0,-0.1644915730793691,-0.14195989562844524,5.683007820478857,-23.55769251931629,-0.08804982631711258,-1.749235617874426
6.000200000003813,0.0,0.0,0.0,0.0,0.0,0.0,-0.16690865366653615,-0.13701877496228593,5.6818595329275015,-23.568255865941694,-0.08677555209151525,-1.7622699148873289
6.002200000003818,0.0,0.0,0.0,0.0,0.0,0.0,-0.16916841250730813,-0.13204983890262834,5.680746535537195,-23.57891440325255,-0.08534695551686092,-1.7751118570654496
6.004200000003822,0.0,0.0,0.0,0.0,0.0,0.0,-0.1712727176619993,-0.12705888337501153,5.679668294461573,-23.589668079975336,-0.08376574097816918,-1.7877599607322174
6.006200000003826,0.0,0.0,0.0,0.0,0.0,0.0,-0.17322358779726268,-0.1220515490967597,5.67862420908259,-23.60051673250979,-0.08203360443438736,-1.800212848725028
6.00820000000383,0.0,0.0,0.0,0.0,0.0,0.0,-0.17502318605824146,-0.11703332139764909,5.677613620860897,-23.61146008961496,-0.08015223424918583,-1.812469244524856
6.0102000000038345,0.0,0.0,0.0,0.0,0.0,0.0,-0.17667381451771685,-0.11200953003332148,5.676635822000911,-23.622497777165385,-0.07812331212956033,-1.8245279664574612
6.012200000003839,0.0,0.0,0.0,0.0,0.0,0.0,-0.1781779091372673,-0.10698534892013196,5.675690063917955,-23.633629322961387,-0.07594851415572364,-1.8363879219871981
6.014200000003843,0.0,0.0,0.0,0.0,0.0,0.0,-0.17953803517120115,-0.10196579572912773,5.674775565496498,-23.644854161578532,-0.07362951188618422,-1.8480481021229145
6.016200000003847,0.0,0.0,0.0,0.0,0.0,0.0,-0.18075688294064923,-0.09695573128604604,5.67389152112989,-23.656171639242615,-0.07116797352238272,-1.8595075759539077
6.018200000003851,0.0,0.0,0.0,0.0,0.0,0.0,-0.18183726390271446,-0.09195985873349714,5.673037108533082,-23.667581018717588,-0.06856556511777977,-1.8707654853324445
6.020200000003856,0.0,0.0,0.0,0.0,0.0,0.0,-0.18278210693790684,-0.08698272242088725,5.6722114963206804,-23.67908148419495,-0.06582395181685649,-1.8818210397179256
6.02220000000386,0.0,0.0,0.0,0.0,0.0,0.0,-0.18359445477829647,-0.08202870649696593,5.671413851343303,-23.690672146174126,-0.06294479911009315,-1.8926735111963986
6.024200000003864,0.0,0.0,0.0,0.0,0.0,0.0,-0.18427746049882482,-0.07710203318916603,5.670643345775669,-23.702352046324354,-0.059929774091629286,-1.90332222968781
6.026200000003868,0.0,0.0,0.0,0.0,0.0,0.0,-0.18483438399508176,-0.07220676076302578,5.669899163950107,-23.71412016231948,-0.05678054670697139,-1.9137665783521107
6.0282000000038725,0.0,0.0,0.0,0.0,0.0,0.0,-0.1852685883724605,-0.06734678116390991,5.669180508929317,-23.725975412637958,-0.05349879097880153,-1.924005989204131
6.030200000003877,0.0,0.0,0.0,0.0,0.0,0.0,-0.18558353617402923,-0.0625258173519352,5.668486608812219,-23.737916661320973,-0.05008618619964257,-1.9340399389459941
6.032200000003881,0.0,0.0,0.0,0.0,0.0,0.0,-0.18578278537761803,-0.05774742034929791,5.6678167227666565,-23.749942722682583,-0.04654441808085401,-1.9438679450247385
6.034200000003885,0.0,0.0,0.0,0.0,0.0,0.0,-0.1858699850964914,-0.05301496602717927,5.667170146782572,-23.76205236596621,-0.04287517984815865,-1.9534895619217973
6.036200000003889,0.0,0.0,0.0,0.0,0.0,0.0,-0.18584887092253027,-0.04833165166689386,5.6665462191390805,-23.77424431994243,-0.039080173274634145,-1.9629043776800064
6.038200000003894,0.0,0.0,0.0,0.0,0.0,0.0,-0.1857232598560687,-0.04370049233692159,5.665944325578635,-23.786517277443757,-0.03516110964284012,-1.9721120106728836
6.040200000003898,0.0,0.0,0.0,0.0,0.0,0.0,-0.18549704477231782,-0.03912431713390193,5.665363904181277,-23.798869899832326,-0.031119710628488652,-1.9811121066200748
6.042200000003902,0.0,0.0,0.0,0.0,0.0,0.0,-0.18517418838066035,-0.03460576534150942,5.664804449931728,-23.81130082139698,-0.026957709098800922,-1.9899043358520252
6.044200000003906,0.0,0.0,0.0,0.0,0.0,0.0,-0.18475871663996088,-0.030147282566233464,5.6642655189719076,-23.82380865367665,-0.022676849819423004,-1.9984883908261848
6.0462000000039104,0.0,0.0,0.0,0.0,0.0,0.0,-0.1842547116003059,-0.025751116913569846,5.663746732531319,-23.836391989707227,-0.018278890064497635,-2.006863983896331
6.048200000003915,0.0,0.0,0.0,0.0,0.0,0.0,-0.18366630364924139,-0.021419315271841953,5.66324778052766,-23.849049408189344,-0.01376560012520308,-2.015030845335905
6.050200000003919,0.0,0.0,0.0,0.0,0.0,0.0,-0.1829976631485492,-0.017153719773738967,5.662768424830008,-23.861779477574967,-0.009138763712774573,-2.0229887216156444
6.052200000003923,0.0,0.0,0.0,0.0,0.0,0.0,-0.18225299145577098,-0.012955964507840898,5.662308502176966,-23.87458076007068,-0.004400178252715191,-2.030737373935172
6.054200000003927,0.0,0.0,0.0,0.0,0.0,0.0,-0.18143651133304844,-0.008827472553630013,5.6618679267423335,-23.887451815555877,0.0004483449324191672,-2.038276577007662
6.0562000000039315,0.0,0.0,0.0,0.0,0.0,0.0,-0.18055245675427198,-0.004769453413959907,5.661446692341075,-23.900391205414245,0.005404980553613855,-2.0456061180961544
6.058200000003936,0.0,0.0,0.0,0.0,0.0,0.0,-0.17960506212994265,-0.0007829009185274632,5.66104487426869,-23.913397496276946,0.010467889400676101,-2.0527257962996197
6.06020000000394,0.0,0.0,0.0,0.0,0.0,0.0,-0.1785985509775081,0.003131408329346243,5.6606626307675105,-23.92646926367617,0.015635218502882027,-2.059635422086373
6.062200000003944,0.0,0.0,0.0,0.0,0.0,0.0,-0.17753712407310046,0.006972915892453375,5.660300204113951,-23.93960509560771,0.020905101405061067,-2.0663348170720277
6.064200000003948,0.0,0.0,0.0,0.0,0.0,0.0,-0.17642494712855233,0.010741281758663304,5.659957921321359,-23.952803596001324,0.0262756585585999,-2.072823814038739
6.066200000003953,0.0,0.0,0.0,0.0,0.0,0.0,-0.1752661380451761,0.014436383855568872,5.659636194453768,-23.96606338809769,0.031744997826279826,-2.0791022571921087
6.068200000003957,0.0,0.0,0.0,0.0,0.0,0.0,-0.17406475380302802,0.018058316761746587,5.6593355205466604,-23.979383117730844,0.03731121509931455,-2.0851700026517355
6.070200000003961,0.0,0.0,0.0,0.0,0.0,0.0,-0.1728247770511163,0.021607389560765224,5.659056481131647,-23.992761456514934,0.04297239502443068,-2.091026919171052
6.072200000003965,0.0,0.0,0.0,0.0,0.0,0.0,-0.17155010247025707,0.025084122789945932,5.658799741362924,-24.006197104934216,0.0487266118383305,-2.0966728890817437
6.0742000000039695,0.0,0.0,0.0,0.0,0.0,0.0,-0.1702445229859047,0.028489244442400318,5.658566048744304,-24.019688795335195,0.05457193030639704,-2.1021078094577255
6.076200000003974,0.0,0.0,0.0,0.0,0.0,0.0,-0.16891171591325027,0.03182368498789583,5.658356231456649,-24.033235294819804,0.060506406762044655,-2.107331593493344
6.078200000003978,0.0,0.0,0.0,0.0,0.0,0.0,-0.16755522912118592,0.035088571385663375,5.658171196286588,-24.046835408038515,0.06652809024268418,-2.1123441720901854
6.080200000003982,0.0,0.0,0.0,0.0,0.0,0.0,-0.16617846730525915,0.03828522007019075,5.658011926158508,-24.060487979882225,0.07263502371786101,-2.117145495646558
6.082200000003986,0.0,0.0,0.0,0.0,0.0,0.0,-0.1647846784625229,0.04141512889938648,5.657879477272889,-24.074191898071867,0.0788252454047361,-2.1217355360434764
6.084200000003991,0.0,0.0,0.0,0.0,0.0,0.0,-0.16337694066315514,0.04447996806303328,5.657774975855224,-24.08794609564448,0.08509679016571356,-2.1261142888206903
6.086200000003995,0.0,0.0,0.0,0.0,0.0,0.0,-0.1619581492149009,0.047481569958183686,5.657699614520861,-24.10174955333458,0.09144769098267513,-2.130281775536026
6.088200000003999,0.0,0.0,0.0,0.0,0.0,0.0,-0.16053100431671413,0.05042191804705909,5.65765464826226,-24.115601301849704,0.09787598050195781,-2.134238046301088
6.090200000004003,0.0,0.0,0.0,0.0,0.0,0.0,-0.15909799929752846,0.05330313472180966,5.6576413900662725,-24.12950042403878,0.10437969264390978,-2.1379831824860878
6.0922000000040075,0.0,0.0,0.0,0.0,0.0,0.0,-0.15766140953478647,0.05612746820936758,5.657661206170176,-24.14344605695216,0.1109568642705766,-2.141517299586322
6.094200000004012,0.0,0.0,0.0,0.0,0.0,0.0,-0.1562232821452933,0.0588972785582668,5.657715510966268,-24.157437393791977,0.11760553690480625,-2.14484055024259
6.096200000004016,0.0,0.0,0.0,0.0,0.0,0.0,-0.15478542653812094,0.06161502275780752,5.657805761565949,-24.17147368575164,0.12432375849381581,-2.1479531274075834
6.09820000000402,0.0,0.0,0.0,0.0,0.0,0.0,-0.15334940591570195,0.0642832390481201,5.657933452035214,-24.18555424374308,0.13110958521003432,-2.15085526765003
6.100200000004024,0.0,0.0,0.0,0.0,0.0,0.0,-0.1519165298049962,0.06690453048753303,5.658100107314587,-24.19967844001049,0.13796108328182294,-2.1535472545881373
6.102200000004029,0.0,0.0,0.0,0.0,0.0,0.0,-0.15048784769565382,0.06948154785113544,5.6583072768374985,-24.213845709629354,0.14487633084647628,-2.156029422443615
6.104200000004033,0.0,0.0,0.0,0.0,0.0,0.0,-0.1490641438565738,0.07201697194137316,5.658556527862141,-24.228055551889323,0.15185341981772452,-2.1583021597073153
6.106200000004037,0.0,0.0,0.0,0.0,0.0,0.0,-0.1476459333961386,0.0745134953980357,5.658849438532835,-24.242307531559863,0.1588904577597843,-2.1603659129072645
6.108200000004041,0.0,0.0,0.0,0.0,0.0,0.0,-0.1462334596247896,0.07697380410094092,5.659187590687931,-24.256601280037362,0.16598556975984802,-2.1622211904695883
6.1102000000040455,0.0,0.0,0.0,0.0,0.0,0.0,-0.14482669277154117,0.0794005582639543,5.659572562432271,-24.270936496372563,0.17313690029075207,-2.163868566662575
6.11220000000405,0.0,0.0,0.0,0.0,0.0,0.0,-0.14342533009854702,0.08179637332374035,5.660005920493251,-24.285312948177207,0.18034261505542712,-2.1653086856138426
6.114200000004054,0.0,0.0,0.0,0.0,0.0,0.0,-0.1420287974500121,0.08416380073076948,5.660489212380541,-24.29973047240889,0.18760090280460562,-2.166542265390293
6.116200000004058,0.0,0.0,0.0,0.0,0.0,0.0,-0.1405297963013909,0.08520251558810817,5.662305303489612,-24.31418889778298,0.1949100402047364,-2.167570322336648
6.118200000004062,0.0,0.0,0.0,0.0,0.0,0.0,-0.13883183164391663,0.08247752918951679,5.667920409757541,-24.328683394238517,0.20227215995103337,-2.168407284200942
6.120200000004067,0.0,0.0,0.0,0.0,0.0,0.0,-0.13734290874818295,0.08063267086329261,5.672785818272072,-24.34320304009845,0.20969448633666068,-2.1690851166727736
6.122200000004071,0.0,0.0,0.0,0.0,0.0,0.0,-0.13600972919498192,0.07951167104573614,5.677028537070211,-24.35773847060954,0.21718316947806615,-2.1696317847176525
6.124200000004075,0.0,0.0,0.0,0.0,0.0,0.0,-0.13479025346313608,0.0789859428589092,5.680755243009725,-24.37228218501806,0.22474298778455568,-2.170070313847459
6.126200000004079,0.0,0.0,0.0,0.0,0.0,0.0,-0.1337084289571157,0.0805725179097511,5.682435043100343,-24.38682866509884,0.23237720473847578,-2.1704183845342397
6.1282000000040835,0.0,0.0,0.0,0.0,0.0,0.0,-0.1326406674363894,0.0829583253456597,5.6833340504531,-24.401376923091053,0.24008540742858425,-2.1706809991076312
6.130200000004088,0.0,0.0,0.0,0.0,0.0,0.0,-0.13154527430724902,0.08532715858982731,5.6842608752615575,-24.4159278254404,0.2478656820834247,-2.170858068017237
6.132200000004092,0.0,0.0,0.0,0.0,0.0,0.0,-0.13042150808128397,0.08767927171528025,5.68521632995703,-24.430482295835365,0.25571609832731335,-2.170949531929654
6.134200000004096,0.0,0.0,0.0,0.0,0.0,0.0,-0.12926852695658198,0.09001486673112725,5.68620119675893,-24.445041306483645,0.2636347173303205,-2.1709553893830345
6.1362000000041,0.0,0.0,0.0,0.0,0.0,0.0,-0.12808539105776406,0.0923340859708701,5.687216222400564,-24.4596058777532,0.2716195929799952,-2.1708757005156647
6.138200000004105,0.0,0.0,0.0,0.0,0.0,0.0,-0.1268710653994766,0.0946370045531216,5.688262112813477,-24.474177077806722,0.2796687730045355,-2.170710590737595
6.140200000004109,0.0,0.0,0.0,0.0,0.0,0.0,-0.12562442358017545,0.0969236229708046,5.689339527792853,-24.4887560222295,0.28778030004281174,-2.1704602543381415
6.142200000004113,0.0,0.0,0.0,0.0,0.0,0.0,-0.12434425220824048,0.09919385986579381,5.690449075667431,-24.503343873650643,0.29595221265668475,-2.1701249580221
6.144200000004117,0.0,0.0,0.0,0.0,0.0,0.0,-0.12302925605751193,0.10144754504648029,5.691591307998104,-24.517941841357338,0.3041825462811008,-2.1697050443675403
6.1462000000041215,0.0,0.0,0.0,0.0,0.0,0.0,-0.12167806394430264,0.10368441280584699,5.692766714330123,-24.532551180901756,0.3124693341075014,-2.1692009351980994
6.148200000004126,0.0,0.0,0.0,0.0,0.0,0.0,-0.12028923531283535,0.10590409559733072,5.6939757170243706,-24.5471731937,0.32081060789615123,-2.1686131348626683
6.15020000000413,0.0,0.0,0.0,0.0,0.0,0.0,-0.1188612675109127,0.10810611812504317,5.695218666193682,-24.561809226622536,0.3292043987130707,-2.167942233415423
6.152200000004134,0.0,0.0,0.0,0.0,0.0,0.0,-0.11739260373248572,0.11028989190376597,5.696495834770534,-24.576460671575184,0.3376487375873491,-2.167188909689138
6.154200000004138,0.0,0.0,0.0,0.0,0.0,0.0,-0.11588164159868676,0.11245471034257783,5.697807413732686,-24.591128965069913,0.34614165608472514,-2.166353934254726
6.156200000004143,0.0,0.0,0.0,0.0,0.0,0.0,-0.11432674234384245,0.11459974440398302,5.699153507513492,-24.605815587784367,0.3546811867934423,-2.1654381722599543
6.158200000004147,0.0,0.0,0.0,0.0,0.0,0.0,-0.11272624056805565,0.11672403888801099,5.7005341296235805,-24.620522064109032,0.36326536371852336,-2.164442586140292
6.160200000004151,0.0,0.0,0.0,0.0,0.0,0.0,-0.11107845451311499,0.11882650938793037,5.701949198510501,-24.635249961680966,0.3718922225807621,-2.163368238194829
6.162200000004155,0.0,0.0,0.0,0.0,0.0,0.0,-0.10938169681388758,0.12090593996101397,5.703398533682619,-24.6500008909027,0.3805598010168982,-2.162216293020205
6.1642000000041595,0.0,0.0,0.0,0.0,0.0,0.0,-0.10763428567286554,0.12296098155418843,5.704881852123185,-24.664776504445175,0.3892661386776283,-2.160988019795495
6.166200000004164,0.0,0.0,0.0,0.0,0.0,0.0,-0.10583455640137636,0.12499015122039049,5.706398765019895,-24.679578496733125,0.3980092772203084,-2.159684794410985
6.168200000004168,0.0,0.0,0.0,0.0,0.0,0.0,-0.10398087326699677,0.12699183215714158,5.707948774834585,-24.694408603411574,0.40678726019342276,-2.158308101433762
6.170200000004172,0.0,0.0,0.0,0.0,0.0,0.0,-0.10207164158308464,0.12896427459413484,5.7095312727368155,-24.709268600791816,0.4155981328101382,-2.1568595359030707
6.172200000004176,0.0,0.0,0.0,0.0,0.0,0.0,-0.10010531997302334,0.13090559755164694,5.7111455364240955,-24.724160305275326,0.4244399416085147,-2.1553408049483633
6.174200000004181,0.0,0.0,0.0,0.0,0.0,0.0,-0.09808043273882018,0.13281379148627234,5.712790728350304,-24.739085572753908,0.43331073399622727,-2.1537537292230007
6.176200000004185,0.0,0.0,0.0,0.0,0.0,0.0,-0.09599558226115544,0.13468672183490527,5.714465894382517,-24.75404629798421,0.44220855767794714,-2.152100244146566
6.178200000004189,0.0,0.0,0.0,0.0,0.0,0.0,-0.09384946135580316,0.13652213346210532,5.71616996290495,-24.769044413934868,0.45113145996385107,-2.1503824009487826
6.180200000004193,0.0,0.0,0.0,0.0,0.0,0.0,-0.09164086550967454,0.13831765600995527,5.717901744387024,-24.784081891104236,0.46007748695806555,-2.148602367508043
6.1822000000041974,0.0,0.0,0.0,0.0,0.0,0.0,-0.08936870491848518,0.14007081014333467,5.719659931430745,-24.799160736806687,0.46904468262621046,-2.146762428977602
6.184200000004202,0.0,0.0,0.0,0.0,0.0,0.0,-0.08703201624733191,0.14177901467722506,5.721443099310567,-24.814282994425227,0.4780310877415891,-2.144864988192521
6.186200000004206,0.0,0.0,0.0,0.0,0.0,0.0,-0.08462997403522686,0.14343959456624103,5.723249707016739,-24.829450742628197,0.48703473870997116,-2.142912565850504
6.18820000000421,0.0,0.0,0.0,0.0,0.0,0.0,-0.08216190166497632,0.14504978973013224,5.72507809881082,-24.844666094547495,0.49605366627333913,-2.1409078004598325
6.190200000004214,0.0,0.0,0.0,0.0,0.0,0.0,-0.07962728182065022,0.1466067646825151,5.726926506299565,-24.859931196915763,0.5050858940934083,-2.1388534480476404
6.1922000000042186,0.0,0.0,0.0,0.0,0.0,0.0,-0.0770257663563248,0.14810761892368676,5.728793051030779,-24.875248229159684,0.5141294372161996,-2.1367523816218923
6.194200000004223,0.0,0.0,0.0,0.0,0.0,0.0,-0.0743571855018205,0.1495493980520279,5.730675747611977,-24.89061940244636,0.5231823004194205,-2.1346075903804764
6.196200000004227,0.0,0.0,0.0,0.0,0.0,0.0,-0.07162155633372702,0.1509291055423082,5.732572507349822,-24.906046958679543,0.5322424764449205,-2.1324221786609097
6.198200000004231,0.0,0.0,0.0,0.0,0.0,0.0,-0.06881909044322328,0.15224371513321408,5.734481142405348,-24.9215331694422,0.5413079441190042,-2.1301993646242856
6.200200000004235,0.0,0.0,0.0,0.0,0.0,0.0,-0.06595020073597081,0.15349018376066254,5.736399370456903,-24.937080334881628,0.5503766663639257,-2.1279424786671455
6.20220000000424,0.0,0.0,0.0,0.0,0.0,0.0,-0.06301550730369113,0.15466546496802397,5.7383248198595975,-24.952690782533097,0.5594465881044483,-2.125654961555125
6.204200000004244,0.0,0.0,0.0,0.0,0.0,0.0,-0.06001584231201006,0.15576652271928615,5.740255035286887,-24.96836686607753,0.5685156340739232,-2.1233403622722866
6.206200000004248,0.0,0.0,0.0,0.0,0.0,0.0,-0.05695225385457026,0.1567903455365067,5.7421874838366636,-24.984110964028588,0.5775817065249327,-2.121002335580204
6.208200000004252,0.0,0.0,0.0,0.0,0.0,0.0,-0.053826008729463144,0.15773396087871,5.744119561581041,-24.999925478343965,0.5866426828501384,-2.1186446392809795
6.2102000000042565,0.0,0.0,0.0,0.0,0.0,0.0,-0.050638594100523106,0.1585944496756671,5.74604860053579,-25.015812832955334,0.5956964131195984,-2.116271131178512
6.212200000004261,0.0,0.0,0.0,0.0,0.0,0.0,-0.0473917180129712,0.15936896092689642,5.747971876022254,-25.03177547221116,0.6047407175414314,-2.1138857657324426
6.214200000004265,0.0,0.0,0.0,0.0,0.0,0.0,-0.04408730874032907,0.1600547262737161,5.749886614391475,-25.047815859225828,0.613773383853343,-2.1114925903993838
6.216200000004269,0.0,0.0,0.0,0.0,0.0,0.0,-0.040727512947282545,0.16064907445030496,5.751790001077326,-25.06393647412835,0.6227921646531698,-2.1090957416561333
6.218200000004273,0.0,0.0,0.0,0.0,0.0,0.0,-0.03731469266124659,0.1611494455186356,5.7536791889425976,-25.080139812203285,0.6317947746772365,-2.1066994406997623
6.220200000004278,0.0,0.0,0.0,0.0,0.0,0.0,-0.03385142105379138,0.16155340479168132,5.755551306879347,-25.096428381916084,0.6407788880359728,-2.104307988819582
6.222200000004282,0.0,0.0,0.0,0.0,0.0,0.0,-0.03034047704161641,0.16185865634969226,5.757403468622372,-25.11280470281457,0.6497421354168817,-2.1019257624361822
6.224200000004286,0.0,0.0,0.0,0.0,0.0,0.0,-0.026784838725472715,0.16206305605545523,5.759232781732446,-25.129271303297728,0.6586821012655997,-2.0995572078028752
6.22620000000429,0.0,0.0,0.0,0.0,0.0,0.0,-0.023187675694191237,0.1621646239764123,5.761036356704008,-25.1458307182425,0.6675963209564291,-2.0972068353650757
6.2282000000042945,0.0,0.0,0.0,0.0,0.0,0.0,-0.01955234022968989,0.1621615561242466,5.762811316150366,-25.16248548647887,0.6764822779643631,-2.094879213773328
6.230200000004299,0.0,0.0,0.0,0.0,0.0,0.0,-0.015882357457489484,0.16205223542614625,5.764554804018086,-25.17923814810295,0.6853374010512514,-2.092578963545908
6.232200000004303,0.0,0.0,0.0,0.0,0.0,0.0,-0.012181414495688336,0.161835241846269,5.766263994781333,-25.196091241617424,0.6941590614793735,-2.090310750377154
6.234200000004307,0.0,0.0,0.0,0.0,0.0,0.0,-0.008453348663547336,0.16150936158113186,5.767936102566219,-25.213047300888267,0.7029445702662909,-2.0880792780879487
6.236200000004311,0.0,0.0,0.0,0.0,0.0,0.0,-0.004702134818635148,0.1610735952585093,5.7695683901550625,-25.230108851906362,0.7116911754954408,-2.0858892812150804
6.238200000004316,0.0,0.0,0.0,0.0,0.0,0.0,-0.0009318718988564793,0.16052716507607814,5.771158177820574,-25.247278409342353,0.720396059697505,-2.08374551723653
6.24020000000432,0.0,0.0,0.0,0.0,0.0,0.0,0.0028532312474240607,0.15986952082330125,5.7727028519406165,-25.26455847288279,0.7290563373181381,-2.081652758430163
6.242200000004324,0.0,0.0,0.0,0.0,0.0,0.0,0.006648870653761944,0.15910034473799003,5.77419987334515,-25.281951523335664,0.7376690522881671,-2.0796157833637277
6.244200000004328,0.0,0.0,0.0,0.0,0.0,0.0,0.010450662555489975,0.15821955515741282,5.775646785348427,-25.29946001849327,0.7462311757128719,-2.077639368014635
6.2462000000043325,0.0,0.0,0.0,0.0,0.0,0.0,0.014254159137261137,0.1572273089327755,5.7770412214213325,-25.31708638874063,0.7547396036974277,-2.0757282765185954
6.248200000004337,0.0,0.0,0.0,0.0,0.0,0.0,0.018054864604453255,0.15612400258522513,5.778380912461039,-25.334833032397846,0.763191155326027,-2.0738872515469278
6.250200000004341,0.0,0.0,0.0,0.0,0.0,0.0,0.02184825147149088,0.15491027219120238,5.779663693617773,-25.35270231078519,0.7715825708125922,-2.07212100431321
6.252200000004345,0.0,0.0,0.0,0.0,0.0,0.0,0.025629776957968486,0.15358699199479883,5.78088751064156,-25.37069654300059,0.7799105098413481,-2.0704342042109043
6.254200000004349,0.0,0.0,0.0,0.0,0.0,0.0,0.029394899382146414,0.15215527175482224,5.782050425715159,-25.38881800039962,0.7881715501158337,-2.068831468084765
6.256200000004354,0.0,0.0,0.0,0.0,0.0,0.0,0.033139094441184305,0.150616452844242,5.783150622743166,-25.407068900769477,0.7963621861351817,-2.067317349140104
6.258200000004358,0.0,0.0,0.0,0.0,0.0,0.0,0.03685787126819219,0.14897210312964637,5.784186412071232,-25.425451402189562,0.8044788282166997,-2.0658963254955203
6.260200000004362,0.0,0.0,0.0,0.0,0.0,0.0,0.040546788157928844,0.14722401066809088,5.785156234613629,-25.443967596572932,0.8125178017839116,-2.0645727883863962
6.262200000004366,0.0,0.0,0.0,0.0,0.0,0.0,0.04420146785572953,0.14537417626814952,5.786058665371893,-25.46261950288468,0.8204753469392888,-2.063351030028413
6.2642000000043705,0.0,0.0,0.0,0.0,0.0,0.0,0.0478176123079655,0.14342480497108617,5.786892416331898,-25.48140906003551,0.8283476183408662,-2.0622352311525063
6.266200000004375,0.0,0.0,0.0,0.0,0.0,0.0,0.05139101677703185,0.14137829651659828,5.78765633873151,-25.500338119451218,0.8361306854018458,-2.061229448225149
6.268200000004379,0.0,0.0,0.0,0.0,0.0,0.0,0.0549175832294354,0.13923723486559922,5.788349424695836,-25.51940843732175,0.8438205328320707,-2.0603376003705858
6.270200000004383,0.0,0.0,0.0,0.0,0.0,0.0,0.05839333291199812,0.13700437685982605,5.788970808241924,-25.538621666536443,0.8514130615399454,-2.0595634560146445
6.272200000004387,0.0,0.0,0.0,0.0,0.0,0.0,0.06208823408198691,0.13501109003086528,5.789213295472187,-25.557979354340542,0.8589040845886871,-2.0589106015114753
6.274200000004392,0.0,0.0,0.0,0.0,0.0,0.0,0.0692114841759087,0.13685711392682212,5.7856472643429875,-25.577485117820437,0.8662874089833746,-2.0583760122174284
6.276200000004396,0.0,0.0,0.0,0.0,0.0,0.0,0.0759832312358116,0.13783691855077002,5.782603480282792,-25.59714727927655,0.8735525786578743,-2.0579424243756836
6.2782000000044,0.0,0.0,0.0,0.0,0.0,0.0,0.08243637962019532,0.13806045119800642,5.77998630840613,-25.616973784073505,0.8806894050193402,-2.05759338097307
6.280200000004404,0.0,0.0,0.0,0.0,0.0,0.0,0.08808419557731549,0.1370816110279772,5.778241033703715,-25.63697148532337,0.8876885768043806,-2.0573152563808264
6.2822000000044085,0.0,0.0,0.0,0.0,0.0,0.0,0.09169069303993119,0.13382534552346786,5.778489067581449,-25.657144649447183,0.8945429600115755,-2.0571015822646577
6.284200000004413,0.0,0.0,0.0,0.0,0.0,0.0,0.09520814518716712,0.1304626550727746,5.778661848846952,-25.67749432227973,0.9012480965466799,-2.0569547439746123
6.286200000004417,0.0,0.0,0.0,0.0,0.0,0.0,0.09863157440376186,0.1269975349317439,5.778758869043408,-25.698021097693477,0.9077997036225064,-2.056877657635861
6.288200000004421,0.0,0.0,0.0,0.0,0.0,0.0,0.10195619846899989,0.12343419047192752,5.778779801920795,-25.71872536952462,0.9141934427388294,-2.0568729733278692
6.290200000004425,0.0,0.0,0.0,0.0,0.0,0.0,0.10517744518290519,0.11977701933267387,5.778724502543461,-25.73960732143668,0.9204249236610789,-2.056943057990359
6.29220000000443,0.0,0.0,0.0,0.0,0.0,0.0,0.10829096544129624,0.11603059271616614,5.778593005666597,-25.760666916952232,0.9264897089781269,-2.0570899785403634
6.294200000004434,0.0,0.0,0.0,0.0,0.0,0.0,0.11129264468361011,0.1121996359786673,5.778385523416345,-25.781903889728873,0.9323833192492832,-2.0573154852911415
6.296200000004438,0.0,0.0,0.0,0.0,0.0,0.0,0.1141786126525659,0.10828900867622372,5.7781024423136245,-25.80331773416118,0.938101238747264,-2.0576209957694016
6.298200000004442,0.0,0.0,0.0,0.0,0.0,0.0,0.11694525142050341,0.10430368422645432,5.7777443196866844,-25.824907696396437,0.9436389218002539,-2.058007579032657
6.3002000000044465,0.0,0.0,0.0,0.0,0.0,0.0,0.1195892016532506,0.10024872934989768,5.777311879521825,-25.84667276585702,0.9489917997322155,-2.05847594059339
6.302200000004451,0.0,0.0,0.0,0.0,0.0,0.0,0.12210736709859966,0.09612928345454144,5.776806007805709,-25.868611667367094,0.9541552883963604,-2.059026408060972
6.304200000004455,0.0,0.0,0.0,0.0,0.0,0.0,0.12449691730261146,0.09195053812579308,5.77622774741606,-25.89072285398539,0.9591247962921768,-2.0596589176157285
6.306200000004459,0.0,0.0,0.0,0.0,0.0,0.0,0.1267552885729481,0.08771771688113576,5.775578292620366,-25.913004500648928,0.9638957332516568,-2.060373001432115
6.308200000004463,0.0,0.0,0.0,0.0,0.0,0.0,0.12888018322394532,0.08343605534429129,5.7748589832444,-25.935454498734806,0.9684635196754119,-2.0611677761694316
6.310200000004468,0.0,0.0,0.0,0.0,0.0,0.0,0.13086956715311093,0.07911078198779892,5.774071298573922,-25.958070451648037,0.9728235962942482,-2.0620419326487416
6.312200000004472,0.0,0.0,0.0,0.0,0.0,0.0,0.13272166581299116,0.07474709958568188,5.773216851053834,-25.9808496715433,0.9769714344265471,-2.062993726833535
6.314200000004476,0.0,0.0,0.0,0.0,0.0,0.0,0.13443495865566732,0.07035016750947211,5.772297379849327,-26.003789177286478,0.9809025466965278,-2.064020972229015
6.31620000000448,0.0,0.0,0.0,0.0,0.0,0.0,0.1360081721394645,0.0659250849913393,5.7713147443331625,-26.02688569375853,0.9846124981732117,-2.0651210338105876
6.3182000000044845,0.0,0.0,0.0,0.0,0.0,0.0,0.13744027139867254,0.06147687546760329,5.770270917562188,-26.050135652599256,0.9880969178847402,-2.06629082358613
6.320200000004489,0.0,0.0,0.0,0.0,0.0,0.0,0.13873045068699852,0.05701047210472638,5.769167979804573,-26.073535194481487,0.9913515106577077,-2.067526797888732
6.322200000004493,0.0,0.0,0.0,0.0,0.0,0.0,0.13987812271414282,0.05253070459795511,5.768008112176974,-26.097080172997636,0.9943720692264271,-2.0688249564869237
6.324200000004497,0.0,0.0,0.0,0.0,0.0,0.0,0.14088290700217831,0.048042287320547425,5.766793590448086,-26.12076616023003,0.9971544865526499,-2.0701808435878215
6.326200000004501,0.0,0.0,0.0,0.0,0.0,0.0,0.14174461739431427,0.0435498088888639,5.765526779061684,-26.144588454063918,0.9996947682922988,-2.0715895507952133
6.3282000000045056,0.0,0.0,0.0,0.0,0.0,0.0,0.14246324885315276,0.03905772319592661,5.764210125428507,-26.168542087288067,1.0019890453423244,-2.0730457220694314
6.33020000000451,0.0,0.0,0.0,0.0,0.0,0.0,0.14303896368871943,0.03457034195329429,5.762846154532085,-26.192621838512046,1.00403358639797,-2.0745435607190723
6.332200000004514,0.0,0.0,0.0,0.0,0.0,0.0,0.1434720773583501,0.030091828768643365,5.761437463889042,-26.216822244912027,1.005824810448586,-2.076076838436335
6.334200000004518,0.0,0.0,0.0,0.0,0.0,0.0,0.14376304398112327,0.02562619477420155,5.759986718899468,-26.241137616798405,1.007359299138776,-2.077638906368257
6.336200000004522,0.0,0.0,0.0,0.0,0.0,0.0,0.14129795219407443,0.0231491345385923,5.7594861499553485,-26.265561821042755,1.0086342126264083,-2.079223081422915
6.338200000004527,0.0,0.0,0.0,0.0,0.0,0.0,0.13946922416313468,0.02048034369008386,5.758809701018338,-26.290080893046113,1.0096602554088343,-2.0808347159459855
6.340200000004531,0.0,0.0,0.0,0.0,0.0,0.0,0.13944757692297394,0.016405361193679645,5.757380364298507,-26.31468379934611,1.0104433569552635,-2.0824744747455672
6.342200000004535,0.0,0.0,0.0,0.0,0.0,0.0,0.1393034277440179,0.01235900086103782,5.755918910079886,-26.339364451686837,1.0109809244037395,-2.0841346969462426
6.344200000004539,0.0,0.0,0.0,0.0,0.0,0.0,0.13903795384011314,0.008343953485633831,5.754427841232825,-26.36411664706048,1.011270564610565,-2.085807409787785
6.3462000000045435,0.0,0.0,0.0,0.0,0.0,0.0,0.13865236085367802,0.00436276536200442,5.752909690091999,-26.38893408661288,1.0113100967749913,-2.087484352096958
6.348200000004548,0.0,0.0,0.0,0.0,0.0,0.0,0.1381478717405273,0.0004178448887030568,5.7513670172680555,-26.41381039779415,1.0110975606671317,-2.0891569954682176
6.350200000004552,0.0,0.0,0.0,0.0,0.0,0.0,0.13752571645773307,-0.0034885298516898608,5.749802410863908,-26.438739157414545,1.01063122422286,-2.0908165665216973
6.352200000004556,0.0,0.0,0.0,0.0,0.0,0.0,0.1367871225258789,-0.007354202611121072,5.748218486078721,-26.463713915458523,1.0099095904673634,-2.092454070083855
6.35420000000456,0.0,0.0,0.0,0.0,0.0,0.0,0.13593330652986116,-0.011177129671439403,5.746617885178795,-26.48872821949953,1.0089314037353845,-2.0940603131253903
6.356200000004565,0.0,0.0,0.0,0.0,0.0,0.0,0.13496546661534561,-0.014955369796572247,5.745003277810904,-26.513775639549266,1.0076956551630776,-2.0956259292823747
6.358200000004569,0.0,0.0,0.0,0.0,0.0,0.0,0.13388477603115553,-0.018687073522808663,5.743377361630242,-26.53884979316889,1.0062015874336425,-2.097141403780167
6.360200000004573,0.0,0.0,0.0,0.0,0.0,0.0,0.13269237776127119,-0.02237047186919116,5.7417428632119565,-26.563944370665386,1.0044486987664276,-2.0985970985756746
6.362200000004577,0.0,0.0,0.0,0.0,0.0,0.0,0.13138938028384892,-0.026003864550340126,5.740102539212309,-26.589053160194577,1.0024367461468973,-2.0999832775321328
6.3642000000045815,0.0,0.0,0.0,0.0,0.0,0.0,0.12997685448868457,-0.02958560777398279,5.7384591777428,-26.614170072592987,1.0001657478025787,-2.1012901314416093
6.366200000004586,0.0,0.0,0.0,0.0,0.0,0.0,0.12845583177891043,-0.03311410170512258,5.736815599918078,-26.63928916576372,0.9976359849377826,-2.102507802714146
6.36820000000459,0.0,0.0,0.0,0.0,0.0,0.0,0.12682730337736703,-0.036587777678311575,5.7351746615361705,-26.664404668447084,0.994848002747351,-2.1036264095585078
6.370200000004594,0.0,0.0,0.0,0.0,0.0,0.0,0.12509222085306268,-0.04000508523877707,5.733539254847439,-26.68951100321412,0.9918026107368602,-2.1046360694880035
6.372200000004598,0.0,0.0,0.0,0.0,0.0,0.0,0.12325149787835868,-0.04336447909251741,5.731912310366753,-26.714602808530994,0.9885008823834533,-2.1055269219954362
6.374200000004603,0.0,0.0,0.0,0.0,0.0,0.0,0.12130601322298931,-0.0466644060447183,5.73029679868155,-26.73967495975359,0.984944154177722,-2.1062891502538488
6.376200000004607,0.0,0.0,0.0,0.0,0.0,0.0,0.1129857832729198,-0.048164044420429146,5.7334991860775455,-26.7647213146251,0.9811353359197184,-2.1069171207985518
6.378200000004611,0.0,0.0,0.0,0.0,0.0,0.0,0.10420835870299673,-0.04883696373742197,5.737215769476765,-26.789729667569933,0.977084014551775,-2.10742565521059
6.380200000004615,0.0,0.0,0.0,0.0,0.0,0.0,0.09849409269186983,-0.049791741467124985,5.738738767355573,-26.814687000745252,0.972800847277792,-2.1078328892257803
6.3822000000046195,0.0,0.0,0.0,0.0,0.0,0.0,0.09658972648746958,-0.051748225261017966,5.73733856937297,-26.839584809870864,0.9682921001672005,-2.1081431491159317
6.384200000004624,0.0,0.0,0.0,0.0,0.0,0.0,0.09464309408693518,-0.05364574755320694,5.735953722709584,-26.864418819491828,0.9635601321330497,-2.108348118395756
6.386200000004628,0.0,0.0,0.0,0.0,0.0,0.0,0.09265454386181816,-0.055484799379564693,5.734586113231086,-26.889185244509818,0.9586073335592399,-2.108439029770327
6.388200000004632,0.0,0.0,0.0,0.0,0.0,0.0,0.09062435408567719,-0.057265748341757634,5.733237645384809,-26.91388061438997,0.9534363133803793,-2.1084072767693027
6.390200000004636,0.0,0.0,0.0,0.0,0.0,0.0,0.08855274897545114,-0.05898883029040694,5.731910244211152,-26.938501780870485,0.9480498934211526,-2.1082444253341746
6.392200000004641,0.0,0.0,0.0,0.0,0.0,0.0,0.08643991523793375,-0.06065414227199757,5.730605856883044,-26.963045924182666,0.9424511025425656,-2.1079422239785277
6.394200000004645,0.0,0.0,0.0,0.0,0.0,0.0,0.08428601902545124,-0.062261636744933575,5.729326453738352,-26.98751055779707,0.9366431706558048,-2.1074926125407525
6.396200000004649,0.0,0.0,0.0,0.0,0.0,0.0,0.08209122320685593,-0.06381111706555678,5.728074028773021,-27.01189353172277,0.9306295226626184,-2.106887729561767
6.398200000004653,0.0,0.0,0.0,0.0,0.0,0.0,0.07985570486193952,-0.06530223424104599,5.726850599565579,-27.036193034397318,0.9244137723786934,-2.106119918332344
6.4002000000046575,0.0,0.0,0.0,0.0,0.0,0.0,0.0775796729094154,-0.06673448494266936,5.725658206606499,-27.060407593214023,0.9179997164935793,-2.1051817316654944
6.402200000004662,0.0,0.0,0.0,0.0,0.0,0.0,0.07526338578045524,-0.06810721077001897,5.724498912008745,-27.084536073741067,0.9113913286173053,-2.104065935458917
6.404200000004666,0.0,0.0,0.0,0.0,0.0,0.0,0.07290716905148385,-0.06941959875441935,5.723374797578709,-27.10857767769351,0.9045927534600573,-2.1027655111208254
6.40620000000467,0.0,0.0,0.0,0.0,0.0,0.0,0.07051143295148152,-0.070670683087642,5.722287962229576,-27.132531939724295,0.897608301187174,-2.1012736569394326
6.408200000004674,0.0,0.0,0.0,0.0,0.0,0.0,0.06807668966023456,-0.07185934806040431,5.721240518722087,-27.156398723104353,0.890442441987351,-2.099583788482055
6.410200000004679,0.0,0.0,0.0,0.0,0.0,0.0,0.06560357031500322,-0.0729843321936892,5.72023458972062,-27.180178214364336,0.8830998008873715,-2.0976895381142424
6.412200000004683,0.0,0.0,0.0,0.0,0.0,0.0,0.06309284164372686,-0.07404423354470069,5.719272303155545,-27.203870916971827,0.8755851528419684,-2.0955847537325654
6.414200000004687,0.0,0.0,0.0,0.0,0.0,0.0,0.060545422143236806,-0.07503751616819418,5.718355786886007,-27.2274776441182,0.8679034181226314,-2.093263496806837
6.416200000004691,0.0,0.0,0.0,0.0,0.0,0.0,0.057962397721025155,-0.07596251771288391,5.717487162660513,-27.25099951068814,0.8600596580243295,-2.0907200398286148
6.4182000000046955,0.0,0.0,0.0,0.0,0.0,0.0,0.05534503671881052,-0.0768174581315924,5.716668539376235,-27.27443792448323,0.8520590709042922,-2.0879488632629957
6.4202000000047,0.0,0.0,0.0,0.0,0.0,0.0,0.052694804235643614,-0.07760044948264841,5.715902005641537,-27.29779457676814,0.8439069885622077,-2.0849446521000368
6.422200000004704,0.0,0.0,0.0,0.0,0.0,0.0,0.050013375667433094,-0.07830950679877621,5.715189621650155,-27.321071432204633,0.8356088729664809,-2.081702292100711
6.424200000004708,0.0,0.0,0.0,0.0,0.0,0.0,0.04730264937880617,-0.07894255999812655,5.7145334103795635,-27.344270718234323,0.827170313326606,-2.0782168658302647
6.426200000004712,0.0,0.0,0.0,0.0,0.0,0.0,0.04456475842196043,-0.07949746681030789,5.713935348130476,-27.36739491396686,0.8185970235072143,-2.074483648569278
6.428200000004717,0.0,0.0,0.0,0.0,0.0,0.0,0.04180208121592896,-0.07997202668799513,5.713397354429139,-27.390446738624792,0.8098948397750433,-2.0704981041897135
6.430200000004721,0.0,0.0,0.0,0.0,0.0,0.0,0.03901725109830985,-0.0803639956720713,5.712921281319067,-27.413429139591486,0.8010697188658865,-2.0662558810798863
6.432200000004725,0.0,0.0,0.0,0.0,0.0,0.0,0.03621316466025074,-0.08067110217508747,5.712508902074227,-27.436345280102692,0.7921277363545915,-2.06175280819867
6.434200000004729,0.0,0.0,0.0,0.0,0.0,0.0,0.03339298877435968,-0.08089106364410778,5.712161899371319,-27.459198526616884,0.7830750853073277,-2.056984891335433
6.4362000000047335,0.0,0.0,0.0,0.0,0.0,0.0,0.030560166224326175,-0.08102160405976594,5.711881852964829,-27.481992435893964,0.7739180751916964,-2.051948309648267
6.438200000004738,0.0,0.0,0.0,0.0,0.0,0.0,0.027718419844509307,-0.08106047222340959,5.711670226914798,-27.504730741806263,0.7646631310167685,-2.0466394125490246
6.440200000004742,0.0,0.0,0.0,0.0,0.0,0.0,0.02487175507774995,-0.08100546077872278,5.711528356423881,-27.52741734190054,0.7553167926718309,-2.041054716999607
6.442200000004746,0.0,0.0,0.0,0.0,0.0,0.0,0.022024460860192687,-0.08085442590799662,5.711457434347181,-27.55005628372451,0.7458857144294906,-2.0351909052798813
6.44420000000475,0.0,0.0,0.0,0.0,0.0,0.0,0.019181108743244038,-0.08060530763644837,5.711458497445401,-27.572651750926564,0.7363766645758215,-2.029044823283478
6.446200000004755,0.0,0.0,0.0,0.0,0.0,0.0,0.016346550164951137,-0.08025615067050083,5.711532412459223,-27.595208049132975,0.7267965251274511,-2.0226134793936947
6.448200000004759,0.0,0.0,0.0,0.0,0.0,0.0,0.013525911786285875,-0.07980512568797353,5.711679862090228,-27.617729591602664,0.7171522915928549,-2.015894043987618
6.450200000004763,0.0,0.0,0.0,0.0,0.0,0.0,0.010724588812119809,-0.07925055098954663,5.711901330981144,-27.64022088465616,0.7074510727326864,-2.008883849612547
6.452200000004767,0.0,0.0,0.0,0.0,0.0,0.0,0.007948236222273686,-0.07859091441186819,5.712197091795722,-27.662686512872227,0.6977000902716797,-2.0015803918746764
6.4542000000047715,0.0,0.0,0.0,0.0,0.0,0.0,0.0052027578449841076,-0.07782489539328563,5.712567191505796,-27.68513112404313,0.687906678512568,-1.9939813310758514
6.456200000004776,0.0,0.0,0.0,0.0,0.0,0.0,0.0024942932136158753,-0.07695138707354948,5.713011438000255,-27.70755941387766,0.6780782838005479,-1.986084494629986
6.45820000000478,0.0,0.0,0.0,0.0,0.0,0.0,-0.00017079784250546775,-0.07596951829901918,5.713529387137326,-27.729976110439697,0.6682224637850988,-1.9778878802863302
6.460200000004784,0.0,0.0,0.0,0.0,0.0,0.0,-0.0027859529104869636,-0.07487867539513257,5.714120330367878,-27.752385958309613,0.6583468864244709,-1.9693896601822372
6.462200000004788,0.0,0.0,0.0,0.0,0.0,0.0,-0.005344427033384541,-0.07367852355828283,5.714783283063021,-27.774793702456044,0.6484593286768843,-1.9605881857432774
6.464200000004793,0.0,0.0,0.0,0.0,0.0,0.0,-0.007839315085420228,-0.07236902770995214,5.71551697368413,-27.797204071806302,0.6385676748214656,-1.951481993443479
6.466200000004797,0.0,0.0,0.0,0.0,0.0,0.0,-0.010263576474440915,-0.07095047264724583,5.716319833937324,-27.819621762505687,0.6286799143512248,-1.9420698114330261
6.468200000004801,0.0,0.0,0.0,0.0,0.0,0.0,-0.01261006214433499,-0.069423482315953,5.71718999005717,-27.842051420858464,0.6188041393799555,-1.9323505670349403
6.470200000004805,0.0,0.0,0.0,0.0,0.0,0.0,-0.01487154382952774,-0.06778903802531872,5.718125255365902,-27.864497625946743,0.6089485415048819,-1.9223233951059693
6.472200000004809,0.0,0.0,0.0,0.0,0.0,0.0,-0.01704074549154746,-0.06604849541785045,5.7191231242545095,-27.886964871927788,0.5991214080672049,-1.911987647250118
6.474200000004814,0.0,0.0,0.0,0.0,0.0,0.0,-0.019110376843958353,-0.06420360000320904,5.720180767730442,-27.909457550015656,0.5893311177534579,-1.901342901865901
6.476200000004818,0.0,0.0,0.0,0.0,0.0,0.0,-0.02107316884700953,-0.062256501062537904,5.721295030673416,-27.93197993015931,0.5795861354818327,-1.89038897500046
6.478200000004822,0.0,0.0,0.0,0.0,0.0,0.0,-0.022921911027291367,-0.060209763728878006,5.722462430935514,-27.954536142436293,0.5698950065194043,-1.8791259319751228
6.480200000004826,0.0,0.0,0.0,0.0,0.0,0.0,-0.024649490450783924,-0.058066379050764845,5.723679160414493,-27.97713015818909,0.5602663497785467,-1.8675540997377813
6.4822000000048305,0.0,0.0,0.0,0.0,0.0,0.0,-0.026248932150400306,-0.0558297718498898,5.724941088219806,-27.999765770940556,0.5507088502438122,-1.8556740798876392
6.484200000004835,0.0,0.0,0.0,0.0,0.0,0.0,-0.02771344078155931,-0.053503806190121975,5.7262437660391345,-28.022446577134033,0.5412312504842282,-1.843486762307424
6.486200000004839,0.0,0.0,0.0,0.0,0.0,0.0,-0.029036443252148443,-0.05109278828428972,5.727582435799271,-28.04517595675465,0.531842341210365,-1.8309933393271423
6.488200000004843,0.0,0.0,0.0,0.0,0.0,0.0,-0.030211632046762613,-0.048601466677144815,5.72895203969894,-28.067957053899455,0.5225509508407186,-1.8181953203319163
6.490200000004847,0.0,0.0,0.0,0.0,0.0,0.0,-0.031233008939812217,-0.04603502955790091,5.730347232672577,-28.090792757375798,0.5133659340479516,-1.8050945467144777
6.492200000004852,0.0,0.0,0.0,0.0,0.0,0.0,-0.03209492876856359,-0.04339909907375325,5.731762397323355,-28.113685681419643,0.5042961592623921,-1.7916932070606353
6.494200000004856,0.0,0.0,0.0,0.0,0.0,0.0,-0.03279214291589966,-0.040699722536806295,5.73319166134089,-28.136638146638045,0.49535049511792206,-1.7779938524436125
6.49620000000486,0.0,0.0,0.0,0.0,0.0,0.0,-0.03331984213408858,-0.03794336044082132,5.734628917394316,-28.1596521612927,0.486537795833993,-1.7639994116907463
6.498200000004864,0.0,0.0,0.0,0.0,0.0,0.0,-0.033673698325734455,-0.03513687123099239,5.736067845465023,-28.182729403053834,0.4778668855370064,-1.7497132064738838
6.5002000000048685,0.0,0.0,0.0,0.0,0.0,0.0,-0.03384990488680083,-0.03228749279940059,5.737501937555497,-28.205871201365888,0.46934654153464545,-1.7351389660631247
6.502200000004873,0.0,0.0,0.0,0.0,0.0,0.0,-0.03384521520971796,-0.02940282071056032,5.738924524681878,-28.22907852057788,0.46098547656791544,-1.7202808415726256
6.504200000004877,0.0,0.0,0.0,0.0,0.0,0.0,-0.03365697894249471,-0.026490783195286804,5.740328806028341,-28.252351944001642,0.4527923200775816,-1.7051434195172908
6.506200000004881,0.0,0.0,0.0,0.0,0.0,0.0,-0.03328317560289646,-0.02355961298647371,5.741707880111708,-28.27569165907031,0.44477559853428583,-1.6897317344906753
6.508200000004885,0.0,0.0,0.0,0.0,0.0,0.0,-0.03272244515539829,-0.02061781610690672,5.743054777775296,-28.299097443776905,0.4369437148947882,-1.6740512807676107
6.51020000000489,0.0,0.0,0.0,0.0,0.0,0.0,-0.03197411517302882,-0.01767413775624984,5.744362496802426,-28.322568654578067,0.4293049272603539,-1.6581080226303333
6.512200000004894,0.0,0.0,0.0,0.0,0.0,0.0,-0.031038224226453248,-0.01473752548145397,5.745624037912813,-28.346104215951264,0.4218673268271511,-1.6419084032145412
6.514200000004898,0.0,0.0,0.0,0.0,0.0,0.0,-0.02991554116874073,-0.011817089851144973,5.746832441879794,-28.369702611793844,0.41463881523243035,-1.6254593516722204
6.516200000004902,0.0,0.0,0.0,0.0,0.0,0.0,-0.028607580016072862,-0.0089220628896443,5.747980827483537,-28.393361878849742,0.40762708141402043,-1.6087682884515302
6.5182000000049065,0.0,0.0,0.0,0.0,0.0,0.0,-0.02711661016185741,-0.0060617545593009995,5.749062429995682,-28.4170796023434,0.4008395781140557,-1.5918431285008259
6.520200000004911,0.0,0.0,0.0,0.0,0.0,0.0,-0.025445661703981888,-0.0032455076101792937,5.750070639874599,-28.44085291399094,0.39428349817059055,-1.574692282214241
6.522200000004915,0.0,0.0,0.0,0.0,0.0,0.0,-0.023598525711675155,-0.0004826511432629162,5.750999041338239,-28.464678492545044,0.3879657507525883,-1.5573246539503245
6.524200000004919,0.0,0.0,0.0,0.0,0.0,0.0,-0.021579749308965786,0.0022175467435521195,5.751841450473682,-28.4885525670129,0.38189293770441163,-1.5397496379730942
6.526200000004923,0.0,0.0,0.0,0.0,0.0,0.0,-0.01939462550532734,0.004845926838618569,5.752591952539246,-28.5124709226655,0.37607133017511424,-1.5219771116865721
6.528200000004928,0.0,0.0,0.0,0.0,0.0,0.0,-0.017049177759790597,0.007393486826928536,5.753244938116638,-28.536428909931637,0.37050684571525394,-1.5040174260592414
6.530200000004932,0.0,0.0,0.0,0.0,0.0,0.0,-0.01455013932174537,0.009851429017150762,5.753795137777151,-28.560421456241585,0.3652050260293568,-1.4858813931637562
6.532200000004936,0.0,0.0,0.0,0.0,0.0,0.0,-0.011904927448781914,0.012211207371483174,5.754237654937341,-28.584443080853987,0.36017101557532344,-1.4675802707893
6.53420000000494,0.0,0.0,0.0,0.0,0.0,0.0,-0.00912161265829273,0.014464573426835142,5.754567996595744,-28.60848791266497,0.35540954120276413,-1.4491257441187746
6.5362000000049445,0.0,0.0,0.0,0.0,0.0,0.0,-0.006208883224108067,0.01660362070364356,5.754782101662799,-28.632549710961882,0.35092489302031477,-1.4305299045000035
6.538200000004949,0.0,0.0,0.0,0.0,0.0,0.0,-0.003176005181317268,0.018620827211906544,5.75487636662082,-28.656621889045823,0.3467209066773005,-1.4118052253786515
6.540200000004953,0.0,0.0,0.0,0.0,0.0,0.0,-3.277815071626585e-05,0.02050909568232745,5.754847668279177,-28.680697540608044,0.34280094723760657,-1.392964535499915
6.542200000004957,0.0,0.0,0.0,0.0,0.0,0.0,0.0032105126617475296,0.02226179117354662,5.754693383421144,-28.704769468706054,0.3391678948132864,-1.3740209895253783
6.544200000004961,0.0,0.0,0.0,0.0,0.0,0.0,0.006543147896179591,0.023872775733856676,5.7544114051727036,-28.72883021714697,0.33582413211233975,-1.354988036249913
6.546200000004966,0.0,0.0,0.0,0.0,0.0,0.0,0.009954028472753592,0.025336439826895176,5.7540001559591465,-28.75287210404891,0.33277153403936305,-1.3358793846402715
6.54820000000497,0.0,0.0,0.0,0.0,0.0,0.0,0.013431732573070083,0.026647730265104246,5.753458596952025,-28.77688725731702,0.3300114594695963,-1.3167089679511637
6.550200000004974,0.0,0.0,0.0,0.0,0.0,0.0,0.016964574691771324,0.027802174431588028,5.752786233946184,-28.800867651740187,0.327544745296528,-1.2974909062053064
6.552200000004978,0.0,0.0,0.0,0.0,0.0,0.0,0.020540666265909332,0.028795900609694634,5.751983119643641,-28.824805147387767,0.3253717028309951,-1.2782394673504323
6.5542000000049825,0.0,0.0,0.0,0.0,0.0,0.0,0.024147977380152248,0.029625654279678084,5.751049852357352,-28.84869152896406,0.323492116605989,-1.2589690274277971
6.556200000004987,0.0,0.0,0.0,0.0,0.0,0.0,0.02777439904248357,0.030288810282436976,5.749987571182958,-28.872518545762137,0.32190524561657313,-1.2396940301028325
6.558200000004991,0.0,0.0,0.0,0.0,0.0,0.0,0.030797650968423226,0.03491716086268857,5.753301446976842,-28.896277160919063,0.3206070429809963,-1.2204304752640895
6.560200000004995,0.0,0.0,0.0,0.0,0.0,0.0,0.034721885436298054,0.035239505666927066,5.751910727553495,-28.91995622918608,0.31958569734293224,-1.201198410330952
6.562200000004999,0.0,0.0,0.0,0.0,0.0,0.0,0.038626418620003065,0.03537339469694768,5.750387137621831,-28.94354710138948,0.3188376766722145,-1.182013057990037
6.564200000005004,0.0,0.0,0.0,0.0,0.0,0.0,0.04249804629697648,0.03531897795313272,5.748734235138683,-28.967041534243517,0.31835987916149233,-1.1628890257880815
6.566200000005008,0.0,0.0,0.0,0.0,0.0,0.0,0.04632382529497507,0.035077140638279734,5.746956100391738,-28.99043146348041,0.3181487059165357,-1.1438407849810028
6.568200000005012,0.0,0.0,0.0,0.0,0.0,0.0,0.05009114007733984,0.03464948798818747,5.745057309507629,-29.013709039685626,0.31820007739678297,-1.124882633402213
6.570200000005016,0.0,0.0,0.0,0.0,0.0,0.0,0.05378776624614014,0.03403832533440932,5.743042905042279,-29.036866662140714,0.31850945190097213,-1.106028660187113
6.5722000000050205,0.0,0.0,0.0,0.0,0.0,0.0,0.05740193047716736,0.033246633635724276,5.740918363950076,-29.059897010400384,0.31907184592950616,-1.0872927126178848
6.574200000005025,0.0,0.0,0.0,0.0,0.0,0.0,0.06092236644403526,0.03227804075603656,5.73868956324781,-29.082793073366116,0.3198818562398004,-1.0686883653177124
6.576200000005029,0.0,0.0,0.0,0.0,0.0,0.0,0.06433836633597054,0.031136788803562437,5.736362743704781,-29.105548175656676,0.32093368339845424,-1.050228891985894
6.578200000005033,0.0,0.0,0.0,0.0,0.0,0.0,0.06763982762462077,0.029827697878982096,5.733944471901963,-29.128156001115904,0.3222211566247925,-1.0319272398259027
6.580200000005037,0.0,0.0,0.0,0.0,0.0,0.0,0.07081729478867001,0.02835612660850013,5.73144160101069,-29.150610613338827,0.32373775971417634,-1.0137960067782086
6.582200000005042,0.0,0.0,0.0,0.0,0.0,0.0,0.07386199576058375,0.0267279298609645,5.728861230644936,-29.172906473138255,0.325476657826444,-0.9958474216295096
6.584200000005046,0.0,0.0,0.0,0.0,0.0,0.0,0.0767658729166397,0.024949414066472345,5.726210666141011,-29.195038452913753,0.3274307249248209,-0.9780933270307323
6.58620000000505,0.0,0.0,0.0,0.0,0.0,0.0,0.07952160848885552,0.023027290566864218,5.723497377614472,-29.217001847923473,0.32959257165345446,-0.9605451654185502
6.588200000005054,0.0,0.0,0.0,0.0,0.0,0.0,0.08212264433471429,0.020968627436214606,5.720728959136402,-29.238792384495362,0.3319545734471934,-0.9432139677998711
6.5902000000050585,0.0,0.0,0.0,0.0,0.0,0.0,0.08456319605703828,0.018780800212005268,5.717913088360064,-29.260406225247504,0.33450889867506256,-0.926110345326348
6.592200000005063,0.0,0.0,0.0,0.0,0.0,0.0,0.08683826152121682,0.01647144197501246,5.715057486914601,-29.281839971417416,0.33724753662881757,-0.9092444835568793
6.594200000005067,0.0,0.0,0.0,0.0,0.0,0.0,0.08894362386958124,0.014048393208443852,5.712169881865044,-29.30309066242635,0.34016232517967665,-0.892626139280655
6.596200000005071,0.0,0.0,0.0,0.0,0.0,0.0,0.09087584918244761,0.011519651854662452,5.709257968517887,-29.324155772827282,0.3432449779395046,-0.8762646397517312
6.598200000005075,0.0,0.0,0.0,0.0,0.0,0.0,0.09263227898156487,0.008893323971263346,5.706329374828948,-29.3450332068037,0.3464871107770416,-0.8601688841685122
6.60020000000508,0.0,0.0,0.0,0.0,0.0,0.0,0.0942110178139687,0.006177575367860511,5.703391627645807,-29.36572129040095,0.34988026755491125,-0.8443473472178704
6.602200000005084,0.0,0.0,0.0,0.0,0.0,0.0,0.09561091619208804,0.0033805845808266375,5.700452120990954,-29.38621876168288,0.35341594496880396,-0.8288080844937995
6.604200000005088,0.0,0.0,0.0,0.0,0.0,0.0,0.0968315491990472,0.00051049751634095,5.697518086564301,-29.406524759013166,0.3570856163861219,-0.8135587395943703
6.606200000005092,0.0,0.0,0.0,0.0,0.0,0.0,0.09787319109619064,-0.002424615937562013,5.694596566615493,-29.42663880766486,0.3608807545972486,-0.7986065526980166
6.608200000005096,0.0,0.0,0.0,0.0,0.0,0.0,0.09873678629279874,-0.005416803060680473,5.691694389307632,-29.44656080496196,0.3647928534082045,-0.7839583704205844
6.610200000005101,0.0,0.0,0.0,0.0,0.0,0.0,0.09942391705565987,-0.008458266975805123,5.688818146665188,-29.466291004154492,0.3688134480186038,-0.7696206567577653
6.612200000005105,0.0,0.0,0.0,0.0,0.0,0.0,0.09993676834868882,-0.011541402646938653,5.685974175170306,-29.485829997224105,0.37293413414333015,-0.7555995049231681
6.614200000005109,0.0,0.0,0.0,0.0,0.0,0.0,0.10027809020020069,-0.014658830032428063,5.683168539043859,-29.505178696809967,0.37714658585008304,-0.7419006498999828
6.616200000005113,0.0,0.0,0.0,0.0,0.0,0.0,0.10045115799799142,-0.01780342425898579,5.6804070162205935,-29.524338317436534,0.3814425720977863,-0.7285294815336081
6.6182000000051175,0.0,0.0,0.0,0.0,0.0,0.0,0.10045973111030483,-0.02096834271619633,5.677695087002148,-29.54331035621453,0.38581397197271905,-0.7154910580033786
6.620200000005122,0.0,0.0,0.0,0.0,0.0,0.0,0.10030801022434793,-0.024147049003660527,5.675037925347542,-29.5620965731756,0.39025278863006896,-0.7027901195233156
6.622200000005126,0.0,0.0,0.0,0.0,0.0,0.0,0.100000593783721,-0.027333333694214524,5.672440392738421,-29.580698971389268,0.3947511619583877,-0.6904311021343101
6.62420000000513,0.0,0.0,0.0,0.0,0.0,0.0,0.09954243389225592,-0.030521331906189515,5.669907034535858,-29.599119776998723,0.3993013799931345,-0.6784181514630596
6.626200000005134,0.0,0.0,0.0,0.0,0.0,0.0,0.09893879203483831,-0.03370553770530897,5.667442078727161,-29.617361419299378,0.40389588911314106,-0.6667551363361446
6.628200000005139,0.0,0.0,0.0,0.0,0.0,0.0,0.09819519494621491,-0.03688081538224678,5.6650494369449245,-29.635426510971968,0.40852730306043444,-0.6554456621506388
6.630200000005143,0.0,0.0,0.0,0.0,0.0,0.0,0.09731739093705408,-0.04004240767499071,5.66273270762649,-29.65331782856957,0.41318841082945884,-0.6444930839154055
6.632200000005147,0.0,0.0,0.0,0.0,0.0,0.0,0.0963113069630634,-0.04318594102579717,5.660495181170253,-29.671038293346363,0.41787218347638555,-0.6339005188895708
6.634200000005151,0.0,0.0,0.0,0.0,0.0,0.0,0.09518300669827148,-0.04630742798067379,5.65833984693559,-29.68859095250436,0.42257177990294753,-0.6236708587564742
6.6362000000051555,0.0,0.0,0.0,0.0,0.0,0.0,0.09393864984799755,-0.04940326685493629,5.6562694019257505,-29.705978960923964,0.4272805516721437,-0.6138067812825533
6.63820000000516,0.0,0.0,0.0,0.0,0.0,0.0,0.09258445291107334,-0.05247023880146277,5.654286260987682,-29.723205563433872,0.4319920469152894,-0.6043107614210678
6.640200000005164,0.0,0.0,0.0,0.0,0.0,0.0,0.09112665157479911,-0.055505502428951095,5.652392568359282,-29.74027407766681,0.4367000133913155,-0.5951850818302571
6.642200000005168,0.0,0.0,0.0,0.0,0.0,0.0,0.08957146490039182,-0.05850658612570867,5.650590210393014,-29.75718787753886,0.44139840075999165,-0.5864318427843966
6.644200000005172,0.0,0.0,0.0,0.0,0.0,0.0,0.08792506143148737,-0.061471378250592894,5.6488808292849075,-29.77395037738248,0.44608136213095595,-0.57805297146431
6.646200000005177,0.0,0.0,0.0,0.0,0.0,0.0,0.08619352733396225,-0.06439811535663897,5.647265837639606,-29.79056501675626,0.45074325495011336,-0.570050230621158
6.648200000005181,0.0,0.0,0.0,0.0,0.0,0.0,0.08438283665212466,-0.06728536861491438,5.64574643370517,-29.80703524594819,0.4553786412841993,-0.5624252266138122
6.650200000005185,0.0,0.0,0.0,0.0,0.0,0.0,0.082498823744396,-0.07013202860640606,5.644323617115589,-29.823364512183748,0.4599822875631363,-0.5551794168258394
6.652200000005189,0.0,0.0,0.0,0.0,0.0,0.0,0.08054715794110803,-0.07293728864839297,5.642998204984258,-29.839556246545268,0.464549163838303,-0.5483141164731135
6.6542000000051935,0.0,0.0,0.0,0.0,0.0,0.0,0.07853332044812696,-0.07570062681907254,5.641770848197938,-29.85561385160473,0.46907444261302916,-0.5418305048173687
6.656200000005198,0.0,0.0,0.0,0.0,0.0,0.0,0.07646258350270008,-0.07842178684030363,5.6406420477675905,-29.87154068976879,0.4735534972995811,-0.5357296308046625
6.658200000005202,0.0,0.0,0.0,0.0,0.0,0.0,0.0743399917723556,-0.08110075797343554,5.639612171100126,-29.887340072331543,0.4779819003546425,-0.5300124181507643
6.660200000005206,0.0,0.0,0.0,0.0,0.0,0.0,0.07217034597377377,-0.08373775407750934,5.6386814680630035,-29.903015249228357,0.4823554211428688,-0.5246796698979842
6.66220000000521,0.0,0.0,0.0,0.0,0.0,0.0,0.0699581886764052,-0.08633319197278572,5.637850086722027,-29.918569399481733,0.4866700235755331,-0.5197320724699476
6.664200000005215,0.0,0.0,0.0,0.0,0.0,0.0,0.06770779224508006,-0.08888766924580542,5.637118088641137,-29.934005622328804,0.49092186356861567,-0.5151701992523471
6.666200000005219,0.0,0.0,0.0,0.0,0.0,0.0,0.06542314886701552,-0.09140194162509829,5.636485463641671,-29.94932692901865,0.49510728636194645,-0.5109945137288261
6.668200000005223,0.0,0.0,0.0,0.0,0.0,0.0,0.06310796260127711,-0.09387690004951554,5.635952143927133,-29.964536235266817,0.4992228237382101,-0.5072053722018829
6.670200000005227,0.0,0.0,0.0,0.0,0.0,0.0,0.06076564338292029,-0.09631354754391719,5.635518017488106,-29.97963635435369,0.5032651911777959,-0.5038030261291071
6.6722000000052315,0.0,0.0,0.0,0.0,0.0,0.0,0.0583993029095394,-0.09871297600992332,5.635182940710304,-29.99462999085304,0.5072312849826274,-0.5007876241051697
6.674200000005236,0.0,0.0,0.0,0.0,0.0,0.0,0.05601175233473041,-0.10107634303256996,5.634946750116946,-30.009519734976774,0.5111181793992597,-0.49815921351985953
6.67620000000524,0.0,0.0,0.0,0.0,0.0,0.0,0.05360550169087793,-0.10340484879724036,5.634809273184631,-30.024308057522045,0.5149231237687034,-0.49591774192208565
6.678200000005244,0.0,0.0,0.0,0.0,0.0,0.0,0.04775460026321679,-0.10342089252632378,5.639938626218347,-30.038997667920952,0.5186439815084083,-0.49406179755217255
6.680200000005248,0.0,0.0,0.0,0.0,0.0,0.0,0.03758074650972654,-0.09997961283239987,5.652077748154456,-30.053600121804244,0.5222898209355489,-0.4925585153531802
6.682200000005253,0.0,0.0,0.0,0.0,0.0,0.0,0.03465180787556248,-0.10102875862470767,5.6535397483644525,-30.068131873881576,0.5258764355363715,-0.4913568022821987
6.684200000005257,0.0,0.0,0.0,0.0,0.0,0.0,0.03257958003809027,-0.10264890987234254,5.65372368894179,-30.082597428999847,0.5294055331351601,-0.490446364101097
6.686200000005261,0.0,0.0,0.0,0.0,0.0,0.0,0.030483870087381716,-0.10424114168180051,5.653970961731617,-30.096998268858414,0.5328753272686169,-0.4898270860111996
6.688200000005265,0.0,0.0,0.0,0.0,0.0,0.0,0.028365544995190933,-0.10580527920960478,5.654281587304989,-30.111335808521797,0.536284126201692,-0.48949876491134275
6.6902000000052695,0.0,0.0,0.0,0.0,0.0,0.0,0.026225361561982317,-0.10734111497896898,5.654655574811807,-30.125611394824503,0.5396303318977349,-0.4894611099202054
6.692200000005274,0.0,0.0,0.0,0.0,0.0,0.0,0.024063970115818446,-0.10884839989290447,5.6550929235311305,-30.13982630504182,0.542912439009958,-0.4897137428182691
6.694200000005278,0.0,0.0,0.0,0.0,0.0,0.0,0.02188191881025803,-0.11032683456507525,5.655593623988648,-30.15398174582207,0.5461290338993915,-0.49025619841900453
6.696200000005282,0.0,0.0,0.0,0.0,0.0,0.0,0.019679658489670498,-0.11177606100281838,5.656157658636998,-30.16807885237569,0.5492787936835315,-0.4910879248786397
6.698200000005286,0.0,0.0,0.0,0.0,0.0,0.0,0.017457548090145446,-0.1131956546754709,5.6567850020969725,-30.182118687916518,0.5523604853189337,-0.4922082839535784
6.700200000005291,0.0,0.0,0.0,0.0,0.0,0.0,0.015215860544020856,-0.11458511699996189,5.657475620960023,-30.19610224335055,0.5553729647200664,-0.4936165512142204
6.702200000005295,0.0,0.0,0.0,0.0,0.0,0.0,0.01295478915593515,-0.11594386827450442,5.658229473154725,-30.21003043720736,0.5583151759158463,-0.49531191622358883
6.704200000005299,0.0,0.0,0.0,0.0,0.0,0.0,0.01067445441816328,-0.11727124109020855,5.659046506882149,-30.22390411580938,0.561186150244399,-0.497293482688797
6.706200000005303,0.0,0.0,0.0,0.0,0.0,0.0,0.008374911232898984,-0.11856647424942231,5.659926659127226,-30.237724053673983,0.5639850055857536,-0.49956026859299274
6.7082000000053075,0.0,0.0,0.0,0.0,0.0,0.0,0.0060561565089632735,-0.1198287072186898,5.660869853755383,-30.251490954143385,0.5667109456313743,-0.502111206315001
6.710200000005312,0.0,0.0,0.0,0.0,0.0,0.0,0.0037181371002242567,-0.12105697514326624,5.661875999205815,-30.26520545023713,0.5693632591886668,-0.5049451427434541
6.712200000005316,0.0,0.0,0.0,0.0,0.0,0.0,0.0013607580527620461,-0.12225020444922138,5.662944985794863,-30.278868105721816,0.5719413195178685,-0.5080608393917537
6.71420000000532,0.0,0.0,0.0,0.0,0.0,0.0,-0.0010161088725324252,-0.123407209058207,5.6640766826449696,-30.292479416392606,0.574444583698048,-0.5114569725197421
6.716200000005324,0.0,0.0,0.0,0.0,0.0,0.0,-0.0034126164356079185,-0.12452668723898125,5.665270934256753,-30.306039811560826,0.5768725920183004,-0.5151321332675017
6.718200000005329,0.0,0.0,0.0,0.0,0.0,0.0,-0.0058289329453248,-0.12560721911873252,5.666527556743677,-30.31954965574169,0.5792249673896235,-0.5190848278062185
6.720200000005333,0.0,0.0,0.0,0.0,0.0,0.0,-0.008265233114662878,-0.12664726487611735,5.6678463337507585,-30.333009250536143,0.5815014147724178,-0.5233134775105648
6.722200000005337,0.0,0.0,0.0,0.0,0.0,0.0,-0.01072168877839926,-0.1276451636366744,5.669227012080684,-30.346418836700323,0.5837017206140491,-0.527816419156578
6.724200000005341,0.0,0.0,0.0,0.0,0.0,0.0,-0.013198459509297496,-0.12859913308992627,5.670669297052567,-30.35977859639613,0.5858257522904677,-0.5325919051485265
6.7262000000053455,0.0,0.0,0.0,0.0,0.0,0.0,-0.015695683169570145,-0.12950726984595334,5.672172847620409,-30.373088655615796,0.587873457545479,-0.5376381037777727
6.72820000000535,0.0,0.0,0.0,0.0,0.0,0.0,-0.018213466435218928,-0.13036755054755392,5.673737271280155,-30.38634908677338,0.5898448639209187,-0.5429530995161717
6.730200000005354,0.0,0.0,0.0,0.0,0.0,0.0,-0.02075187533166541,-0.13117783375224584,5.675362118795897,-30.399559911455512,0.5917400781706966,-0.5485348933460747
6.732200000005358,0.0,0.0,0.0,0.0,0.0,0.0,-0.02331092581996391,-0.13193586259629003,5.677046878777534,-30.412721103323484,0.593559285651439,-0.5543814031285521
6.734200000005362,0.0,0.0,0.0,0.0,0.0,0.0,-0.025890574473757512,-0.1326392682506689,5.678790972143699,-30.425832591158464,0.5953027496822852,-0.5604904640110049
6.736200000005367,0.0,0.0,0.0,0.0,0.0,0.0,-0.028490709287975563,-0.1332855741764401,5.680593746505354,-30.438894262041213,0.5969708108662681,-0.5668598288749064
6.738200000005371,0.0,0.0,0.0,0.0,0.0,0.0,-0.031111140661107133,-0.133872201184181,5.682454470506807,-30.451905964657303,0.598563886365651,-0.5734871688240066
6.740200000005375,0.0,0.0,0.0,0.0,0.0,0.0,-0.03375159259363852,-0.1343964732992694,5.684372328162215,-30.464867512718577,0.6000824691235855,-0.5803700737129418
6.742200000005379,0.0,0.0,0.0,0.0,0.0,0.0,-0.036411694145895686,-0.13485562443157284,5.68634641322685,-30.477778688491043,0.6015271270245003,-0.5875060527158235
6.7442000000053834,0.0,0.0,0.0,0.0,0.0,0.0,-0.03909097119914371,-0.1352468058446707,5.688375723643347,-30.490639246419285,0.6028985019857492,-0.5948925349340435
6.746200000005388,0.0,0.0,0.0,0.0,0.0,0.0,-0.04178883856418986,-0.13556709441610804,5.69045915610413,-30.503448916836902,0.6041973089732003,-0.6025268700422154
6.748200000005392,0.0,0.0,0.0,0.0,0.0,0.0,-0.04450459248203748,-0.13581350167627942,5.692595500771833,-30.51620740975231,0.605424334933672,-0.6104063289708873
6.750200000005396,0.0,0.0,0.0,0.0,0.0,0.0,-0.0472374035612299,-0.13598298360948688,5.694783436200069,-30.528914418698875,0.6065804376373938,-0.6185281046244125
6.7522000000054,0.0,0.0,0.0,0.0,0.0,0.0,-0.0499863101964,-0.13607245119642455,5.697021524497239,-30.54156962463802,0.6076665444239943,-0.626889312632143
6.7542000000054045,0.0,0.0,0.0,0.0,0.0,0.0,-0.05275021251219646,-0.1360787816729305,5.699308206776083,-30.55417269990374,0.6086836508458953,-0.6354869921309214
6.756200000005409,0.0,0.0,0.0,0.0,0.0,0.0,-0.055527866876162374,-0.13599883047524713,5.701641798931619,-30.566723312176666,0.6096328192034127,-0.6443181065767061
6.758200000005413,0.0,0.0,0.0,0.0,0.0,0.0,-0.058317881023246636,-0.13582944383733705,5.704020487789633,-30.579221128475634,0.6105151769663406,-0.6533795445830441
6.760200000005417,0.0,0.0,0.0,0.0,0.0,0.0,-0.06111870983347563,-0.1355674720010311,5.70644232766729,-30.591665819154574,0.611331915077305,-0.6626681207840333
6.762200000005421,0.0,0.0,0.0,0.0,0.0,0.0,-0.06392865180277478,-0.135209782994952,5.708905237386439,-30.604057061892217,0.6120842861327316,-0.672180576719375
6.764200000005426,0.0,0.0,0.0,0.0,0.0,0.0,-0.06674584624518172,-0.13475327693330275,5.711406997779054,-30.616394545662317,0.6127736024378635,-0.6819135817391174
6.76620000000543,0.0,0.0,0.0,0.0,0.0,0.0,-0.06956827126247016,-0.13419490078082502,5.713945249722647,-30.628677974671724,0.6134012339328931,-0.6918637339257236
6.768200000005434,0.0,0.0,0.0,0.0,0.0,0.0,-0.07239374251472327,-0.13353166352548262,5.716517492741785,-30.640907072253732,0.6139686059879323,-0.7020275610311665
6.770200000005438,0.0,0.0,0.0,0.0,0.0,0.0,-0.07521991282256671,-0.1327606516958061,5.71912108420969,-30.6530815847043,0.6144771970652286,-0.7124015214268572
6.7722000000054425,0.0,0.0,0.0,0.0,0.0,0.0,-0.07804427262850526,-0.13187904515540302,5.721753239181513,-30.665201285048507,0.614928536247745,-0.7229820050643485
6.774200000005447,0.0,0.0,0.0,0.0,0.0,0.0,-0.08086415134130281,-0.13088413310289007,5.7244110308882155,-30.677265976724982,0.6153242006339515,-0.7337653344449216
6.776200000005451,0.0,0.0,0.0,0.0,0.0,0.0,-0.08367671958341992,-0.12977333020153972,5.727091391916971,-30.689275497176123,0.6156658125994169,-0.7447477655963558
6.778200000005455,0.0,0.0,0.0,0.0,0.0,0.0,-0.08647899235730033,-0.12854419275928086,5.7297911161007775,-30.701229721332044,0.6159550369265447,-0.7559254890553989
6.780200000005459,0.0,0.0,0.0,0.0,0.0,0.0,-0.09015993005370015,-0.12664026359906758,5.732442410559844,-30.713128724831424,0.616193872073634,-0.767294299294916
6.782200000005464,0.0,0.0,0.0,0.0,0.0,0.0,-0.0943837482761172,-0.12422969684536399,5.734985048994806,-30.724974671866704,0.6163880672900378,-0.7788457482031611
6.784200000005468,0.0,0.0,0.0,0.0,0.0,0.0,-0.09831555414150334,-0.12182728819343844,5.737469253167795,-30.736770796300952,0.6165450896153579,-0.790569450911556
6.786200000005472,0.0,0.0,0.0,0.0,0.0,0.0,-0.10199402123798758,-0.11941639993959874,5.739907424408313,-30.748519827837736,0.6166712151495232,-0.8024563599018777
6.788200000005476,0.0,0.0,0.0,0.0,0.0,0.0,-0.10524840851311741,-0.11711071919544226,5.74233909842503,-30.76022403418917,0.6167716502549042,-0.8144986188003756
6.7902000000054805,0.0,0.0,0.0,0.0,0.0,0.0,-0.10789304939243642,-0.11504192568622823,5.744831753755402,-30.771884708130216,0.6168496474768315,-0.8266905253778665
6.792200000005485,0.0,0.0,0.0,0.0,0.0,0.0,-0.11049974139293953,-0.11285264809479417,5.747316702253796,-30.783502189475385,0.6169066244387524,-0.8390283781836526
6.794200000005489,0.0,0.0,0.0,0.0,0.0,0.0,-0.11306451896847865,-0.11054255651580763,5.749790532922117,-30.79507679565429,0.6169438855986181,-0.8515085634028208
6.796200000005493,0.0,0.0,0.0,0.0,0.0,0.0,-0.1155833605846153,-0.10811156663644242,5.752249773955086,-30.80660888781737,0.6169627389979482,-0.8641274237606543
6.798200000005497,0.0,0.0,0.0,0.0,0.0,0.0,-0.1180522000282973,-0.10555984744457227,5.7546908997707025,-30.818098871796877,0.6169644937903114,-0.876881259390601
6.800200000005502,0.0,0.0,0.0,0.0,0.0,0.0,-0.12046693819804782,-0.1028878281608293,5.7571103384505395,-30.82954719894102,0.616950457740291,-0.8897663287045694
6.802200000005506,0.0,0.0,0.0,0.0,0.0,0.0,-0.12282345533141281,-0.10009620434558139,5.759504479568259,-30.84095436681905,0.6169219346981735,-0.9027788492661346
6.80420000000551,0.0,0.0,0.0,0.0,0.0,0.0,-0.12511762362317025,-0.0971859431349328,5.761869682382338,-30.85232091979519,0.6168802220557836,-0.9159149986673187
6.806200000005514,0.0,0.0,0.0,0.0,0.0,0.0,-0.12734532018475755,-0.09415828756318162,5.764202284366659,-30.86364744947012,0.6168266081890421,-0.92917091540969
6.8082000000055185,0.0,0.0,0.0,0.0,0.0,0.0,-0.12950244029250502,-0.09101475993291286,5.766498610050392,-30.874934594988584,0.6167623698929642,-0.9425426997905963
6.810200000005523,0.0,0.0,0.0,0.0,0.0,0.0,-0.1315849108696728,-0.08775716419786006,5.7687549801365,-30.88618304321247,0.6166887698149295,-0.9560264147954033
6.812200000005527,0.0,0.0,0.0,0.0,0.0,0.0,-0.13358870414492838,-0.08438758732797878,5.770967720866193,-30.897393528758865,0.616607053892156,-0.969618086996658
6.814200000005531,0.0,0.0,0.0,0.0,0.0,0.0,-0.13550985142784397,-0.08090839963070795,5.773133173594839,-30.908566833903063,0.6165184487993784,-0.983313707461133
6.816200000005535,0.0,0.0,0.0,0.0,0.0,0.0,-0.13734445694021882,-0.0773222540071843,5.775247704543136,-30.919703788346848,0.6164241594127914,-0.9971092326657318
6.81820000000554,0.0,0.0,0.0,0.0,0.0,0.0,-0.13908871164059014,-0.07363208412717119,5.777307714685864,-30.930805268852758,0.6163253662963504,-1.0110005854232444
6.820200000005544,0.0,0.0,0.0,0.0,0.0,0.0,-0.14073890697817037,-0.06984110151165585,5.779309649739157,-30.941872198745333,0.6162232232165379,-1.0249836558189485
6.822200000005548,0.0,0.0,0.0,0.0,0.0,0.0,-0.14229144851170267,-0.06595279151738848,5.781250010206143,-30.95290554728085,0.6161188546916972,-1.039054302159031
6.824200000005552,0.0,0.0,0.0,0.0,0.0,0.0,-0.14374286932829475,-0.06197090822310506,5.7831253614397955,-30.963906328887273,0.6160133535820117,-1.0532083519317903
6.8262000000055565,0.0,0.0,0.0,0.0,0.0,0.0,-0.1450898431972732,-0.05789946822273736,5.784932343681154,-30.974875602276594,0.6159077787261668,-1.0674416027825342
6.828200000005561,0.0,0.0,0.0,0.0,0.0,0.0,-0.14632919739441727,-0.053742743336496854,5.78666768203051,-30.98581446943196,0.6158031526306695,-1.0817498235030525
6.830200000005565,0.0,0.0,0.0,0.0,0.0,0.0,-0.14745792513265238,-0.04950525225637394,5.788328196308848,-30.996724074472578,0.6157004592177237,-1.0961287550364736
6.832200000005569,0.0,0.0,0.0,0.0,0.0,0.0,-0.14847319753636773,-0.045191751148206165,5.789910810766779,-31.007605602399284,0.6156006416374609,-1.1105741114982628
6.834200000005573,0.0,0.0,0.0,0.0,0.0,0.0,-0.1493723750980006,-0.04080722323802448,5.791412563598301,-31.01846027772457,0.6155046001502243,-1.1250815812140307
6.836200000005578,0.0,0.0,0.0,0.0,0.0,0.0,-0.1501530185573537,-0.036356867415921174,5.792830616217125,-31.029289362990557,0.6154131900844662,-1.1396468277747456
6.838200000005582,0.0,0.0,0.0,0.0,0.0,0.0,-0.1508128991463413,-0.0318460858960089,5.794162262253891,-31.040094157179166,0.6153272198756824,-1.1542654911098502
6.840200000005586,0.0,0.0,0.0,0.0,0.0,0.0,-0.1513500081444139,-0.02728047097630157,5.79540493623341,-31.05087599401889,0.6152474491916533,-1.1689331885786856
6.84220000000559,0.0,0.0,0.0,0.0,0.0,0.0,-0.15176256569283206,-0.022665790947377834,5.7965562218921525,-31.06163624019275,0.6151745871490832,-1.1836455160805242
6.8442000000055945,0.0,0.0,0.0,0.0,0.0,0.0,-0.15204902881920268,-0.01800797520351481,5.7976138600974245,-31.072376293452432,0.6151092906265513,-1.1983980491834159
6.846200000005599,0.0,0.0,0.0,0.0,0.0,0.0,-0.15220809862726611,-0.013313098614551306,5.7985757563312115,-31.08309758064386,0.6150521626784872,-1.2131863442719255
6.848200000005603,0.0,0.0,0.0,0.0,0.0,0.0,-0.15179885011136768,-0.008770648827957384,5.79972837212164,-31.09380151194518,0.6150036003293717,-1.228006013675545
6.850200000005607,0.0,0.0,0.0,0.0,0.0,0.0,-0.15113525646857254,-0.004240587185988974,5.800877248610446,-31.104489229700842,0.6149628764476047,-1.2428531369748157
6.852200000005611,0.0,0.0,0.0,0.0,0.0,0.0,-0.1504088267949874,0.000351538575882945,5.801892125128316,-31.11516186972893,0.6149289112961944,-1.2577237907757746
6.854200000005616,0.0,0.0,0.0,0.0,0.0,0.0,-0.14961378816674195,0.0049948684772780985,5.8027702305245175,-31.12582070857935,0.6149007796988739,-1.2726137976478922
6.85620000000562,0.0,0.0,0.0,0.0,0.0,0.0,-0.1487456838213354,0.009678841104256555,5.803509035439706,-31.136467146367423,0.6148776868543377,-1.2875187592788513
6.858200000005624,0.0,0.0,0.0,0.0,0.0,0.0,-0.1478011840512849,0.01439312252956874,5.804106315598214,-31.147102690277652,0.6148589465947795,-1.3024340872783415
6.860200000005628,0.0,0.0,0.0,0.0,0.0,0.0,-0.14677792049631827,0.01912755626229462,5.804560215914559,-31.15772893898372,0.6148439632348788,-1.3173550313994846
6.8622000000056325,0.0,0.0,0.0,0.0,0.0,0.0,-0.14567434052220643,0.02387213209949532,5.804869312519868,-31.168347567760655,0.6148322164465673,-1.332276705727683
6.864200000005637,0.0,0.0,0.0,0.0,0.0,0.0,-0.1444895790660845,0.028616971793194237,5.805032670085016,-31.17896031413238,0.6148232486865322,-1.3471941132528922
6.866200000005641,0.0,0.0,0.0,0.0,0.0,0.0,-0.14322334589923538,0.03335232943594309,5.805049892114131,-31.189568963956457,0.6148166547792117,-1.36210216912661
6.868200000005645,0.0,0.0,0.0,0.0,0.0,0.0,-0.1418758267162653,0.03806860442854323,5.804921162220209,-31.200175337897797,0.6148120733206189,-1.376995722807447
6.870200000005649,0.0,0.0,0.0,0.0,0.0,0.0,-0.14044759681246208,0.04275636484540616,5.804647274779673,-31.210781278285566,0.6148091796200355,-1.3918695792176146
6.872200000005654,0.0,0.0,0.0,0.0,0.0,0.0,-0.13893954636817013,0.04740637897625077,5.8042296537924285,-31.221388636381484,0.6148076799393122,-1.4067185189659985
6.874200000005658,0.0,0.0,0.0,0.0,0.0,0.0,-0.13735281653090428,0.052009652814795304,5.803670359237909,-31.2319992601142,0.6148073068248543,-1.421537317640679
6.876200000005662,0.0,0.0,0.0,0.0,0.0,0.0,-0.1356887455847917,0.05655747129933198,5.80297208069981,-31.24261498235309,0.6148078153566983,-1.4363207641340152
6.878200000005666,0.0,0.0,0.0,0.0,0.0,0.0,-0.13394882453619875,0.061041441195700596,5.802138118512461,-31.25323760980633,0.6148089801635634,-1.4510636779357506
6.8802000000056704,0.0,0.0,0.0,0.0,0.0,0.0,-0.13213466143833028,0.06545353365410449,5.801172353137997,-31.263868912632553,0.6148105930733445,-1.4657609253130317
6.882200000005675,0.0,0.0,0.0,0.0,0.0,0.0,-0.13024795374066922,0.06978612466621326,5.800079203893904,-31.274510614853984,0.6148124612859984,-1.480407434289622
6.884200000005679,0.0,0.0,0.0,0.0,0.0,0.0,-0.12829046789543758,0.07403203189195304,5.7988635784957925,-31.285164385651846,0.6148144059708023,-1.4949982083386206
6.886200000005683,0.0,0.0,0.0,0.0,0.0,0.0,-0.1262640253956334,0.07818454660604507,5.79753081514516,-31.295831831613224,0.6148162612030531,-1.5095283387122922
6.888200000005687,0.0,0.0,0.0,0.0,0.0,0.0,-0.12417049436860857,0.08223745981973371,5.796086619066568,-31.306514489983748,0.6148178731668446,-1.5239930153476766
6.8902000000056915,0.0,0.0,0.0,0.0,0.0,0.0,-0.12201178581430305,0.08618508194827675,5.794536995479332,-31.317213822962795,0.6148190995608824,-1.5383875363059427
6.892200000005696,0.0,0.0,0.0,0.0,0.0,0.0,-0.11978985356404531,0.09002225570472383,5.7928881809776565,-31.327931213059145,0.6148198091536313,-1.5527073157254874
6.8942000000057,0.0,0.0,0.0,0.0,0.0,0.0,-0.11750669704756285,0.09374436219116337,5.791146575197981,-31.33866795950564,0.6148198814425635,-1.5669478902921334
6.896200000005704,0.0,0.0,0.0,0.0,0.0,0.0,-0.11516436599308882,0.0973473204179525,5.789318674485384,-31.34942527571273,0.6148192063800004,-1.5811049242531294
6.898200000005708,0.0,0.0,0.0,0.0,0.0,0.0,-0.11276496624662985,0.10082758070028376,5.787411009047707,-31.360204287723175,0.6148176841350741,-1.5951742130239126
6.900200000005713,0.0,0.0,0.0,0.0,0.0,0.0,-0.11031066597804766,0.10418211255387338,5.785430084823931,-31.371006033614567,0.6148152248677013,-1.6091516854567924
6.902200000005717,0.0,0.0,0.0,0.0,0.0,0.0,-0.10780370163894654,0.10740838783496287,5.783382331009731,-31.381831463783293,0.6148117484961827,-1.623033404858198
6.904200000005721,0.0,0.0,0.0,0.0,0.0,0.0,-0.10503643101725994,0.11050462287243892,5.781384504477049,-31.392681459115042,0.6148071412743713,-1.6368155391754933
6.906200000005725,0.0,0.0,0.0,0.0,0.0,0.0,-0.10202760482422528,0.11347333834219349,5.77942090023044,-31.40355705509444,0.6148007051322115,-1.650493967866401
6.9082000000057295,0.0,0.0,0.0,0.0,0.0,0.0,-0.0989671673637189,0.11631352971653901,5.77739366772459,-31.414459403637206,0.614791296464054,-1.6640643298942885
6.910200000005734,0.0,0.0,0.0,0.0,0.0,0.0,-0.09585980681819399,0.11902330277198177,5.7753063715695365,-31.42538961948852,0.6147777276156263,-1.6775222839636883
6.912200000005738,0.0,0.0,0.0,0.0,0.0,0.0,-0.09271020571159828,0.12160106229891667,5.773162645838376,-31.43634877592385,0.6147587780825589,-1.6908635157289973
6.914200000005742,0.0,0.0,0.0,0.0,0.0,0.0,-0.08952302637642794,0.12404551073066511,5.77096618375571,-31.447337903965877,0.6147331971195186,-1.7040837392016113
6.916200000005746,0.0,0.0,0.0,0.0,0.0,0.0,-0.08630289674990196,0.12635564564532545,5.7687207273814,-31.45835799174551,0.6146997064140672,-1.7171786981546011
6.918200000005751,0.0,0.0,0.0,0.0,0.0,0.0,-0.08305439656292371,0.12853075616901255,5.766430057335021,-31.469409984009626,0.6146570028186918,-1.730144167524961
6.920200000005755,0.0,0.0,0.0,0.0,0.0,0.0,-0.07978204398258891,0.13057041831456093,5.764097982605569,-31.480494781778066,0.614603761134334,-1.742975954813473
6.922200000005759,0.0,0.0,0.0,0.0,0.0,0.0,-0.07649028276584584,0.1324744892949267,5.761728330489981,-31.491613242151477,0.6145386369386463,-1.755669901482256
6.924200000005763,0.0,0.0,0.0,0.0,0.0,0.0,-0.07318346997836991,0.13424310085544905,5.759324936702694,-31.502766178271454,0.6144602694521354,-1.7682218843500819
6.9262000000057675,0.0,0.0,0.0,0.0,0.0,0.0,-0.06986586432894444,0.1358766516736781,5.756891635696958,-31.5139543594337,0.6143672844353156,-1.7806278169855267
6.928200000005772,0.0,0.0,0.0,0.0,0.0,0.0,-0.06654161516560637,0.13737579887967763,5.754432251236843,-31.52517851135447,0.6142582971099885,-1.7928836510980264
6.930200000005776,0.0,0.0,0.0,0.0,0.0,0.0,-0.0632147521755395,0.13874144875355526,5.751950587256909,-31.536439316590066,0.6141319150977932,-1.8049853779268732
6.93220000000578,0.0,0.0,0.0,0.0,0.0,0.0,-0.059889175826294445,0.13997474666035833,5.7494504190443125,-31.547737415108525,0.6139867413692215,-1.8169290296281575
6.934200000005784,0.0,0.0,0.0,0.0,0.0,0.0,-0.05656864858129726,0.1410770662854951,5.7469354847757845,-31.559073405012146,0.6138213771963913,-1.8287106806596274
6.936200000005789,0.0,0.0,0.0,0.0,0.0,0.0,-0.05325678691792122,0.142049998236395,5.744409477439348,-31.570447843408996,0.6136344251029824,-1.8403264491633615
6.938200000005793,0.0,0.0,0.0,0.0,0.0,0.0,-0.04995705417161055,0.14289533807823443,5.741876037167996,-31.581861247430922,0.6134244918048969,-1.8517724983461215
6.940200000005797,0.0,0.0,0.0,0.0,0.0,0.0,-0.04667275422473755,0.14361507387322453,5.739338744009742,-31.593314095395062,0.6131901911353882,-1.8630450378571497
6.942200000005801,0.0,0.0,0.0,0.0,0.0,0.0,-0.04340702605401334,0.144211373294174,5.736801111155504,-31.604806828105417,0.612930146948613,-1.8741403251631252
6.9442000000058055,0.0,0.0,0.0,0.0,0.0,0.0,-0.04016283914551146,0.1446865703837957,5.734266578643354,-31.616339850290327,0.6126429959958051,-1.885054666919894
6.94620000000581,0.0,0.0,0.0,0.0,0.0,0.0,-0.036942989781564975,0.1450431520315519,5.73173850755452,-31.627913532171434,0.6123273907685391,-1.8957844203405163
6.948200000005814,0.0,0.0,0.0,0.0,0.0,0.0,-0.03375009819920926,0.14528374423969473,5.7292201747135065,-31.63952821115894,0.611982002303844,-1.9063259945590731
6.950200000005818,0.0,0.0,0.0,0.0,0.0,0.0,-0.030586606615260307,0.14541109824963924,5.726714767901504,-31.651184193667717,0.6116055229462476,-1.9166758519895941
6.952200000005822,0.0,0.0,0.0,0.0,0.0,0.0,-0.027454778108767248,0.14542807659882648,5.724225381589186,-31.662881757048268,0.6111966690621745,-1.9268305096793732
6.954200000005827,0.0,0.0,0.0,0.0,0.0,0.0,-0.024356696347382526,0.1453376391769086,5.721755013191857,-31.674621151625985,0.6107541837024808,-1.9367865406558524
6.956200000005831,0.0,0.0,0.0,0.0,0.0,0.0,-0.02129426614017498,0.14514282934836373,5.719306559846881,-31.686402602841962,0.6102768392092848,-1.946540575266171
6.958200000005835,0.0,0.0,0.0,0.0,0.0,0.0,-0.018269214795661785,0.14484676020659823,5.716882815710314,-31.698226313487986,0.6097634397636512,-1.9560893025083979
6.960200000005839,0.0,0.0,0.0,0.0,0.0,0.0,-0.015283094260270842,0.14445260102221347,5.714486469766753,-31.710092466028097,0.6092128238710856,-1.9654294713533937
6.9622000000058435,0.0,0.0,0.0,0.0,0.0,0.0,-0.012337284009200623,0.14396356394545365,5.712120104143584,-31.722001224998735,0.6086238667822144,-1.9745578920561848
6.964200000005848,0.0,0.0,0.0,0.0,0.0,0.0,-0.009432994658603307,0.1433828910199162,5.709786192918159,-31.733952739479122,0.6079954828464457,-1.9834714374556777
6.966200000005852,0.0,0.0,0.0,0.0,0.0,0.0,-0.006571272265323519,0.14271384156145478,5.707487101403792,-31.74594714562324,0.6073266277968317,-1.99216704426151
6.968200000005856,0.0,0.0,0.0,0.0,0.0,0.0,-0.0037530032779461825,0.1419596799528492,5.705225085898097,-31.757984569244645,0.60661630096477,-2.0006417143267905
6.97020000000586,0.0,0.0,0.0,0.0,0.0,0.0,-0.0009789201007749865,0.14112366390128384,5.7030022938748965,-31.770065128444845,0.6058635474236165,-2.008892515905486
6.972200000005865,0.0,0.0,0.0,0.0,0.0,0.0,0.0017503927695141884,0.1402090332020292,5.700820764598815,-31.782188936276153,0.6050674600606802,-2.0169165848931976
6.974200000005869,0.0,0.0,0.0,0.0,0.0,0.0,0.0044344920763714135,0.1392189990479471,5.698682430139764,-31.794356103429337,0.6042271815774914,-2.0247111260501063
6.976200000005873,0.0,0.0,0.0,0.0,0.0,0.0,0.007073068648147826,0.13815673392060318,5.6965891167627545,-31.806566740936567,0.6033419064186154,-2.0322734142048855
6.978200000005877,0.0,0.0,0.0,0.0,0.0,0.0,0.009665939799315036,0.13702536209489738,5.694542546666918,-31.818820962880007,0.6024108826296677,-2.039600795438454
6.9802000000058815,0.0,0.0,0.0,0.0,0.0,0.0,0.012213041333021125,0.135827950785212,5.692544340046255,-31.831118889096153,0.6014334136455441,-2.0466906882464957
6.982200000005886,0.0,0.0,0.0,0.0,0.0,0.0,0.014714419190392545,0.13456750195720965,5.690596017443423,-31.843460647866124,0.6004088600102131,-2.0535405846797885
6.98420000000589,0.0,0.0,0.0,0.0,0.0,0.0,0.017170220792283853,0.13324694482554383,5.688699002366934,-31.85584637858214,0.5993366410297342,-2.060148051461474
6.986200000005894,0.0,0.0,0.0,0.0,0.0,0.0,0.019580686119184787,0.13186912905396703,5.686854624141294,-31.8682762343803,0.5982162363604494,-2.0665107310805535
6.988200000005898,0.0,0.0,0.0,0.0,0.0,0.0,0.021946138574827717,0.13043681867062082,5.685064120959043,-31.8807503847298,0.5970471875345525,-2.0726263428610285
6.990200000005903,0.0,0.0,0.0,0.0,0.0,0.0,0.02426697567873836,0.12895268670765658,5.6833286431032555,-31.893269017969097,0.5958290994254617,-2.0784926840062825
6.992200000005907,0.0,0.0,0.0,0.0,0.0,0.0,0.026543659632371226,0.12741931057086678,5.681649256308787,-31.905832343779153,0.5945616416556188,-2.0841076306184974
6.994200000005911,0.0,0.0,0.0,0.0,0.0,0.0,0.02877670780286199,0.1258391681416316,5.680026945230572,-31.918440595584393,0.5932445499494838,-2.0894691386930706
6.996200000005915,0.0,0.0,0.0,0.0,0.0,0.0,0.030966683167585347,0.1242146346102526,5.678462616987346,-31.931094032872025,0.5918776274346205,-2.094575245088261
6.9982000000059195,0.0,0.0,0.0,0.0,0.0,0.0,0.033114184761792204,0.12254798003668206,5.676957104749509,-31.943792943420362,0.5904607458938365,-2.0994240684704923
7.000200000005924,0.0,0.0,0.0,0.0,0.0,0.0,0.03521983817059595,0.12084136763172687,5.675511171340271,-31.956537645427343,0.5889938469713926,-2.10401381023601
7.002200000005928,0.0,0.0,0.0,0.0,0.0,0.0,0.03728428610547028,0.11909685274904955,5.674125512819861,-31.96932848953017,0.5874769433362783,-2.1083427554098377
7.004200000005932,0.0,0.0,0.0,0.0,0.0,0.0,0.0393081791042833,0.11731638257567537,5.6728007620233285,-31.98216586070765,0.5859101198055187,-2.112409273523263
7.006200000005936,0.0,0.0,0.0,0.0,0.0,0.0,0.04129216639268882,0.11550179650629358,5.671537492023358,-31.995050180056676,0.5842935344303797,-2.1162118194713355
7.008200000005941,0.0,0.0,0.0,0.0,0.0,0.0,0.04323688694347939,0.11365482718432801,5.670336219490575,-32.007981906434786,0.5826274195482182,-2.1197489343521814
7.010200000005945,0.0,0.0,0.0,0.0,0.0,0.0,0.045142960769269186,0.11177710219064735,5.6691974079249565,-32.02096153796083,0.5809120828025411,-2.1230192462901902
7.012200000005949,0.0,0.0,0.0,0.0,0.0,0.0,0.047010980482630665,0.10987014635877908,5.668121470733242,-32.03398961336609,0.5791479081336302,-2.1260214712454486
7.014200000005953,0.0,0.0,0.0,0.0,0.0,0.0,0.048841503156580056,0.10793538469364869,5.667108774128631,-32.04706671318852,0.5773353567418226,-2.12875441381207
7.0162000000059574,0.0,0.0,0.0,0.0,0.0,0.0,0.050635042517081945,0.10597414586915704,5.666159639830544,-32.0601934608029,0.5754749680252491,-2.1312169680083715
7.018200000005962,0.0,0.0,0.0,0.0,0.0,0.0,0.052392061498064524,0.10398766627828758,5.665274347543789,-32.0733705232802,0.573567360493483,-2.133408118062111
7.020200000005966,0.0,0.0,0.0,0.0,0.0,0.0,0.05411296518821519,0.10197709460797628,5.664453137198193,-32.08659861206946,0.5716132326581753,-2.135326939194303
7.02220000000597,0.0,0.0,0.0,0.0,0.0,0.0,0.05579809419775311,0.09994349690955476,5.663696210931497,-32.0998784834962,0.5696133639013411,-2.1369725984053574
7.024200000005974,0.0,0.0,0.0,0.0,0.0,0.0,0.05568574895839001,0.09705530618902208,5.664817335405335,-32.11321086674363,0.5675686829482955,-2.1383445736222666
7.0262000000059786,0.0,0.0,0.0,0.0,0.0,0.0,0.049508410509362485,0.09161490416094753,5.672167192805713,-32.126590838307436,0.5654855192958248,-2.1394596305611286
7.028200000005983,0.0,0.0,0.0,0.0,0.0,0.0,0.044740604643128325,0.08727348688507158,5.678023330389313,-32.140005320839656,0.5633778725222728,-2.1403593058948793
7.030200000005987,0.0,0.0,0.0,0.0,0.0,0.0,0.04610070898779432,0.08581815159036602,5.677601144097242,-32.15344542709178,0.5612557962371292,-2.1410725389810814
7.032200000005991,0.0,0.0,0.0,0.0,0.0,0.0,0.047427612437211275,0.08434705812256015,5.677215108971442,-32.16691064560446,0.5591214960379307,-2.141603018006807
7.034200000005995,0.0,0.0,0.0,0.0,0.0,0.0,0.04872130606558566,0.08286122839124603,5.676865252737203,-32.18040174123022,0.5569760204393126,-2.141950669303555
7.036200000006,0.0,0.0,0.0,0.0,0.0,0.0,0.04998177157055406,0.08136166038077798,5.67655157627085,-32.19391948691528,0.5548204521770239,-2.142115492173802
7.038200000006004,0.0,0.0,0.0,0.0,0.0,0.0,0.05120897987905592,0.07984932995780447,5.676274053813897,-32.20746466299399,0.5526559083541815,-2.1420975594084046
7.040200000006008,0.0,0.0,0.0,0.0,0.0,0.0,0.05240288995007818,0.07832519276930003,5.676032633126548,-32.221038056411594,0.5504835405515832,-2.141897017813202
7.042200000006012,0.0,0.0,0.0,0.0,0.0,0.0,0.05356344777979058,0.07679018621734794,5.675827235581089,-32.234640459874775,0.5483045349001865,-2.1415140887454642
7.0442000000060165,0.0,0.0,0.0,0.0,0.0,0.0,0.05469058561388072,0.07524523149664852,5.675657756196327,-32.24827267093041,0.5461201121137389,-2.140949068660725
7.046200000006021,0.0,0.0,0.0,0.0,0.0,0.0,0.05578422137109631,0.07369123568049006,5.675524063614798,-32.26193549097252,0.5439315274794267,-2.1402023296704167
7.048200000006025,0.0,0.0,0.0,0.0,0.0,0.0,0.05684425828122265,0.07212909384077437,5.675426000025053,-32.275629724177996,0.541740070804299,-2.139274320110573
7.050200000006029,0.0,0.0,0.0,0.0,0.0,0.0,0.05787058473990299,0.07055969118749547,5.675363381031927,-32.2893561763718,0.5395470663151125,-2.138165565121717
7.052200000006033,0.0,0.0,0.0,0.0,0.0,0.0,0.05886307438187563,0.06898390521300267,5.6753359954782585,-32.303115653822665,0.5373538725091487,-2.1368766672398998
7.054200000006038,0.0,0.0,0.0,0.0,0.0,0.0,0.05982158637332542,0.06740260782632226,5.6753436052220625,-32.31690896197039,0.535161881953457,-2.1354083069986523
7.056200000006042,0.0,0.0,0.0,0.0,0.0,0.0,0.06074596592318471,0.06581666746277956,5.675385944873733,-32.330736904086315,0.5329725210298998,-2.133761243541433
7.058200000006046,0.0,0.0,0.0,0.0,0.0,0.0,0.06163604501229376,0.06422695115421805,5.675462721498359,-32.344600279868686,0.5307872496233026,-2.131936315243963
7.06020000000605,0.0,0.0,0.0,0.0,0.0,0.0,0.062491643338406386,0.06263432654520128,5.675573614288728,-32.35849988397496,0.528607560749957,-2.12993444034557
7.0622000000060545,0.0,0.0,0.0,0.0,0.0,0.0,0.06331256947408385,0.06103966384069707,5.675718274215091,-32.37243650449332,0.5264349801236716,-2.1277566175885023
7.064200000006059,0.0,0.0,0.0,0.0,0.0,0.0,0.06409862223353732,0.05944383767096685,5.675896323658197,-32.38641092135606,0.5242710656565488,-2.1254039268638594
7.066200000006063,0.0,0.0,0.0,0.0,0.0,0.0,0.0648495922435094,0.057847728859587826,5.676107356032503,-32.400423904697774,0.5221174068916357,-2.122877529862583
7.068200000006067,0.0,0.0,0.0,0.0,0.0,0.0,0.06556526371226548,0.056252226080882074,5.676350935406896,-32.41447621316159,0.5199756243646172,-2.1201786707296453
7.070200000006071,0.0,0.0,0.0,0.0,0.0,0.0,0.06624541638975892,0.05465822739335017,5.676626596130545,-32.428568592156886,0.5178473688917293,-2.1173086767193228
7.072200000006076,0.0,0.0,0.0,0.0,0.0,0.0,0.06688982771101049,0.05306664163614776,5.676933842471838,-32.44270177207267,0.5157343207811201,-2.11426895884914
7.07420000000608,0.0,0.0,0.0,0.0,0.0,0.0,0.0674982751136923,0.05147838967614706,5.677272148278629,-32.45687646645036,0.5136381889649496,-2.1110610125497704
7.076200000006084,0.0,0.0,0.0,0.0,0.0,0.0,0.06807053851989935,0.04989440549362781,5.677640956668155,-32.4710933701211,0.5115607100496006,-2.107686418307891
7.078200000006088,0.0,0.0,0.0,0.0,0.0,0.0,0.06860640297103644,0.04831563709531896,5.678039679755226,-32.48535315731196,0.5095036472814883,-2.1041468422986807
7.0802000000060925,0.0,0.0,0.0,0.0,0.0,0.0,0.06910566140372461,0.04674304724416176,5.678467698427326,-32.49965647972651,0.5074687894260848,-2.100444037004311
7.082200000006097,0.0,0.0,0.0,0.0,0.0,0.0,0.06956811755363973,0.045177613995923904,5.678924362175322,-32.514003964605344,0.5054579495579355,-2.0965798418145214
7.084200000006101,0.0,0.0,0.0,0.0,0.0,0.0,0.0699935889731816,0.04362033103363035,5.679408988988467,-32.52839621277234,0.5034729637596281,-2.092556183604992
7.086200000006105,0.0,0.0,0.0,0.0,0.0,0.0,0.07038191014790925,0.04207220779167135,5.67992086532228,-32.542833796672824,0.5015156897278813,-2.0883750772889775
7.088200000006109,0.0,0.0,0.0,0.0,0.0,0.0,0.0707329356957647,0.040534269362387694,5.68045924614775,-32.55731725841026,0.49958800528516306,-2.0840386263373096
7.090200000006114,0.0,0.0,0.0,0.0,0.0,0.0,0.07104654363219368,0.0390075561789883,5.681023355090094,-32.57184710778827,0.49769180679550606,-2.0795490232616274
7.092200000006118,0.0,0.0,0.0,0.0,0.0,0.0,0.07132263868344588,0.03749312346973829,5.681612384664982,-32.58642382036511,0.49582900748347797,-2.074908550055354
7.094200000006122,0.0,0.0,0.0,0.0,0.0,0.0,0.07156115562954528,0.03599204047951248,5.682225496619852,-32.60104783552791,0.49400153565558436,-2.070119578586714
7.096200000006126,0.0,0.0,0.0,0.0,0.0,0.0,0.07176206265770409,0.03450538945603882,5.682861822387423,-32.61571955459442,0.4922113328237205,-2.0651845709377894
7.0982000000061305,0.0,0.0,0.0,0.0,0.0,0.0,0.0719253647063203,0.0330342643994123,5.683520463658095,-32.630439338950204,0.490460351730657,-2.060106079683403
7.100200000006135,0.0,0.0,0.0,0.0,0.0,0.0,0.07205110677911805,0.03157976957481453,5.684200493077307,-32.64520750822914,0.4887505542779387,-2.0548867481033857
7.102200000006139,0.0,0.0,0.0,0.0,0.0,0.0,0.07213937720854742,0.030143017789706458,5.684900955073312,-32.660024338545824,0.4870839093569882,-2.0495293103215895
7.104200000006143,0.0,0.0,0.0,0.0,0.0,0.0,0.07219031084716354,0.02872512843822458,5.685620866820117,-32.67489006078794,0.4854623905846485,-2.0440365913648764
7.106200000006147,0.0,0.0,0.0,0.0,0.0,0.0,0.07220409216547358,0.027327225316905405,5.686359219339563,-32.689804858977396,0.48388797394485267,-2.0384115071351516
7.108200000006152,0.0,0.0,0.0,0.0,0.0,0.0,0.07218095823457094,0.025950434217366425,5.687114978745706,-32.70476886870876,0.4823626353385895,-2.032657064287452
7.110200000006156,0.0,0.0,0.0,0.0,0.0,0.0,0.07212120157186941,0.02459588030305374,5.687887087633755,-32.71978217567343,0.48088834804482344,-2.0267763600070214
7.11220000000616,0.0,0.0,0.0,0.0,0.0,0.0,0.072025172828357,0.023264685278637325,5.688674466614896,-32.73484481427843,0.4794670800955383,-2.0207725816783206
7.114200000006164,0.0,0.0,0.0,0.0,0.0,0.0,0.07189328329602239,0.021957964362167535,5.689476015997346,-32.7499567663681,0.4781007915685889,-2.014649006438951
7.1162000000061685,0.0,0.0,0.0,0.0,0.0,0.0,0.07172600721451033,0.020676823071529633,5.690290617612934,-32.765117960057275,0.47679143180257244,-2.0084090006115494
7.118200000006173,0.0,0.0,0.0,0.0,0.0,0.0,0.07152388385656641,0.01942235383825304,5.691117136787474,-32.780328268684016,0.475540936538463,-2.0020560190068672
7.120200000006177,0.0,0.0,0.0,0.0,0.0,0.0,0.07128751937253404,0.01819563246307527,5.691954424452057,-32.795587509890126,0.4743512249932818,-1.9955936040914304
7.122200000006181,0.0,0.0,0.0,0.0,0.0,0.0,0.07101758837496697,0.016997714429105235,5.692801319391336,-32.810895444836866,0.4732241968716103,-1.9890253850134347
7.124200000006185,0.0,0.0,0.0,0.0,0.0,0.0,0.07071483524540802,0.015829631089689888,5.6936566506237005,-32.826251777563485,0.47216172932127015,-1.9823550764808187
7.12620000000619,0.0,0.0,0.0,0.0,0.0,0.0,0.070380075146506,0.014692385749353526,5.694519239907145,-32.84165615449534,0.47116567384001157,-1.975586477485851
7.128200000006194,0.0,0.0,0.0,0.0,0.0,0.0,0.07001419472390165,0.013586949657333923,5.695387904363498,-32.85710816410821,0.4702378531405484,-1.9687234698709635
7.130200000006198,0.0,0.0,0.0,0.0,0.0,0.0,0.06961815248372957,0.012514257934315034,5.696261459212588,-32.872607336754584,0.46938005798175453,-1.9617700167310652
7.132200000006202,0.0,0.0,0.0,0.0,0.0,0.0,0.06919297883313115,0.01147520545388651,5.697138720606838,-32.888153144657444,0.4685940439742935,-1.9547301606480971
7.1342000000062065,0.0,0.0,0.0,0.0,0.0,0.0,0.06873977577283967,0.010470642701144062,5.698018508555727,-32.90374500207606,0.4678815283693799,-1.9476080217541973
7.136200000006211,0.0,0.0,0.0,0.0,0.0,0.0,0.06825971623270413,0.009501371631532309,5.698899649928588,-32.91938226564792,0.46724418683976704,-1.9404077956204864
7.138200000006215,0.0,0.0,0.0,0.0,0.0,0.0,0.06775404304292246,0.008568141553633373,5.699780981523233,-32.935064234909866,0.4666836502624097,-1.9331337509691946
7.140200000006219,0.0,0.0,0.0,0.0,0.0,0.0,0.06722406753576397,0.007671645060019459,5.700661353187052,-32.95079015300101,0.4662015015125725,-1.925790227207602
7.142200000006223,0.0,0.0,0.0,0.0,0.0,0.0,0.06706042897887812,0.005766659427621506,5.701873335838985,-32.96655926451994,0.465799169598382,-1.9183815122620924
7.144200000006228,0.0,0.0,0.0,0.0,0.0,0.0,0.06779402363994735,0.0009519493061652632,5.704054103532977,-32.98237383254906,0.4654725212051045,-1.9109055226678167
7.146200000006232,0.0,0.0,0.0,0.0,0.0,0.0,0.06716575690680206,-0.00046224775628028427,5.7051493409178295,-32.998239088427425,0.46521210710628436,-1.9033539438451166
7.148200000006236,0.0,0.0,0.0,0.0,0.0,0.0,0.06634482040219439,-0.0013617004398306786,5.706084148316218,-33.01415540791485,0.46501723196828654,-1.8957285868049485
7.15020000000624,0.0,0.0,0.0,0.0,0.0,0.0,0.06549842634470435,-0.002215241074446652,5.707012409902188,-33.030121795310116,0.4648895313903359,-1.8880340748110034
7.1522000000062445,0.0,0.0,0.0,0.0,0.0,0.0,0.06462841639325848,-0.0030220845563856185,5.7079328238063285,-33.04613719746544,0.4648305845519139,-1.8802750957274048
7.154200000006249,0.0,0.0,0.0,0.0,0.0,0.0,0.06373671359841715,-0.0037815376032118322,5.7088441180225855,-33.06220050506509,0.4648419106597714,-1.8724563986246479
7.156200000006253,0.0,0.0,0.0,0.0,0.0,0.0,0.06282531787247347,-0.004493003706306045,5.7097450544031,-33.07831055410541,0.4649249654645765,-1.8645827902007164
7.158200000006257,0.0,0.0,0.0,0.0,0.0,0.0,0.06189630097466002,-0.0051559877856982034,5.710634432604316,-33.094466127573085,0.465081137859703,-1.856659131021022
7.160200000006261,0.0,0.0,0.0,0.0,0.0,0.0,0.06095180102969124,-0.00577010051433257,5.711511093961734,-33.1106659573185,0.46531174657461716,-1.8486903315818333
7.1622000000062656,0.0,0.0,0.0,0.0,0.0,0.0,0.05999401660118706,-0.006335062280392673,5.712373925270599,-33.126908726118515,0.46561803697519755,-1.8406813482029059
7.16420000000627,0.0,0.0,0.0,0.0,0.0,0.0,0.05902520034473729,-0.006850706758199123,5.713221862449933,-33.14319306992294,0.46600117798311874,-1.8326371787560536
7.166200000006274,0.0,0.0,0.0,0.0,0.0,0.0,0.058047652268461716,-0.007316984060248929,5.714053894067589,-33.1595175802774,0.46646225912615086,-1.8245628582374196
7.168200000006278,0.0,0.0,0.0,0.0,0.0,0.0,0.05706371263183586,-0.007733963445293808,5.714869064704488,-33.175880806914066,0.4670022877308678,-1.816463454192203
7.170200000006282,0.0,0.0,0.0,0.0,0.0,0.0,0.05607575451629971,-0.008101835559911456,5.71566647813682,-33.19228126050097,0.46762218626882035,-1.8083440620015532
7.172200000006287,0.0,0.0,0.0,0.0,0.0,0.0,0.05508617610368784,-0.008420914193733493,5.716445300315849,-33.208717415539496,0.4683227898667182,-1.8002098000422602
7.174200000006291,0.0,0.0,0.0,0.0,0.0,0.0,0.05409739270079148,-0.008691637531436426,5.717204762125942,-33.22518771339856,0.4691048439905851,-1.7920658047307318
7.176200000006295,0.0,0.0,0.0,0.0,0.0,0.0,0.05311182855039842,-0.008914568887650033,5.7179441619025875,-33.24169056547317,0.46996900231319033,-1.783917225463555
7.178200000006299,0.0,0.0,0.0,0.0,0.0,0.0,0.05213190847087578,-0.00909039691415692,5.71866286769353,-33.25822435645446,0.4709158247733488,-1.7757692194676582
7.1802000000063035,0.0,0.0,0.0,0.0,0.0,0.0,0.05116004936779566,-0.009219935272038033,5.719360319247549,-33.27478744769711,0.47194577583489633,-1.767626946573753
7.182200000006308,0.0,0.0,0.0,0.0,0.0,0.0,0.05019865166223053,-0.009304121764800454,5.720036029717078,-33.291378180669874,0.4730592229523155,-1.7594955639272885
7.184200000006312,0.0,0.0,0.0,0.0,0.0,0.0,0.04925009068111484,-0.009344016931942234,5.7206895870625,-33.30799488047423,0.47425643524910366,-1.7513802206516351
7.186200000006316,0.0,0.0,0.0,0.0,0.0,0.0,0.04831670805553302,-0.009340802105821363,5.721320655147845,-33.32463585941546,0.47553758241404726,-1.7432860524785867
7.18820000000632,0.0,0.0,0.0,0.0,0.0,0.0,0.04740080317289901,-0.009295776938130666,5.721928974519467,-33.34129942061067,0.4769027338196078,-1.7352181763615324
7.190200000006325,0.0,0.0,0.0,0.0,0.0,0.0,0.04650462472875621,-0.009210356405629826,5.722514362861288,-33.35798386161765,0.4783518578656335,-1.72718168508684
7.192200000006329,0.0,0.0,0.0,0.0,0.0,0.0,0.045630362423356656,-0.009086067308078469,5.723076715122227,-33.37468747806842,0.47988482155060325,-1.7191816418990362
7.194200000006333,0.0,0.0,0.0,0.0,0.0,0.0,0.04478013884726535,-0.008924544274503008,5.72361600331348,-33.3914085672915,0.4815013902715872,-1.711223075155334
7.196200000006337,0.0,0.0,0.0,0.0,0.0,0.0,0.04395600159900242,-0.008727525296975494,5.724132275975427,-33.408145431906874,0.483201227853083,-1.7033109730249003
7.1982000000063415,0.0,0.0,0.0,0.0,0.0,0.0,0.04315991567618685,-0.008496846813980968,5.724625657316012,-33.42489638337802,0.4849838968038649,-1.6954502782480056
7.200200000006346,0.0,0.0,0.0,0.0,0.0,0.0,0.04239375617979441,-0.0082344383681553,5.725096346024484,-33.44165974550545,0.4868488587999742,-1.687645882969827
7.20220000000635,0.0,0.0,0.0,0.0,0.0,0.0,0.041659301369029844,-0.007942316865686057,5.72554461376647,-33.4584338578472,0.48879547539098744,-1.6799026236632366
7.204200000006354,0.0,0.0,0.0,0.0,0.0,0.0,0.040958226101907066,-0.007622580466951583,5.725970803368229,-33.47521707905162,0.4908230089257358,-1.6722252761543352
7.206200000006358,0.0,0.0,0.0,0.0,0.0,0.0,0.04029209569403595,-0.007277402139989835,5.726375326699932,-33.492007790088856,0.4929306236927228,-1.6646185507638698
7.208200000006363,0.0,0.0,0.0,0.0,0.0,0.0,0.039662360225268374,-0.006909022910209007,5.726758662269533,-33.50880439736812,0.4951173872695939,-1.657087087576952
7.210200000006367,0.0,0.0,0.0,0.0,0.0,0.0,0.039070349320858413,-0.006519744841227095,5.72712135254055,-33.52560533572861,0.4973822720751764,-1.6496354518527052
7.212200000006371,0.0,0.0,0.0,0.0,0.0,0.0,0.0385172674306201,-0.0061119237829802405,5.727464000988657,-33.54240907129275,0.4997241571168137,-1.6422681295846115
7.214200000006375,0.0,0.0,0.0,0.0,0.0,0.0,0.038004189626288445,-0.0056879619241920745,5.727787268913426,-33.55921410417151,0.5021418299249916,-1.6349895232214344
7.2162000000063795,0.0,0.0,0.0,0.0,0.0,0.0,0.03753205793391092,-0.005250300186945868,5.72809187202291,-33.57601897101257,0.5046339886665802,-1.6278039475576302
7.218200000006384,0.0,0.0,0.0,0.0,0.0,0.0,0.037101678214652684,-0.0048014105014964675,5.728378576809909,-33.59282224738295,0.5071992444274158,-1.6207156258011859
7.220200000006388,0.0,0.0,0.0,0.0,0.0,0.0,0.036713717603939176,-0.0043437879995341785,5.728648196739793,-33.609622549978994,0.5098361236544073,-1.6137286858257929
7.222200000006392,0.0,0.0,0.0,0.0,0.0,0.0,0.03636870251538189,-0.0038799431639401625,5.728901588270615,-33.62641853865765,0.5125430707468871,-1.6068471566132654
7.224200000006396,0.0,0.0,0.0,0.0,0.0,0.0,0.0360670172125034,-0.003412393972612432,5.729139646726951,-33.643208918284074,0.5153184507865365,-1.600074964891047
7.226200000006401,0.0,0.0,0.0,0.0,0.0,0.0,0.03580890294788846,-0.0029436580732236173,5.729363302049421,-33.65999244039164,0.5181605523948865,-1.5934159319686467
7.228200000006405,0.0,0.0,0.0,0.0,0.0,0.0,0.035594457666099234,-0.0024762450248124613,5.729573514442241,-33.67676790465164,0.5210675907071545,-1.586873770775812
7.230200000006409,0.0,0.0,0.0,0.0,0.0,0.0,0.03542363626350949,-0.002012648640929758,5.72977126994132,-33.693534160151046,0.524037710450992,-1.58045208310426
7.232200000006413,0.0,0.0,0.0,0.0,0.0,0.0,0.03529625139515877,-0.0015553394676325087,5.729957575925507,-33.7102901064777,0.5270689891186189,-1.5741543570538095
7.2342000000064175,0.0,0.0,0.0,0.0,0.0,0.0,0.03521197481584611,-0.0011067574280356342,5.7301334565934345,-33.72703469461325,0.5301594402207719,-1.5679839646828377
7.236200000006422,0.0,0.0,0.0,0.0,0.0,0.0,0.035170339239956355,-0.0006693046633589326,5.730299948428177,-33.74376692763547,0.5333070166109319,-1.561944159862093
7.238200000006426,0.0,0.0,0.0,0.0,0.0,0.0,0.03517074070199599,-0.0002453385984552626,5.73045809567151,-33.76048586123207,0.5365096138683773,-1.5560380763300459
7.24020000000643,0.0,0.0,0.0,0.0,0.0,0.0,0.03521244139750303,0.00016283474222913852,5.730608945829031,-33.77719060402946,0.5397650737287585,-1.5502687259471934
7.242200000006434,0.0,0.0,0.0,0.0,0.0,0.0,0.035294572981891335,0.0005529671444963812,5.730753545226712,-33.79388031774036,0.5430711875511026,-1.5446389971459806
7.244200000006439,0.0,0.0,0.0,0.0,0.0,0.0,0.03541614030292695,0.0009228743185386653,5.730892934638705,-33.8105542171353,0.5464256998104046,-1.5391516535723548
7.246200000006443,0.0,0.0,0.0,0.0,0.0,0.0,0.0355760255409053,0.0012704416981771287,5.731028145005288,-33.82721156984339,0.5498263116052672,-1.5338093329143563
7.248200000006447,0.0,0.0,0.0,0.0,0.0,0.0,0.035772992729191475,0.0015936299083858436,5.731160193258882,-33.843851695988796,0.5532706841704004,-1.5286145459126037
7.250200000006451,0.0,0.0,0.0,0.0,0.0,0.0,0.03600569262664541,0.0018904798866554687,5.731290078275007,-33.8604739676695,0.5567564423841754,-1.523569675547074
7.2522000000064555,0.0,0.0,0.0,0.0,0.0,0.0,0.0362726679125302,0.0021591176461425656,5.731418776963876,-33.87707780828588,0.5602811782618423,-1.5186769763941592
7.25420000000646,0.0,0.0,0.0,0.0,0.0,0.0,0.036572358673819624,0.002397758670914416,5.7315472405171715,-33.89366269172658,0.5638424544254698,-1.5139385741476459
7.256200000006464,0.0,0.0,0.0,0.0,0.0,0.0,0.03690310815438496,0.0026047119359115544,5.731676390823278,-33.91022814142017,0.5674378075421377,-1.5093564652969909
7.258200000006468,0.0,0.0,0.0,0.0,0.0,0.0,0.03726316873529567,0.0027783835465371373,5.7318071170629805,-33.92677372926068,0.5710647517223983,-1.5049325169560441
7.260200000006472,0.0,0.0,0.0,0.0,0.0,0.0,0.037650708115470395,0.002917279994951225,5.731940272496333,-33.943299074416004,0.5747207818715314,-1.5006684668352348
7.262200000006477,0.0,0.0,0.0,0.0,0.0,0.0,0.03806381566209417,0.0030200110322741785,5.7320766714501,-33.95980384202787,0.5784033769866298,-1.4965659233501212
7.264200000006481,0.0,0.0,0.0,0.0,0.0,0.0,0.0385005089006022,0.003085292157890669,5.732217086513864,-33.976287741812385,0.5821100033930792,-1.4926263658591865
7.266200000006485,0.0,0.0,0.0,0.0,0.0,0.0,0.03895874011458339,0.003111946728947639,5.732362245951565,-33.9927505265704,0.5858381179145146,-1.4888511450237631
7.268200000006489,0.0,0.0,0.0,0.0,0.0,0.0,0.039436403026673054,0.0030989076949049323,5.732512831333992,-34.00919199061656,0.589585170970867,-1.4852414832830299
7.2702000000064935,0.0,0.0,0.0,0.0,0.0,0.0,0.03993133953237189,0.0030452189636396647,5.732669475396463,-34.02561196813622,0.5933486095996277,-1.4817984754371363
7.272200000006498,0.0,0.0,0.0,0.0,0.0,0.0,0.040441346459724054,0.002950036407099271,5.732832760124717,-34.042010331479325,0.5971258803959706,-1.4785230893316468
7.274200000006502,0.0,0.0,0.0,0.0,0.0,0.0,0.0409641823288948,0.0028126285158871648,5.733003215070864,-34.05838698939977,0.6009144323678818,-1.4754161666366745
7.276200000006506,0.0,0.0,0.0,0.0,0.0,0.0,0.041497574086898095,0.002632376713351981,5.733181315900108,-34.074741885249246,0.6047117197029265,-1.4724784237142994
7.27820000000651,0.0,0.0,0.0,0.0,0.0,0.0,0.042039223794023146,0.0024087753408523925,5.733367483167869,-34.09107499513402,0.6085152044437653,-1.469710452568083
7.280200000006515,0.0,0.0,0.0,0.0,0.0,0.0,0.0425868152398575,0.00214143132679884,5.733562081325944,-34.10738632604268,0.6123223590699878,-1.4671127218687765
7.282200000006519,0.0,0.0,0.0,0.0,0.0,0.0,0.04313802046822487,0.0018300635528529818,5.7337654179553414,-34.12367591395316,0.6161306689842712,-1.4646855780505752
7.284200000006523,0.0,0.0,0.0,0.0,0.0,0.0,0.04369050619179307,0.001474501931322357,5.73397774322257,-34.13994382192663,0.6199376349012965,-1.4624292464725914
7.286200000006527,0.0,0.0,0.0,0.0,0.0,0.0,0.044241940078584674,0.001074686208320089,5.734199249555327,-34.15619013819556,0.6237407751382481,-1.4603438326405072
7.2882000000065315,0.0,0.0,0.0,0.0,0.0,0.0,0.04478999689409342,0.000630664507608566,5.734430071532759,-34.17241497425333,0.6275376278061099,-1.4584293234836943
7.290200000006536,0.0,0.0,0.0,0.0,0.0,0.0,0.0453323644841866,0.00014259163035111602,5.734670285984791,-34.188618462951894,0.6313257529013222,-1.456685588683405
7.29220000000654,0.0,0.0,0.0,0.0,0.0,0.0,0.04586674958542416,-0.00038927287389033344,5.734919912294405,-34.20480075661409,0.635102734297699,-1.4551123820479552
7.294200000006544,0.0,0.0,0.0,0.0,0.0,0.0,0.0463908834508676,-0.0009645668495226272,5.7351789128961626,-34.22096202516662,0.6388661816388226,-1.4537093429311476
7.296200000006548,0.0,0.0,0.0,0.0,0.0,0.0,0.046902527280828825,-0.00158282787532563,5.735447193963822,-34.23710245429931,0.6426137321314144,-1.4524759976904933
7.298200000006553,0.0,0.0,0.0,0.0,0.0,0.0,0.047399477449379654,-0.002243495787738629,5.735724606279431,-34.2532222436562,0.646343052240457,-1.4514117611821011
7.300200000006557,0.0,0.0,0.0,0.0,0.0,0.0,0.0478795705187186,-0.0029459153720904725,5.736010946275951,-34.269321605063205,0.6500518392870818,-1.4505159382894046
7.302200000006561,0.0,0.0,0.0,0.0,0.0,0.0,0.04717476890301765,-0.01057299568301763,5.735873576095954,-34.28540312951368,0.6537376769115822,-1.449782505065484
7.304200000006565,0.0,0.0,0.0,0.0,0.0,0.0,0.04618481161774392,-0.01747920210259632,5.735770195836418,-34.30147738541893,0.6573977492388028,-1.4491878191350696
7.306200000006569,0.0,0.0,0.0,0.0,0.0,0.0,0.04504518756437119,-0.02327962791251838,5.735718609306486,-34.31755496705136,0.6610294071091223,-1.448708214915811
7.308200000006574,0.0,0.0,0.0,0.0,0.0,0.0,0.04379602729242449,-0.028151775936125396,5.73570478022282,-34.333644647694754,0.6646302570266213,-1.448324061954182
7.310200000006578,0.0,0.0,0.0,0.0,0.0,0.0,0.04323123105338956,-0.029011191745653322,5.73591852811479,-34.34975253949792,0.6681981808138047,-1.4480215950307007
7.312200000006582,0.0,0.0,0.0,0.0,0.0,0.0,0.04269952412321351,-0.0296404773759645,5.7361401061603585,-34.365879800007505,0.6717314249988433,-1.447797925680034
7.314200000006586,0.0,0.0,0.0,0.0,0.0,0.0,0.0421524537594955,-0.030272168266206347,5.736355415380934,-34.382026582870076,0.6752283132607941,-1.447652293265945
7.3162000000065905,0.0,0.0,0.0,0.0,0.0,0.0,0.041589505341051866,-0.030905670143961485,5.73656429975332,-34.39819303499547,0.6786871815780396,-1.447583861552446
7.318200000006595,0.0,0.0,0.0,0.0,0.0,0.0,0.04101019318425977,-0.03154035302421309,5.736766597555045,-34.41437929571531,0.6821063793348289,-1.4475917191232799
7.320200000006599,0.0,0.0,0.0,0.0,0.0,0.0,0.04041406246875687,-0.03217555261569138,5.736962141995794,-34.430585495963776,0.6854842704177548,-1.4476748798429109
7.322200000006603,0.0,0.0,0.0,0.0,0.0,0.0,0.03980069107903724,-0.032810571817535945,5.737150761888918,-34.446811757482635,0.6888192343021138,-1.4478322833595103
7.324200000006607,0.0,0.0,0.0,0.0,0.0,0.0,0.03916969135756399,-0.03344468230160994,5.737332282360143,-34.46305819205282,0.692109667128119,-1.4480627956504788
7.326200000006612,0.0,0.0,0.0,0.0,0.0,0.0,0.03852071176539575,-0.03407712617565764,5.7375065255905815,-34.47932490075486,0.6953539827669595,-1.4483652096110955
7.328200000006616,0.0,0.0,0.0,0.0,0.0,0.0,0.03785343844669909,-0.03470711772238484,5.737673311590974,-34.49561197326002,0.698550613876701,-1.4487382456869353
7.33020000000662,0.0,0.0,0.0,0.0,0.0,0.0,0.03716759669388018,-0.035333845209441946,5.73783245900405,-34.51191948715443,0.7016980129480461,-1.4491805525507275
7.332200000006624,0.0,0.0,0.0,0.0,0.0,0.0,0.03646295231045254,-0.03595647276522641,5.73798378593178,-34.528247507298126,0.7047946533399625,-1.4496907078243635
7.3342000000066285,0.0,0.0,0.0,0.0,0.0,0.0,0.03573931286912885,-0.03657414231535729,5.738127110784285,-34.54459608522074,0.7078390303051971,-1.4502672188467909
7.336200000006633,0.0,0.0,0.0,0.0,0.0,0.0,0.03499652886297337,-0.03718597557465972,5.738262253147045,-34.560965258556,0.7108296620056883,-1.4509085234885473
7.338200000006637,0.0,0.0,0.0,0.0,0.0,0.0,0.0342344947478332,-0.037791076089478716,5.738389034663089,-34.57735505051659,0.7137650905178844,-1.4516129910136948
7.340200000006641,0.0,0.0,0.0,0.0,0.0,0.0,0.03345314987460597,-0.03838853132514341,5.738507279926775,-34.593765469411046,0.7166438828279598,-1.4523789229899267
7.342200000006645,0.0,0.0,0.0,0.0,0.0,0.0,0.03265247931025282,-0.03897741479343374,5.738616817385775,-34.61019650820443,0.719464631816916,-1.4532045542476015
7.34420000000665,0.0,0.0,0.0,0.0,0.0,0.0,0.031832514546797655,-0.03955678821495243,5.738717480247874,-34.62664814412408,0.7222259572355324,-1.4540880538884646
7.346200000006654,0.0,0.0,0.0,0.0,0.0,0.0,0.030993334097880867,-0.04012570371134463,5.738809107389219,-34.643120338312,0.7249265066691142,-1.4550275263447736
7.348200000006658,0.0,0.0,0.0,0.0,0.0,0.0,0.030135063982754708,-0.04068320602239557,5.738891544260648,-34.65961303552494,0.7275649564919648,-1.4560210124895252
7.350200000006662,0.0,0.0,0.0,0.0,0.0,0.0,0.029257878097890364,-0.041228334743117115,5.738964643788781,-34.67612616388359,0.7301400128114884,-1.4570664907984507
7.3522000000066665,0.0,0.0,0.0,0.0,0.0,0.0,0.028361998476682828,-0.04176012657603689,5.7390282672685915,-34.69265963467168,0.7326504124017955,-1.4581618785643744
7.354200000006671,0.0,0.0,0.0,0.0,0.0,0.0,0.027447695437984167,-0.04227761759401159,5.7390822852442325,-34.70921334218602,0.7350949236266674,-1.4593050331644963
7.356200000006675,0.0,0.0,0.0,0.0,0.0,0.0,0.026515287624471803,-0.04277984550901249,5.739126578374924,-34.725787163638266,0.7374723473517,-1.4604937533810842
7.358200000006679,0.0,0.0,0.0,0.0,0.0,0.0,0.0255651419320998,-0.043265851942457745,5.739161038282807,-34.74238095910882,0.7397815178454186,-1.4617257807759865
7.360200000006683,0.0,0.0,0.0,0.0,0.0,0.0,0.02459767333210099,-0.043734684692812956,5.739185568379735,-34.75899457155363,0.7420213036691284,-1.4629988011192983
7.362200000006688,0.0,0.0,0.0,0.0,0.0,0.0,0.023613344587218185,-0.04418539999632262,5.739200084670021,-34.77562782686399,0.7441906085552326,-1.4643104458724219
7.364200000006692,0.0,0.0,0.0,0.0,0.0,0.0,0.022612665864049183,-0.044617064776893214,5.7392045165263035,-34.79228053397964,0.7462883722737149,-1.4656582937256637
7.366200000006696,0.0,0.0,0.0,0.0,0.0,0.0,0.021596194243544215,-0.04502875888130239,5.739198807435724,-34.80895248505503,0.7483135714864605,-1.4670398721904085
7.3682000000067,0.0,0.0,0.0,0.0,0.0,0.0,0.020564533131876277,-0.04541957729607856,5.739182915713749,-34.82564345567861,0.7502652205890488,-1.4684526592457996
7.3702000000067045,0.0,0.0,0.0,0.0,0.0,0.0,0.019518331574026996,-0.045788632342551545,5.73915681518305,-34.84235320514493,0.75214237253963,-1.4698940850397326
7.372200000006709,0.0,0.0,0.0,0.0,0.0,0.0,0.018458283472562172,-0.046135055846746875,5.739120495814957,-34.8590814767788,0.7539441196744572,-1.4713615336438532
7.374200000006713,0.0,0.0,0.0,0.0,0.0,0.0,0.01738512671418008,-0.046458001280963744,5.739073964331121,-34.87582799831095,0.7556695945096273,-1.472852344862119
7.376200000006717,0.0,0.0,0.0,0.0,0.0,0.0,0.016299642206694824,-0.04675664587403467,5.7390172447631205,-34.89259248230428,0.7573179705285491,-1.4743638160923502
7.378200000006721,0.0,0.0,0.0,0.0,0.0,0.0,0.015202652829193952,-0.04703019268744216,5.738950378967861,-34.90937462662953,0.7588884629546299,-1.4758932042400688
7.380200000006726,0.0,0.0,0.0,0.0,0.0,0.0,0.014095022298165411,-0.04727787265461141,5.738873427096729,-34.92617411498921,0.7603803295086538,-1.4774377276837698
7.38220000000673,0.0,0.0,0.0,0.0,0.0,0.0,0.012977653952408028,-0.0474989465808733,5.738786468016593,-34.942990617488384,0.7617928711502906,-1.4789945682906522
7.384200000006734,0.0,0.0,0.0,0.0,0.0,0.0,0.011851489459594165,-0.047692707101719946,5.738689599680818,-34.9598237912504,0.7631254328031619,-1.480560873481674
7.386200000006738,0.0,0.0,0.0,0.0,0.0,0.0,0.010717507447321325,-0.047858480597143455,5.738582939448641,-34.97667328107611,0.7643774040628624,-1.4821337583446705
7.3882000000067425,0.0,0.0,0.0,0.0,0.0,0.0,0.009576722061500776,-0.04799562905996209,5.738466624351303,-34.99353872014426,0.7655482198873227,-1.4837103077941305
7.390200000006747,0.0,0.0,0.0,0.0,0.0,0.0,0.008430181454904546,-0.0481035519161833,5.738340811303509,-35.01041973075102,0.7666373612688799,-1.4852875787760786
7.392200000006751,0.0,0.0,0.0,0.0,0.0,0.0,0.0072789662086433365,-0.048181687795560646,5.738205677258852,-35.0273159250863,0.7676443558874048,-1.4868626025163951
7.394200000006755,0.0,0.0,0.0,0.0,0.0,0.0,0.006124187689304204,-0.04822951625060349,5.73806141930801,-35.04422690604423,0.7685687787438268,-1.488432386810755
7.396200000006759,0.0,0.0,0.0,0.0,0.0,0.0,0.004966986344422512,-0.04824655942241343,5.737908254718567,-35.06115226806507,0.7694102527733845,-1.489993918354253
7.398200000006764,0.0,0.0,0.0,0.0,0.0,0.0,0.0038085299388599283,-0.048232383651775054,5.737746420915517,-35.07809159800586,0.7701684494379158,-1.4915441651086538
7.400200000006768,0.0,0.0,0.0,0.0,0.0,0.0,0.002650011734613523,-0.04818660103402305,5.737576175401517,-35.095044476036584,0.7708430892965017,-1.493080078705097
7.402200000006772,0.0,0.0,0.0,0.0,0.0,0.0,0.0014926486164633707,-0.048108870916241615,5.737397795616172,-35.11201047655879,0.7714339425537639,-1.4945985968799715
7.404200000006776,0.0,0.0,0.0,0.0,0.0,0.0,0.0003376791657685121,-0.0479989013354019,5.737211578733657,-35.12898916914338,0.7719408295851166,-1.4960966459415868
7.4062000000067805,0.0,0.0,0.0,0.0,0.0,0.0,-8.443319917189569e-05,-0.048680384505247684,5.736538969058866,-35.14598010919832,0.7723636719938409,-1.497571158688371
7.408200000006785,0.0,0.0,0.0,0.0,0.0,0.0,0.0017441165887512363,-0.05200005768714364,5.734368898226193,-35.162981951491545,0.7727068676179548,-1.4990204591188823
7.410200000006789,0.0,0.0,0.0,0.0,0.0,0.0,0.0005557365781981807,-0.05187895752408234,5.734190439687356,-35.17999267888649,0.7729782853947406,-1.5004441909015047
7.412200000006793,0.0,0.0,0.0,0.0,0.0,0.0,-0.0006274143872101984,-0.05172560785619426,5.734005261486717,-35.19701172905769,0.7731788366785446,-1.5018400195400319
7.414200000006797,0.0,0.0,0.0,0.0,0.0,0.0,-0.0018041443971631192,-0.05153997796572443,5.733813662647824,-35.21403872242992,0.7733085965703106,-1.5032053494277051
7.416200000006802,0.0,0.0,0.0,0.0,0.0,0.0,-0.0029732547217307848,-0.0513220850882231,5.73361595597502,-35.231073280995574,0.7733676842975821,-1.5045375884106187
7.418200000006806,0.0,0.0,0.0,0.0,0.0,0.0,-0.004133541730817548,-0.051071995078692534,5.733412467590959,-35.24811502908563,0.7733562634205572,-1.5058341498579486
7.42020000000681,0.0,0.0,0.0,0.0,0.0,0.0,-0.005283798837658345,-0.05078982301043659,5.733203536431178,-35.26516359413161,0.7732745420132823,-1.507092454736976
7.422200000006814,0.0,0.0,0.0,0.0,0.0,0.0,-0.006422818464309809,-0.050475733705574524,5.732989513696171,-35.282218607415764,0.7731227728196243,-1.5083099336907733
7.4242000000068185,0.0,0.0,0.0,0.0,0.0,0.0,-0.007549394027134384,-0.05012994219618382,5.732770762261483,-35.29927970480677,0.7729012533836712,-1.5094840291164235
7.426200000006823,0.0,0.0,0.0,0.0,0.0,0.0,-0.008662321940314176,-0.04975271411502097,5.732547656046459,-35.31634652747796,0.7726103261542167,-1.5106121972416664
7.428200000006827,0.0,0.0,0.0,0.0,0.0,0.0,-0.00976040363548609,-0.04934436601474914,5.732320579342334,-35.333418722605494,0.7722503785629895,-1.5116919101978898
7.430200000006831,0.0,0.0,0.0,0.0,0.0,0.0,-0.01084244759561201,-0.0489052656145688,5.73208992610045,-35.35049594404354,0.7718218430762926,-1.5127206580874242
7.432200000006835,0.0,0.0,0.0,0.0,0.0,0.0,-0.011907271401234263,-0.048435831973126675,5.73185609918151,-35.36757785297396,0.7713251972197205,-1.5136959510431325
7.43420000000684,0.0,0.0,0.0,0.0,0.0,0.0,-0.012953703787294034,-0.04793653558651129,5.731619509566793,-35.38466411852776,0.7707609635756238,-1.5146153212783424
7.436200000006844,0.0,0.0,0.0,0.0,0.0,0.0,-0.0139805867086877,-0.0474078984101206,5.73138057553243,-35.40175441837568,0.7701297097529913,-1.5154763251252161
7.438200000006848,0.0,0.0,0.0,0.0,0.0,0.0,-0.014986777412758669,-0.04685049380311482,5.731139721787869,-35.418848439285526,0.7694320483294133,-1.516276545059723
7.440200000006852,0.0,0.0,0.0,0.0,0.0,0.0,-0.015971150516900515,-0.04626494639412225,5.730897378579777,-35.43594587764373,0.7686686367647895,-1.5170135917114353
7.442200000006856,0.0,0.0,0.0,0.0,0.0,0.0,-0.016932600089440118,-0.04565193186680536,5.7306539807627335,-35.453046439938916,0.7678401772864389,-1.5176851058564456
7.444200000006861,0.0,0.0,0.0,0.0,0.0,0.0,-0.017870041731929773,-0.045012176663815615,5.730409966838135,-35.47014984320509,0.7669474167452547,-1.5182887603917772
7.446200000006865,0.0,0.0,0.0,0.0,0.0,0.0,-0.01878241466093987,-0.0443464576076361,5.730165777962866,-35.487255815422486,0.7659911464425457,-1.5188222622897387
7.448200000006869,0.0,0.0,0.0,0.0,0.0,0.0,-0.019668683787386423,-0.04365560143671986,5.729921856929362,-35.504364095873946,0.7649722019271882,-1.5192833545307511
7.450200000006873,0.0,0.0,0.0,0.0,0.0,0.0,-0.01889625173915158,-0.04262832057819347,5.729889507920629,-35.52147431283641,0.7638914798488962,-1.519670089929938
7.4522000000068775,0.0,0.0,0.0,0.0,0.0,0.0,-0.015801825066104506,-0.041313819801840665,5.73016655135665,-35.53858300196255,0.7627503425137935,-1.519987445485607
7.454200000006882,0.0,0.0,0.0,0.0,0.0,0.0,-0.013223018104045801,-0.040298275418211786,5.730389032249679,-35.55568397908019,0.7615505195191431,-1.5202464971313052
7.456200000006886,0.0,0.0,0.0,0.0,0.0,0.0,-0.011080052865180233,-0.0395273616763195,5.730564595910942,-35.572771781625974,0.7602936123626284,-1.5204567888259266
7.45820000000689,0.0,0.0,0.0,0.0,0.0,0.0,-0.009305969973891597,-0.038956701338303715,5.730699909283233,-35.589841697121805,0.7589810964778188,-1.5206262702100213
7.460200000006894,0.0,0.0,0.0,0.0,0.0,0.0,-0.007844588898571404,-0.038550054377111176,5.730800727186083,-35.606889643074716,0.7576143438847588,-1.520761563814455
7.462200000006899,0.0,0.0,0.0,0.0,0.0,0.0,-0.006648792116453857,-0.038277825103530394,5.730871977468206,-35.62391206707145,0.7561946423433028,-1.5208681874946202
7.464200000006903,0.0,0.0,0.0,0.0,0.0,0.0,-0.00567908065844607,-0.038115834361516145,5.730917852727613,-35.64090586366601,0.7547232114682404,-1.5209507395940132
7.466200000006907,0.0,0.0,0.0,0.0,0.0,0.0,-0.0049023574798862666,-0.038044311723694796,5.730941901138542,-35.6578683052325,0.753201216227359,-1.5210130530824866
7.468200000006911,0.0,0.0,0.0,0.0,0.0,0.0,-0.004650121184795078,-0.03805994711914689,5.730900919435218,-35.67479700364146,0.751629775496637,-1.5210582812561224
7.4702000000069155,0.0,0.0,0.0,0.0,0.0,0.0,-0.005282199133044397,-0.03811902790335291,5.73074493645196,-35.69169060435855,0.7500098696848012,-1.521087358495466
7.47220000000692,0.0,0.0,0.0,0.0,0.0,0.0,-0.0059136533571571325,-0.038163609602878505,5.730585896530533,-35.70854885966632,0.7483423456879185,-1.5210988374933627
7.474200000006924,0.0,0.0,0.0,0.0,0.0,0.0,-0.006543863159140511,-0.038193878656011405,5.730423862728699,-35.72537160414176,0.7466280677446029,-1.5210911621517986
7.476200000006928,0.0,0.0,0.0,0.0,0.0,0.0,-0.007172226116351151,-0.038210050147974864,5.7302589024976704,-35.742158686862496,0.7448679263168924,-1.521062818691738
7.478200000006932,0.0,0.0,0.0,0.0,0.0,0.0,-0.007798159306532288,-0.03821236660247402,5.730091087327313,-35.75890997126132,0.743062837224098,-1.5210123366052688
7.480200000006937,0.0,0.0,0.0,0.0,0.0,0.0,-0.008421100462026444,-0.038201096728595604,5.729920492383276,-35.77562533495063,0.7412137407708388,-1.5209382895603347
7.482200000006941,0.0,0.0,0.0,0.0,0.0,0.0,-0.009040509051960055,-0.03817653412630558,5.729747196137698,-35.792304669517456,0.7393216008699822,-1.5208392962584658
7.484200000006945,0.0,0.0,0.0,0.0,0.0,0.0,-0.009655867291334047,-0.038138995953802574,5.729571279995152,-35.808947880289615,0.7373874041611819,-1.5207140212459596
7.486200000006949,0.0,0.0,0.0,0.0,0.0,0.0,-0.010266681076078884,-0.03808882156000298,5.7293928279155075,-35.82555488607376,0.7354121591256703,-1.52056117567903
7.4882000000069535,0.0,0.0,0.0,0.0,0.0,0.0,-0.010872480843272445,-0.038026371085451524,5.729211926035304,-35.84212561886612,0.7333968951979292,-1.5203795180434612
7.490200000006958,0.0,0.0,0.0,0.0,0.0,0.0,-0.011472822355843994,-0.03795202403497352,5.729028662289303,-35.85866002353663,0.7313426618748303,-1.5201678548293598
7.492200000006962,0.0,0.0,0.0,0.0,0.0,0.0,-0.012067287411228422,-0.037866177825380466,5.72884312603379,-35.87515805748767,0.7292505278228029,-1.5199250411616179
7.494200000006966,0.0,0.0,0.0,0.0,0.0,0.0,-0.01265548447355903,-0.037769246311581975,5.728655407673198,-35.89161969028809,0.7271215799835615,-1.5196499813867326
7.49620000000697,0.0,0.0,0.0,0.0,0.0,0.0,-0.013237049229129905,-0.03766165829442883,5.728465598291609,-35.9080449032839,0.7249569226788936,-1.5193416296166409
7.498200000006975,0.0,0.0,0.0,0.0,0.0,0.0,-0.013811645064974799,-0.037543856013656944,5.7282737892906175,-35.92443368918641,0.722757676714978,-1.5189989902302587
7.500200000006979,0.0,0.0,0.0,0.0,0.0,0.0,-0.014378963470570539,-0.037416293629280145,5.728080072035033,-35.94078605163921,0.7205249784866852,-1.5186211183334133
7.502200000006983,0.0,0.0,0.0,0.0,0.0,0.0,-0.014938724362778977,-0.037279435694793424,5.727884537507849,-35.957102004765176,0.718259979082278,-1.5182071201778664
7.504200000006987,0.0,0.0,0.0,0.0,0.0,0.0,-0.015490676334298029,-0.03713375562554163,5.727687275975829,-35.97338157269465,0.7159638433889164,-1.5177561535401418
7.5062000000069915,0.0,0.0,0.0,0.0,0.0,0.0,-0.016034596826014397,-0.03697973416561097,5.727488376667058,-35.98962478907613,0.7136377491993435,-1.5172674280608474
7.508200000006996,0.0,0.0,0.0,0.0,0.0,0.0,-0.016570292223797797,-0.03681785785657831,5.7272879274617114,-36.00583169657089,0.7112828863201137,-1.516740205545204
7.510200000007,0.0,0.0,0.0,0.0,0.0,0.0,-0.017097597880401827,-0.03664861751145913,5.727086014597251,-36.02200234633265,0.7089004556817068,-1.516173800225459
7.512200000007004,0.0,0.0,0.0,0.0,0.0,0.0,-0.017616378063284643,-0.036472506697154516,5.726882722389202,-36.03813679747393,0.7064916684508561,-1.515567578985871
7.514200000007008,0.0,0.0,0.0,0.0,0.0,0.0,-0.018126525829294752,-0.03629002022869742,5.726678132968569,-36.054235116520296,0.7040577451454075,-1.5149209615509256
7.516200000007013,0.0,0.0,0.0,0.0,0.0,0.0,-0.01862796282730112,-0.0361016526785537,5.7264723260369355,-36.070297376853986,0.7015999147520131,-1.5142334206374288
7.518200000007017,0.0,0.0,0.0,0.0,0.0,0.0,-0.019120639029991882,-0.035907896904209556,5.726265378640142,-36.08632365814824,0.699119413846956,-1.513504482071107
7.520200000007021,0.0,0.0,0.0,0.0,0.0,0.0,-0.01960453239619719,-0.03570924259723565,5.7260573649614415,-36.10231404579397,0.696617485720399,-1.512733724868311
7.522200000007025,0.0,0.0,0.0,0.0,0.0,0.0,-0.020079648465228885,-0.0355061748569674,5.725848356134887,-36.1182686303199,0.6940953795043386,-1.5119207812834086
7.5242000000070295,0.0,0.0,0.0,0.0,0.0,0.0,-0.020546019884867813,-0.03529917279190478,5.7256384200796715,-36.13418750680795,0.6915543493045533,-1.5110653368224203
7.526200000007034,0.0,0.0,0.0,0.0,0.0,0.0,-0.021003705874755856,-0.03508870815185561,5.725427621356026,-36.15007077430489,0.688995653336822,-1.5101671302234185
7.528200000007038,0.0,0.0,0.0,0.0,0.0,0.0,-0.021452791627090358,-0.03487524399379785,5.7252160210432095,-36.16591853523213,0.6864205530677068,-1.5092259534041967
7.530200000007042,0.0,0.0,0.0,0.0,0.0,0.0,-0.021893387646648724,-0.03465923338435826,5.725003676640044,-36.181730894794676,0.6838303123601808,-1.5082416513776709
7.532200000007046,0.0,0.0,0.0,0.0,0.0,0.0,-0.022325629032279835,-0.03444111814172127,5.724790641988331,-36.197507960390865,0.6812261966244018,-1.5072141221354602
7.534200000007051,0.0,0.0,0.0,0.0,0.0,0.0,-0.02274967470216091,-0.03422132761970653,5.724576967219435,-36.21324984102426,0.6786094719739286,-1.5061433165000535
7.536200000007055,0.0,0.0,0.0,0.0,0.0,0.0,-0.023165706565193303,-0.03400027753664257,5.724362698724179,-36.22895664671889,0.6759814043876953,-1.5050292379459413
7.538200000007059,0.0,0.0,0.0,0.0,0.0,0.0,-0.023573928641070403,-0.033778368851577825,5.724147879146158,-36.24462848793951,0.6733432588780617,-1.5038719423900793
7.540200000007063,0.0,0.0,0.0,0.0,0.0,0.0,-0.02397456613163129,-0.033555986690250526,5.723932547398425,-36.260265475017775,0.6706962986652759,-1.5026715379519888
7.5422000000070675,0.0,0.0,0.0,0.0,0.0,0.0,-0.024367864446242723,-0.033333499323123204,5.723716738703471,-36.27586771758608,0.6680417843586965,-1.5014281846838136
7.544200000007072,0.0,0.0,0.0,0.0,0.0,0.0,-0.02475408818404685,-0.03311125719766689,5.7235004846562685,-36.291435324019986,0.6653809731451331,-1.5001420942705863
7.546200000007076,0.0,0.0,0.0,0.0,0.0,0.0,-0.025133520076001434,-0.03288959202694203,5.723283813310098,-36.30696840089058,0.6627151179846864,-1.498813529700967
7.54820000000708,0.0,0.0,0.0,0.0,0.0,0.0,-0.02550645988974711,-0.0326688159363853,5.723066749284761,-36.32246705242814,0.6600454668144804,-1.4974428049086714
7.550200000007084,0.0,0.0,0.0,0.0,0.0,0.0,-0.02587322330040307,-0.03244922067056849,5.72284931389671,-36.3379313799979,0.6573732617606974,-1.4960302843847975
7.552200000007089,0.0,0.0,0.0,0.0,0.0,0.0,-0.026234140730477265,-0.03223107686152987,5.722631525310509,-36.353361481589545,0.6546997383593472,-1.4945763827612308
7.554200000007093,0.0,0.0,0.0,0.0,0.0,0.0,-0.02658955616213907,-0.03201463336013592,5.722413398710979,-36.368757451321024,0.6520261247862149,-1.4930815643653046
7.556200000007097,0.0,0.0,0.0,0.0,0.0,0.0,-0.026939825925170816,-0.03180011663174739,5.722194946495289,-36.38411937895811,0.6493536410964578,-1.4915463427458657
7.558200000007101,0.0,0.0,0.0,0.0,0.0,0.0,-0.027285317463957716,-0.03158773021730236,5.721976178484143,-36.39944734945052,0.646683498474332,-1.4899712801708915
7.5602000000071055,0.0,0.0,0.0,0.0,0.0,0.0,-0.027626408086915456,-0.03137765426074819,5.721757102151193,-36.41474144248563,0.6440168984935547,-1.4883569870967885
7.56220000000711,0.0,0.0,0.0,0.0,0.0,0.0,-0.027963483701797492,-0.031170045103564237,5.721537722869665,-36.430001732060724,0.6413550323888222,-1.4867041216095098
7.564200000007114,0.0,0.0,0.0,0.0,0.0,0.0,-0.0282969375403307,-0.03096503494694877,5.721318044175157,-36.445228286074574,0.6386990803390232,-1.4850133888376056
7.566200000007118,0.0,0.0,0.0,0.0,0.0,0.0,-0.028627168875651456,-0.030762731582033617,5.721098068043483,-36.46042116593918,0.6360502107627038,-1.4832855403373413
7.568200000007122,0.0,0.0,0.0,0.0,0.0,0.0,-0.028954581736008535,-0.03056321818830398,5.720877795182373,-36.475580426212545,0.6334095796263549,-1.4815213734500037
7.570200000007127,0.0,0.0,0.0,0.0,0.0,0.0,-0.029279583618190434,-0.030366553200216646,5.720657225335786,-36.49070611425306,0.6307783297661117,-1.4797217306315333
7.572200000007131,0.0,0.0,0.0,0.0,0.0,0.0,-0.029602584204109522,-0.03017277024179041,5.720436357599526,-36.50579826989621,0.6281575902234647,-1.4778874987546182
7.574200000007135,0.0,0.0,0.0,0.0,0.0,0.0,-0.029923994083950377,-0.02998187812876668,5.72021519074682,-36.52085692515424,0.6255484755955966,-1.4760196083834094
7.576200000007139,0.0,0.0,0.0,0.0,0.0,0.0,-0.030244223489237016,-0.029793860937727193,5.719993723562446,-36.53588210393928,0.6229520854009709,-1.4741190330210205
7.5782000000071434,0.0,0.0,0.0,0.0,0.0,0.0,-0.030563681039123772,-0.02960867814136246,5.719771955184001,-36.55087382181046,0.6203695034608057,-1.4721867883299997
7.580200000007148,0.0,0.0,0.0,0.0,0.0,0.0,-0.03088277250314083,-0.02942626480889815,5.719549885448819,-36.56583208574537,0.6178017972970739,-1.4702239313259768
7.582200000007152,0.0,0.0,0.0,0.0,0.0,0.0,-0.03120189958355842,-0.029246531870476888,5.719327515245062,-36.58075689393629,0.6152500175476805,-1.4682315595447168
7.584200000007156,0.0,0.0,0.0,0.0,0.0,0.0,-0.03152145872042885,-0.02906936644412814,5.719104846865473,-36.595648235611506,0.6127151973994643,-1.4662108101828322
7.58620000000716,0.0,0.0,0.0,0.0,0.0,0.0,-0.03184183992228072,-0.028894632223745012,5.718881884362251,-36.610506090881906,0.6101983520396783,-1.4641628592124396
7.5882000000071645,0.0,0.0,0.0,0.0,0.0,0.0,-0.03216342562531548,-0.028722169926345853,5.718658633901542,-36.62533043061308,0.6077004781266006,-1.4620889204700702
7.590200000007169,0.0,0.0,0.0,0.0,0.0,0.0,-0.03248658958384737,-0.02855179779668764,5.718435104115993,-36.64012121632301,0.6052225532799217,-1.4599902447201838
7.592200000007173,0.0,0.0,0.0,0.0,0.0,0.0,-0.032811695794584525,-0.0283833121671599,5.7182113064538385,-36.65487840010542,0.6027655355915539,-1.4578681186936677
7.594200000007177,0.0,0.0,0.0,0.0,0.0,0.0,-0.03313909745722015,-0.028216488070719765,5.717987255523038,-36.669601924578785,0.6003303631574921,-1.4557238641017372
7.596200000007181,0.0,0.0,0.0,0.0,0.0,0.0,-0.03346913597364409,-0.028051079904479526,5.717762969428938,-36.68429172286094,0.5979179536313525,-1.453558836625701
7.598200000007186,0.0,0.0,0.0,0.0,0.0,0.0,-0.033802139987937206,-0.027886822141422872,5.717538470103995,-36.698947718569116,0.595529203800193,-1.4513744248830793
7.60020000000719,0.0,0.0,0.0,0.0,0.0,0.0,-0.03413842446913901,-0.027723430087595057,5.717313783628148,-36.713569825845234,0.5931649891832143,-1.4491720493706226
7.602200000007194,0.0,0.0,0.0,0.0,0.0,0.0,-0.03447828983860783,-0.027560600681991097,5.717088940538401,-36.72815794940617,0.5908261636539079,-1.446953161384811
7.604200000007198,0.0,0.0,0.0,0.0,0.0,0.0,-0.03482202114362108,-0.0273980133362691,5.7168639761262945,-36.7427119846187,0.5885135590862078,-1.444719241920457
7.6062000000072025,0.0,0.0,0.0,0.0,0.0,0.0,-0.03516988727868131,-0.027235330811304293,5.716638930721937,-36.75723181759882,0.5862279850251679,-1.4424718005480819
7.608200000007207,0.0,0.0,0.0,0.0,0.0,0.0,-0.035522140255791486,-0.027072200127537756,5.716413849963358,-36.77171732533479,0.5839702283826692,-1.4402123742707793
7.610200000007211,0.0,0.0,0.0,0.0,0.0,0.0,-0.035879014524799094,-0.02690825350598984,5.716188785049973,-36.78616837583364,0.5817410531586225,-1.437942526361325
7.612200000007215,0.0,0.0,0.0,0.0,0.0,0.0,-0.036240726344688466,-0.026743109336759663,5.715963792979053,-36.800584828290454,0.5795412001881068,-1.4356638451803327
7.614200000007219,0.0,0.0,0.0,0.0,0.0,0.0,-0.036607473206530336,-0.026576373171784625,5.71573893676412,-36.81496653327989,0.5773713869148459,-1.4333779429763012
7.616200000007224,0.0,0.0,0.0,0.0,0.0,0.0,-0.036979433308582756,-0.02640763873861942,5.715514285634282,-36.829313332969214,0.5752323071913854,-1.4310864546684428
7.618200000007228,0.0,0.0,0.0,0.0,0.0,0.0,-0.03735676508386223,-0.02623648897195795,5.715289915213611,-36.84362506135221,0.5731246311063015,-1.428791036613221
7.620200000007232,0.0,0.0,0.0,0.0,0.0,0.0,-0.037739606780292013,-0.026062497059646438,5.715065907679708,-36.85790154450321,0.5710490048387226,-1.42649336535557
7.622200000007236,0.0,0.0,0.0,0.0,0.0,0.0,-0.03812807609336311,-0.025885227499930333,5.714842351900726,-36.872142600850324,0.5690060505404059,-1.4241951363658032
7.6242000000072405,0.0,0.0,0.0,0.0,0.0,0.0,-0.03852226985103807,-0.02570423716671702,5.7146193435501615,-36.88634804146733,0.5669963662455646,-1.4218980627632611
7.626200000007245,0.0,0.0,0.0,0.0,0.0,0.0,-0.03892226375046014,-0.02551907637967729,5.714396985198855,-36.900517670382946,0.5650205258085964,-1.4196038740277785
7.628200000007249,0.0,0.0,0.0,0.0,0.0,0.0,-0.039328112145843475,-0.025329289976055464,5.71417538638369,-36.9146512849069,0.5630790788698092,-1.4173143147000897
7.630200000007253,0.0,0.0,0.0,0.0,0.0,0.0,-0.03973984788675022,-0.025134418381141752,5.713954663652601,-36.928748675971704,0.5611725508491998,-1.415031143072312
7.632200000007257,0.0,0.0,0.0,0.0,0.0,0.0,-0.04015748220579979,-0.024933998674424935,5.713734940585546,-36.94280962848914,0.5593014429682802,-1.412756129869691
7.634200000007262,0.0,0.0,0.0,0.0,0.0,0.0,-0.04058100465469385,-0.024727565648546026,5.713516347791249,-36.956833921720595,0.5574662322999026,-1.410491056924803
7.636200000007266,0.0,0.0,0.0,0.0,0.0,0.0,-0.04101038308729621,-0.02451465285827951,5.713299022879552,-36.970821329660104,0.5556673718459734,-1.4082377158454356
7.63820000000727,0.0,0.0,0.0,0.0,0.0,0.0,-0.04144556368836478,-0.02429479365687489,5.713083110409315,-36.98477162142908,0.5539052906429028,-1.4059979066773929
7.640200000007274,0.0,0.0,0.0,0.0,0.0,0.0,-0.04188647104640472,-0.024067522217232712,5.712868761811923,-36.998684561681664,0.5521803938945711,-1.4037734365634815
7.6422000000072785,0.0,0.0,0.0,0.0,0.0,0.0,-0.04233300826899815,-0.023832374535500852,5.712656135290493,-37.01255991101974,0.5504930631325504,-1.4015661183999502
7.644200000007283,0.0,0.0,0.0,0.0,0.0,0.0,-0.04278505713885223,-0.02358888941484435,5.712445395694987,-37.026397426416466,0.5488436564032586,-1.3993777694916605
7.646200000007287,0.0,0.0,0.0,0.0,0.0,0.0,-0.04324247830871148,-0.02333660942727884,5.712236714373505,-37.040196861647146,0.5472325084816723,-1.3972102102072794
7.648200000007291,0.0,0.0,0.0,0.0,0.0,0.0,-0.04370511153320656,-0.023075081851612493,5.712030269000124,-37.05395796772667,0.5456599311111734,-1.395065262635783
7.650200000007295,0.0,0.0,0.0,0.0,0.0,0.0,-0.044172775935624256,-0.022803859585721887,5.711826243379694,-37.067680493352036,0.5441262132690469,-1.3929447492455516
7.6522000000073,0.0,0.0,0.0,0.0,0.0,0.0,-0.0446452703075413,-0.022522502031530965,5.711624827230089,-37.08136418534936,0.5426316214571021,-1.3908504915473563
7.654200000007304,0.0,0.0,0.0,0.0,0.0,0.0,-0.04512237343920573,-0.022230575951250334,5.711426215942494,-37.09500878912399,0.5411764000168336,-1.388784308762494
7.656200000007308,0.0,0.0,0.0,0.0,0.0,0.0,-0.04560384447851869,-0.021927656293614775,5.711230610320324,-37.1086140491127,0.5397607714684942,-1.3867480164973454
7.658200000007312,0.0,0.0,0.0,0.0,0.0,0.0,-0.0460894233164581,-0.021613326989000356,5.7110382162974815,-37.12217970923734,0.5383849368733971,-1.384743425425604
7.6602000000073165,0.0,0.0,0.0,0.0,0.0,0.0,-0.04657883099676138,-0.021287181712518515,5.710849244636673,-37.13570551335837,0.5370490762187288,-1.3827723399794025
7.662200000007321,0.0,0.0,0.0,0.0,0.0,0.0,-0.047071770147704646,-0.020948824614333603,5.710663910608577,-37.14919120572792,0.5357533488240986,-1.3808365570505474
7.664200000007325,0.0,0.0,0.0,0.0,0.0,0.0,-0.04756792543381878,-0.02059787101663829,5.710482433652681,-37.16263653144087,0.534497893769017,-1.3789378647030437
7.666200000007329,0.0,0.0,0.0,0.0,0.0,0.0,-0.048066964025425984,-0.020233948076879938,5.7103050370206745,-37.17604123688361,0.5332828303404483,-1.3770780408980667
7.668200000007333,0.0,0.0,0.0,0.0,0.0,0.0,-0.04856853608390611,-0.019856695417014007,5.710131947403285,-37.18940507017921,0.5321082584995505,-1.3752588522325042
7.670200000007338,0.0,0.0,0.0,0.0,0.0,0.0,-0.049072275260663274,-0.019465765718720735,5.709963394541496,-37.20272778162831,0.5309742593666748,-1.373482052692158
7.672200000007342,0.0,0.0,0.0,0.0,0.0,0.0,-0.04957779920782525,-0.01906082528466971,5.709799610823105,-37.216009124145025,0.5298808957236651,-1.3717493824206644
7.674200000007346,0.0,0.0,0.0,0.0,0.0,0.0,-0.05008471009877386,-0.018641554566085683,5.709640830865618,-37.229248853687,0.5288282125324697,-1.3700625665051436
7.67620000000735,0.0,0.0,0.0,0.0,0.0,0.0,-0.05059259515669564,-0.018207648657002314,5.709487291086445,-37.24244672967904,0.5278162374690407,-1.3684233137795574
7.6782000000073545,0.0,0.0,0.0,0.0,0.0,0.0,-0.051101027189425996,-0.017758817755735838,5.709339229261448,-37.255602515429544,0.5268449814714847,-1.366833315646707
7.680200000007359,0.0,0.0,0.0,0.0,0.0,0.0,-0.05160956512896278,-0.017294787594241946,5.709196884072826,-37.268715978539255,0.5259144393013885,-1.3652942449197585
7.682200000007363,0.0,0.0,0.0,0.0,0.0,0.0,-0.052117754574131606,-0.016815299836131194,5.709060494647389,-37.281786891301635,0.5250245901172378,-1.363807754684138
7.684200000007367,0.0,0.0,0.0,0.0,0.0,0.0,-0.052625128334997544,-0.016320112444240174,5.708930300086221,-37.29481503109454,0.5241753980588191,-1.3623754771805936
7.686200000007371,0.0,0.0,0.0,0.0,0.0,0.0,-0.05313120697773745,-0.01580900001875132,5.7088065389867735,-37.30780018076257,0.5233668128414858,-1.3609990227101674
7.688200000007376,0.0,0.0,0.0,0.0,0.0,0.0,-0.05363549936881376,-0.01528175410694645,5.708689448958401,-37.32074212898984,0.5225987703591548,-1.35967997856178
7.69020000000738,0.0,0.0,0.0,0.0,0.0,0.0,-0.05413750321741344,-0.014738183485765576,5.708579266132336,-37.33364067066262,0.5218711932948913,-1.3584199079630712
7.692200000007384,0.0,0.0,0.0,0.0,0.0,0.0,-0.05463670561525583,-0.014178114418395229,5.708476224667121,-37.34649560722178,0.5211839917379295,-1.3572203490550971
7.694200000007388,0.0,0.0,0.0,0.0,0.0,0.0,-0.055132583572998335,-0.013601390886193696,5.708380556250458,-37.35930674700464,0.5205370638059815,-1.3560828138914314
7.6962000000073925,0.0,0.0,0.0,0.0,0.0,0.0,-0.055624604552614344,-0.01300787479728001,5.708292489598457,-37.37207390557597,0.5199302962716724,-1.3550087874621657
7.698200000007397,0.0,0.0,0.0,0.0,0.0,0.0,-0.05611222699524399,-0.01239744617317175,5.7082122499532275,-37.38479690604819,0.5193635651919521,-1.3539997267432626
7.700200000007401,0.0,0.0,0.0,0.0,0.0,0.0,-0.05659490084416785,-0.011770003314857192,5.708140058579744,-37.39747557939051,0.5188367365393314,-1.353057059771655
7.702200000007405,0.0,0.0,0.0,0.0,0.0,0.0,-0.057072068062671885,-0.011125462949732717,5.708076132262895,-37.41010976472684,0.5183496668337962,-1.3521821847464406
7.704200000007409,0.0,0.0,0.0,0.0,0.0,0.0,-0.05754316314672613,-0.010463760360787265,5.708020682805601,-37.42269930962284,0.5179022037742661,-1.3513764691564787
7.706200000007414,0.0,0.0,0.0,0.0,0.0,0.0,-0.058007613632510106,-0.009784849499462785,5.7079739165288705,-37.43524407036165,0.5174941868684673,-1.3506412489346442
7.708200000007418,0.0,0.0,0.0,0.0,0.0,0.0,-0.05846484059896182,-0.00908870308354321,5.70793603377464,-37.447743912208736,0.5171254480601092,-1.349977827638943
7.710200000007422,0.0,0.0,0.0,0.0,0.0,0.0,-0.05891425916564164,-0.008375312681432196,5.707907228412216,-37.46019870966584,0.5167958123522628,-1.3493874756606619
7.712200000007426,0.0,0.0,0.0,0.0,0.0,0.0,-0.05935527898632045,-0.007644688784116384,5.707887687349117,-37.472608346714075,0.5165050984258596,-1.3488714294596795
7.7142000000074304,0.0,0.0,0.0,0.0,0.0,0.0,-0.05978730473881895,-0.006896860866066132,5.707877590047102,-37.48497271704652,0.5162531192522455,-1.3484308908270097
7.716200000007435,0.0,0.0,0.0,0.0,0.0,0.0,-0.059590086532100066,-0.0035647728596295797,5.707981036889732,-37.497292380766865,0.5160397091474904,-1.3480655751816062
7.718200000007439,0.0,0.0,0.0,0.0,0.0,0.0,-0.05742665417931857,-0.0002564118300925365,5.709557600947311,-37.50957195737,0.5158640965113068,-1.347766182908564
7.720200000007443,0.0,0.0,0.0,0.0,0.0,0.0,-0.055170852355500274,0.0024632690501507123,5.711198588530877,-37.521816832818594,0.5157218302956507,-1.347521531392079
7.722200000007447,0.0,0.0,0.0,0.0,0.0,0.0,-0.05365813012418644,0.004907316413746584,5.712203595241938,-37.53403146539235,0.515607997281119,-1.347322346698579
7.7242000000074515,0.0,0.0,0.0,0.0,0.0,0.0,-0.05323576335698382,0.007290492677735633,5.71227200690561,-37.5462195996673,0.5155201206909438,-1.3471609069255142
7.726200000007456,0.0,0.0,0.0,0.0,0.0,0.0,-0.05281377325736791,0.009389558744991165,5.712327268127416,-37.558384413859194,0.5154581392840504,-1.3470307836120639
7.72820000000746,0.0,0.0,0.0,0.0,0.0,0.0,-0.05239304859815818,0.011252622535363554,5.712371830973532,-37.57052858549721,0.5154221293671049,-1.3469266523575674
7.730200000007464,0.0,0.0,0.0,0.0,0.0,0.0,-0.051973819112304365,0.012919466659710522,5.712407811316589,-37.582654375321,0.5154121624250702,-1.3468441047875297
7.732200000007468,0.0,0.0,0.0,0.0,0.0,0.0,-0.05155586521613206,0.014422979849114396,5.71243701949983,-37.59476369902549,0.5154283045025007,-1.3467794909926616
7.734200000007473,0.0,0.0,0.0,0.0,0.0,0.0,-0.051138673514140344,0.01579034303460829,5.712460994251381,-37.60685818665969,0.5154706158097078,-1.34672978906112
7.736200000007477,0.0,0.0,0.0,0.0,0.0,0.0,-0.050721551025942925,0.017044012010118733,5.712481036602237,-37.61893923180403,0.5155391504783703,-1.3466924970466254
7.738200000007481,0.0,0.0,0.0,0.0,0.0,0.0,-0.05030370807452798,0.018202531466844193,5.712498241966379,-37.63100803228489,0.5156339564156819,-1.3466655435154395
7.740200000007485,0.0,0.0,0.0,0.0,0.0,0.0,-0.04988431747171488,0.019281209254899796,5.712513529438095,-37.6430656238829,0.5157550752228084,-1.346647213478014
7.7422000000074895,0.0,0.0,0.0,0.0,0.0,0.0,-0.04946255586484414,0.02029267480378361,5.712527667921548,-37.65511290824028,0.5159025421547565,-1.346636087060095
7.744200000007494,0.0,0.0,0.0,0.0,0.0,0.0,-0.049037631743147556,0.021247341546800035,5.712541299046036,-37.667150675965864,0.5160763861064293,-1.3466309887227323
7.746200000007498,0.0,0.0,0.0,0.0,0.0,0.0,-0.048608803548459346,0.02215378980400853,5.712554957014954,-37.67917962576394,0.5162766296148227,-1.3466309452171914
7.748200000007502,0.0,0.0,0.0,0.0,0.0,0.0,-0.048175390521149726,0.023019083765523574,5.712569085638754,-37.69120038027136,0.5165032888708111,-1.3466351507725944
7.750200000007506,0.0,0.0,0.0,0.0,0.0,0.0,-0.04773677828370457,0.023849033883831056,5.71258405284665,-37.7032134991693,0.5167563737363043,-1.346642938272392
7.752200000007511,0.0,0.0,0.0,0.0,0.0,0.0,-0.04729242067923345,0.02464841404866995,5.712600162981055,-37.71521949003878,0.5170358877641151,-1.3466537553896172
7.754200000007515,0.0,0.0,0.0,0.0,0.0,0.0,-0.046841839008140804,0.025421141313186,5.71261766716747,-37.72721881734813,0.5173418282189077,-1.3466671448279963
7.756200000007519,0.0,0.0,0.0,0.0,0.0,0.0,-0.04638461951826342,0.02617042460927845,5.712636772030277,-37.73921190989409,0.5176741860982688,-1.3466827279626585
7.758200000007523,0.0,0.0,0.0,0.0,0.0,0.0,-0.04592040978271862,0.02689888778661132,5.712657646997606,-37.75119916696233,0.5180329461533811,-1.3467001912956333
7.7602000000075275,0.0,0.0,0.0,0.0,0.0,0.0,-0.04544891443048439,0.027608671394940727,5.712680430409754,-37.7631809634282,0.5184180869090521,-1.3467192752419062
7.762200000007532,0.0,0.0,0.0,0.0,0.0,0.0,-0.044969890565767875,0.028301516871001985,5.712705234617732,-37.775157653979626,0.5188295806830231,-1.3467397648450885
7.764200000007536,0.0,0.0,0.0,0.0,0.0,0.0,-0.04448314311438006,0.028978836162587052,5.712732150232579,-37.787129576613474,0.5192673936045874,-1.3467614820907097
7.76620000000754,0.0,0.0,0.0,0.0,0.0,0.0,-0.04398852026159163,0.02964176930144573,5.712761249662646,-37.799097055530346,0.5197314856325986,-1.3467842795422549
7.768200000007544,0.0,0.0,0.0,0.0,0.0,0.0,-0.04348590909081408,0.030291232004832913,5.712792590055306,-37.81106040353109,0.5202218105729808,-1.346808035072353
7.770200000007549,0.0,0.0,0.0,0.0,0.0,0.0,-0.04299514112000831,0.03089602041415308,5.712824655098923,-37.82301992241366,0.5207383160313316,-1.3468326510088637
7.772200000007553,0.0,0.0,0.0,0.0,0.0,0.0,-0.04257101727574328,0.031377259303803536,5.712853897717974,-37.83497579244056,0.5212809386599506,-1.3468582984324584
7.774200000007557,0.0,0.0,0.0,0.0,0.0,0.0,-0.04214307470039853,0.03185364116816563,5.712886304904244,-37.8469280059568,0.5218496001776043,-1.346885563800954
7.776200000007561,0.0,0.0,0.0,0.0,0.0,0.0,-0.041711292922609014,0.032325225496522614,5.7129218623084235,-37.85887653950702,0.5224442136314994,-1.346915068423967
7.7782000000075655,0.0,0.0,0.0,0.0,0.0,0.0,-0.04127564628634647,0.03279206750780301,5.712960554836356,-37.870821370845114,0.5230646840864082,-1.34694743077025
7.78020000000757,0.0,0.0,0.0,0.0,0.0,0.0,-0.04083610416976906,0.03325421793245277,5.713002366640863,-37.882762479073946,0.5237109086620861,-1.3469832660595331
7.782200000007574,0.0,0.0,0.0,0.0,0.0,0.0,-0.040392631212232,0.03371172280334877,5.71304728111139,-37.89469984478335,0.5243827765742993,-1.3470231858570196
7.784200000007578,0.0,0.0,0.0,0.0,0.0,0.0,-0.03994518754913852,0.03416462325603274,5.713095280861555,-37.90663345018601,0.5250801691794152,-1.3470677976708085
7.786200000007582,0.0,0.0,0.0,0.0,0.0,0.0,-0.03949372905429021,0.03461295533853806,5.713146347714658,-37.918563279251245,0.5258029600225136,-1.3471177045525238
7.788200000007587,0.0,0.0,0.0,0.0,0.0,0.0,-0.03903820758939557,0.03505674983106587,5.713200462687206,-37.930489317836376,0.5265510148889594,-1.347173504701419
7.790200000007591,0.0,0.0,0.0,0.0,0.0,0.0,-0.03857857126038012,0.0354960320757634,5.713257605970573,-37.94241155381567,0.5273241918593837,-1.347235791072218
7.792200000007595,0.0,0.0,0.0,0.0,0.0,0.0,-0.03811476468013659,0.035930821816840354,5.713317756910833,-37.954329977206754,0.5281223413680065,-1.347305150986959
7.794200000007599,0.0,0.0,0.0,0.0,0.0,0.0,-0.03764672923734925,0.03636113305124757,5.713380893986899,-37.96624458029422,0.5289453062642392,-1.3473821657510878
7.7962000000076035,0.0,0.0,0.0,0.0,0.0,0.0,-0.03717440337101841,0.03678697389012763,5.713446994787041,-37.9781553577504,0.5297929218774882,-1.3474674102740567
7.798200000007608,0.0,0.0,0.0,0.0,0.0,0.0,-0.036697722850299305,0.03720834643124251,5.713516035983904,-37.99006230675313,0.5306650160850926,-1.3475614526946644
7.800200000007612,0.0,0.0,0.0,0.0,0.0,0.0,-0.03621662105926749,0.037625246642561665,5.7135879933081215,-38.00196542710043,0.5315614093833101,-1.3476648540113803
7.802200000007616,0.0,0.0,0.0,0.0,0.0,0.0,-0.03573102928621657,0.038037664257189414,5.713662841520658,-38.01386472132203,0.5324819149612714,-1.3477781677178802
7.80420000000762,0.0,0.0,0.0,0.0,0.0,0.0,-0.03524087701709081,0.03844558267978078,5.713740554383989,-38.02576019478742,0.5334263387778162,-1.3479019394440155
7.806200000007625,0.0,0.0,0.0,0.0,0.0,0.0,-0.034746092232637596,0.03884897890460976,5.71382110463225,-38.037651855810665,0.5343944796411216,-1.3480367066024368
7.808200000007629,0.0,0.0,0.0,0.0,0.0,0.0,-0.03424660170888103,0.039247823445405186,5.7139044639404855,-38.049539715751486,0.5353861292910281,-1.3481829980410787
7.810200000007633,0.0,0.0,0.0,0.0,0.0,0.0,-0.033742331320490176,0.039642080277086475,5.713990602893132,-38.0614237891129,0.5364010724839731,-1.3483413337017067
7.812200000007637,0.0,0.0,0.0,0.0,0.0,0.0,-0.033233206346626,0.04003170678949788,5.714079490951877,-38.073304093635066,0.5374390870804274,-1.3485122242847292
7.8142000000076415,0.0,0.0,0.0,0.0,0.0,0.0,-0.03271915177884294,0.04041665375322907,5.714171096423036,-38.08518065038534,0.5384999441347421,-1.3486961709204535
7.816200000007646,0.0,0.0,0.0,0.0,0.0,0.0,-0.032200092630620486,0.04079686529760054,5.714265386424591,-38.097053483844505,0.539583407987298,-1.3488936648469707
7.81820000000765,0.0,0.0,0.0,0.0,0.0,0.0,-0.03167595424808377,0.04117227890087385,5.714362326853044,-38.108922621989045,0.5406892363588578,-1.3491051870948432
7.820200000007654,0.0,0.0,0.0,0.0,0.0,0.0,-0.03114666262149363,0.041542825392725344,5.714461882350233,-38.120788096369374,0.5418171804470147,-1.3493312081787565
7.822200000007658,0.0,0.0,0.0,0.0,0.0,0.0,-0.030612144697057968,0.04190842896902327,5.714564016270274,-38.132649942184116,0.5429669850246328,-1.3495721877962967
7.824200000007663,0.0,0.0,0.0,0.0,0.0,0.0,-0.030072328688633226,0.04226900721891038,5.714668690646765,-38.14450819835018,0.5441383885401698,-1.349828574533998
7.826200000007667,0.0,0.0,0.0,0.0,0.0,0.0,-0.02952714438887284,0.042624471164198555,5.714775866160435,-38.156362907568756,0.5453311232197783,-1.3501008055808055
7.828200000007671,0.0,0.0,0.0,0.0,0.0,0.0,-0.02897652347939009,0.04297472531104775,5.714885502107372,-38.16821411638697,0.5465449151710748,-1.3503893064490864
7.830200000007675,0.0,0.0,0.0,0.0,0.0,0.0,-0.028420399839481632,0.04331966771391056,5.714997556368008,-38.1800618752555,0.5477794844884702,-1.350694490703311
7.8322000000076795,0.0,0.0,0.0,0.0,0.0,0.0,-0.027858709852986666,0.04365919005167249,5.715111985377,-38.191906238581694,0.5490345453599547,-1.351016759696528
7.834200000007684,0.0,0.0,0.0,0.0,0.0,0.0,-0.027291392712821372,0.043993177715942064,5.71522874409419,-38.20374726477867,0.5503098061752272,-1.3513565023147394
7.836200000007688,0.0,0.0,0.0,0.0,0.0,0.0,-0.02671839072277215,0.044321509911390534,5.715347785976773,-38.215585016309824,0.5516049696350678,-1.351714094729275
7.838200000007692,0.0,0.0,0.0,0.0,0.0,0.0,-0.026139649596089446,0.04464405976805222,5.7154690629528595,-38.2274195597292,0.5529197328618437,-1.3520899001572664
7.840200000007696,0.0,0.0,0.0,0.0,0.0,0.0,-0.025555118750457035,0.04496069446546966,5.715592525396563,-38.23925096571744,0.5542537875110464,-1.3524842686302994
7.842200000007701,0.0,0.0,0.0,0.0,0.0,0.0,-0.02496475159890062,0.04527127536854605,5.715718122104774,-38.25107930911338,0.5556068198837576,-1.352897536771331
7.844200000007705,0.0,0.0,0.0,0.0,0.0,0.0,-0.024368505836202953,0.04557565817496467,5.715845800275785,-38.26290466894135,0.5569785110399432,-1.3533300275799345
7.846200000007709,0.0,0.0,0.0,0.0,0.0,0.0,-0.02376634372039775,0.04587369307400459,5.7159755054898875,-38.27472712843411,0.5583685369124766,-1.3537820502259426
7.848200000007713,0.0,0.0,0.0,0.0,0.0,0.0,-0.02315823234892017,0.04616522491657617,5.716107181692113,-38.28654677505145,0.5597765684217946,-1.3542538998515372
7.8502000000077174,0.0,0.0,0.0,0.0,0.0,0.0,-0.02254414392899837,0.04645009339627426,5.71624077117724,-38.29836370049445,0.5612022715910923,-1.35474585738184
7.852200000007722,0.0,0.0,0.0,0.0,0.0,0.0,-0.021924056041863843,0.04672813324124247,5.716376214577218,-38.310178000715474,0.562645307661965,-1.3552581893440443
7.854200000007726,0.0,0.0,0.0,0.0,0.0,0.0,-0.021297951900379152,0.046999174416615726,5.7165134508511235,-38.32198977592389,0.5641053332104099,-1.3557911476951192
7.85620000000773,0.0,0.0,0.0,0.0,0.0,0.0,-0.02066582059967764,0.047263042337294524,5.716652417277805,-38.33379913058752,0.5655820002631015,-1.3563449696581162
7.858200000007734,0.0,0.0,0.0,0.0,0.0,0.0,-0.02002765736042354,0.047519558090793126,5.71679304945131,-38.345606173429864,0.5670749564138577,-1.3569198775670976
7.8602000000077386,0.0,0.0,0.0,0.0,0.0,0.0,-0.019383463764298777,0.04776853866988275,5.716935281279228,-38.35741101742314,0.568583844940221,-1.3575160787206975
7.862200000007743,0.0,0.0,0.0,0.0,0.0,0.0,-0.018733247981342457,0.048009797214741315,5.7170790449840645,-38.369213779777176,0.5701083049200756,-1.358133765244331
7.864200000007747,0.0,0.0,0.0,0.0,0.0,0.0,-0.01807702498876621,0.048243143264299,5.717224271107737,-38.38101458192423,0.5716479713482334,-1.3587731139610437
7.866200000007751,0.0,0.0,0.0,0.0,0.0,0.0,-0.017414816780893124,0.04846838301645765,5.717370888519303,-38.3928135494996,0.5732024752529191,-1.3594342862709976
7.868200000007755,0.0,0.0,0.0,0.0,0.0,0.0,-0.016746652569849245,0.04868531959685394,5.7175188244260156,-38.40461081231845,0.5747714438120913,-1.360117428039586
7.87020000000776,0.0,0.0,0.0,0.0,0.0,0.0,-0.016072568976687043,0.04889375333580823,5.7176680043877735,-38.41640650434845,0.5763545004695418,-1.3608226694941585
7.872200000007764,0.0,0.0,0.0,0.0,0.0,0.0,-0.015392610212595617,0.04909348205309649,5.717818352335073,-38.42820076367859,0.5779512650507195,-1.3615501251293303
7.874200000007768,0.0,0.0,0.0,0.0,0.0,0.0,-0.014706828249880564,0.0492843013501721,5.717969790590497,-38.439993732484126,0.5795613538782235,-1.3622998936208526
7.876200000007772,0.0,0.0,0.0,0.0,0.0,0.0,-0.014015282982408287,0.04946600490943886,5.718122239893832,-38.451785556987744,0.5811843798869272,-1.3630720577480058
7.8782000000077765,0.0,0.0,0.0,0.0,0.0,0.0,-0.013318042375218513,0.0496383848001798,5.718275619430848,-38.46357638741695,0.5828199527386864,-1.3638666843244784
7.880200000007781,0.0,0.0,0.0,0.0,0.0,0.0,-0.012615182603020697,0.04980123179071651,5.7184298468658,-38.47536637795776,0.5844676789365972,-1.3646838241376922
7.882200000007785,0.0,0.0,0.0,0.0,0.0,0.0,-0.011906788177314644,0.04995433566638013,5.7185848383776765,-38.4871556867048,0.5861271619387729,-1.3655235118965152
7.884200000007789,0.0,0.0,0.0,0.0,0.0,0.0,-0.01119295206186935,0.05009748555285047,5.718740508700227,-38.498944475607836,0.5877980022716099,-1.3663857661873218
7.886200000007793,0.0,0.0,0.0,0.0,0.0,0.0,-0.010473775776329604,0.050230470244414474,5.718896771165794,-38.51073291041488,0.589479797642526,-1.3672705894383328
7.888200000007798,0.0,0.0,0.0,0.0,0.0,0.0,-0.009749369487728789,0.050353078536685955,5.7190535377529415,-38.522521160611774,0.5911721430521457,-1.3681779678921837
7.890200000007802,0.0,0.0,0.0,0.0,0.0,0.0,-0.00901985208969345,0.05046509956331752,5.7192107191379,-38.534309399358534,0.5928746309059281,-1.3691078715866416
7.892200000007806,0.0,0.0,0.0,0.0,0.0,0.0,-0.00828535126915321,0.050566323136226894,5.719368224749809,-38.546097803422384,0.594586851125225,-1.3700602543434208
7.89420000000781,0.0,0.0,0.0,0.0,0.0,0.0,-0.0075460035603859,0.05065654008885369,5.719525962829736,-38.55788655310755,0.5963083912577675,-1.371035053765007
7.8962000000078145,0.0,0.0,0.0,0.0,0.0,0.0,-0.006801954386233466,0.05073554262195111,5.71968384049344,-38.56967583218201,0.5980388365875824,-1.3720321912394253
7.898200000007819,0.0,0.0,0.0,0.0,0.0,0.0,-0.006053358086356512,0.050803124651418216,5.719841763797867,-38.58146582780114,0.5997777702443459,-1.3730515719528693
7.900200000007823,0.0,0.0,0.0,0.0,0.0,0.0,-0.005300377932403863,0.05085908215766423,5.719999637811291,-38.59325673042848,0.6015247733121861,-1.3740930849101076
7.902200000007827,0.0,0.0,0.0,0.0,0.0,0.0,-0.004543186130001625,0.05090321353599619,5.720157366687071,-38.60504873375347,0.6032794249379485,-1.3751566029625863
7.904200000007831,0.0,0.0,0.0,0.0,0.0,0.0,-0.0037819638074696052,0.05093531994751458,5.720314853740956,-38.61684203460654,0.605041302438947,-1.376241982844138
7.906200000007836,0.0,0.0,0.0,0.0,0.0,0.0,-0.0030169009912140304,0.05095520567000657,5.720472001531844,-38.62863683287135,0.6068099814102231,-1.3773490652142086
7.90820000000784,0.0,0.0,0.0,0.0,0.0,0.0,-0.002248196567742747,0.05096267844830584,5.720628711945926,-38.64043333139447,0.6085850358313443,-1.3784776747085101
7.910200000007844,0.0,0.0,0.0,0.0,0.0,0.0,-0.0014760582322918638,0.05095754984360839,5.720784886284116,-38.652231735892386,0.6103660381727741,-1.3796276199970032
7.912200000007848,0.0,0.0,0.0,0.0,0.0,0.0,-0.0007007024240436118,0.05093963558121892,5.7209404253526595,-38.66403225485622,0.6121525595018508,-1.3807986938491181
7.9142000000078525,0.0,0.0,0.0,0.0,0.0,0.0,7.764575202492463e-05,0.05090875589620369,5.7210952295568065,-38.675835099453835,0.613944169588418,-1.3819906732061122
7.916200000007857,0.0,0.0,0.0,0.0,0.0,0.0,0.0008587526166417439,0.050864735876436175,5.721249198997437,-38.68764048342978,0.6157404370101507,-1.3832033192604691
7.918200000007861,0.0,0.0,0.0,0.0,0.0,0.0,0.001642376021026224,0.050807405802513764,5.72140223357049,-38.69944862300299,0.6175409292576252,-1.384436377542236
7.920200000007865,0.0,0.0,0.0,0.0,0.0,0.0,0.0024282654648664767,0.050736601484031585,5.721554233069084,-38.71125973676225,0.6193452128391878,-1.3856895780121998
7.922200000007869,0.0,0.0,0.0,0.0,0.0,0.0,0.003216162227416569,0.05065216459170498,5.721705097288148,-38.72307404555975,0.6211528533856763,-1.3869626351618027
7.924200000007874,0.0,0.0,0.0,0.0,0.0,0.0,0.004005799511562104,0.05055394298483529,5.721854726131438,-38.73489177240258,0.6229634157550531,-1.3882552481196861
7.926200000007878,0.0,0.0,0.0,0.0,0.0,0.0,0.0047969026007303244,0.050441791033619426,5.722003019720763,-38.74671314234237,0.6247764641370118,-1.3895671007647683
7.928200000007882,0.0,0.0,0.0,0.0,0.0,0.0,0.005589189028481204,0.050315569935815034,5.722149878507243,-38.7585383823632,0.6265915621576235,-1.3908978618457508
7.930200000007886,0.0,0.0,0.0,0.0,0.0,0.0,0.006382368760585372,0.05017514802727348,5.722295203384449,-38.77036772126768,0.6284082729840872,-1.3922471851069431
7.9322000000078905,0.0,0.0,0.0,0.0,0.0,0.0,0.007176144389400693,0.05002040108587301,5.722438895803207,-38.7822013895616,0.6302261594296565,-1.3936147094203077
7.934200000007895,0.0,0.0,0.0,0.0,0.0,0.0,0.007970211340312129,0.049851212628383136,5.722580857887901,-38.79403961933692,0.6320447840588114,-1.3950000589236224
7.936200000007899,0.0,0.0,0.0,0.0,0.0,0.0,0.008764258090002308,0.04966747419980896,5.722720992554078,-38.8058826441534,0.633863709292753,-1.3964028431646502
7.938200000007903,0.0,0.0,0.0,0.0,0.0,0.0,0.009557966396279816,0.04946908565477975,5.722859203627141,-38.817730698918865,0.6356824975152894,-1.3978226572512185
7.940200000007907,0.0,0.0,0.0,0.0,0.0,0.0,0.01035101153920219,0.04925595543054831,5.72299539596194,-38.82958401976831,0.6375007111791975,-1.3992590820071047
7.942200000007912,0.0,0.0,0.0,0.0,0.0,0.0,0.011143062573176491,0.04902800081119194,5.723129475563042,-38.84144284394177,0.63931791291313,-1.400711684133624
7.944200000007916,0.0,0.0,0.0,0.0,0.0,0.0,0.011933782589731688,0.04878514818261437,5.723261349705477,-38.85330740966114,0.6411336656291542,-1.4021800163768188
7.94620000000792,0.0,0.0,0.0,0.0,0.0,0.0,0.01272282899063161,0.04852733327796821,5.723390927055723,-38.86517795600611,0.6429475326309941,-1.4036636177001527
7.948200000007924,0.0,0.0,0.0,0.0,0.0,0.0,0.013509853770971853,0.04825450141312761,5.723518117792734,-38.87705472278918,0.644759077723062,-1.4051620134626057
7.9502000000079285,0.0,0.0,0.0,0.0,0.0,0.0,0.014294503811902098,0.047966607711868545,5.7236428337287775,-38.88893795042996,0.646567865320354,-1.4066747156020762
7.952200000007933,0.0,0.0,0.0,0.0,0.0,0.0,0.01507642118258852,0.04766361732041756,5.723764988429853,-38.900827879828704,0.648373460559293,-1.4082012228239928
7.954200000007937,0.0,0.0,0.0,0.0,0.0,0.0,0.01585524345102873,0.04734550561106513,5.72388449733547,-38.91272475223939,0.6501754294095947,-1.4097410207950403
7.956200000007941,0.0,0.0,0.0,0.0,0.0,0.0,0.01663060400330416,0.04701225837454308,5.724001277877571,-38.924628809142256,0.6519733387872384,-1.4112935823419082
7.958200000007945,0.0,0.0,0.0,0.0,0.0,0.0,0.017402132370859226,0.04666387200089589,5.724115249598348,-38.936540292116,0.653766756668616,-1.4128583676549693
7.96020000000795,0.0,0.0,0.0,0.0,0.0,0.0,0.01816945456536748,0.046300353648597393,5.724226334266745,-38.94845944270965,0.6555552522059394,-1.4144348244968012
7.962200000007954,0.0,0.0,0.0,0.0,0.0,0.0,0.018932193420750577,0.04592172140167201,5.724334455993419,-38.960386502314314,0.6573383958439782,-1.4160223884154601
7.964200000007958,0.0,0.0,0.0,0.0,0.0,0.0,0.019689968941897742,0.045528004414616276,5.7244395413439255,-38.9723217120349,0.6591157594382018,-1.4176204829624224
7.966200000007962,0.0,0.0,0.0,0.0,0.0,0.0,0.020442398659618697,0.04511924304493374,5.724541519449911,-38.98426531256167,0.6608869163743941,-1.4192285199151153
7.9682000000079665,0.0,0.0,0.0,0.0,0.0,0.0,0.0211890979913793,0.044695488973109945,5.724640322118095,-38.996217544042125,0.6626514416898136,-1.4208458995039484
7.970200000007971,0.0,0.0,0.0,0.0,0.0,0.0,0.021929680607333718,0.04425680530988357,5.724735883936821,-39.008178645953095,0.6644089121959609,-1.4224720106437727
7.972200000007975,0.0,0.0,0.0,0.0,0.0,0.0,0.022663758801180982,0.0438032666906995,5.724828142379958,-39.02014885697301,0.6661589066030165,-1.4241062311696888
7.974200000007979,0.0,0.0,0.0,0.0,0.0,0.0,0.023390943865363095,0.043334959357234935,5.724917037907942,-39.03212841485474,0.6679010056460114,-1.4257479280771317
7.976200000007983,0.0,0.0,0.0,0.0,0.0,0.0,0.02411084647012553,0.04285198122592171,5.725002514065768,-39.04411755629897,0.6696347922127842,-1.4273964577661598
7.978200000007988,0.0,0.0,0.0,0.0,0.0,0.0,0.024823077045945035,0.04235444194341514,5.725084517577699,-39.05611651682813,0.6713598514737765,-1.4290511662898788
7.980200000007992,0.0,0.0,0.0,0.0,0.0,0.0,0.025527246168844383,0.0418424629289733,5.725162998438529,-39.06812553066111,0.6730757710137186,-1.4307113896069361
7.982200000007996,0.0,0.0,0.0,0.0,0.0,0.0,0.026222964948112226,0.04131617740373137,5.725237910001184,-39.08014483058883,0.6747821409652457,-1.4323764538380195
7.984200000008,0.0,0.0,0.0,0.0,0.0,0.0,0.02690984541593506,0.04077573040688938,5.725309209060486,-39.09217464785073,0.6764785541444892,-1.4340456755263027
7.9862000000080045,0.0,0.0,0.0,0.0,0.0,0.0,0.027587500918465627,0.040221278798840604,5.725376855932907,-39.104215212012335,0.6781646061886725,-1.435718361901776
7.988200000008009,0.0,0.0,0.0,0.0,0.0,0.0,0.028255546507856086,0.03965299125129305,5.725440814532132,-39.11626675084389,0.6798398956957471,-1.4373938111494067
7.990200000008013,0.0,0.0,0.0,0.0,0.0,0.0,0.028913599334771542,0.039071048224460045,5.725501052440272,-39.1283294902003,0.6815040243660917,-1.4390713126810761
7.992200000008017,0.0,0.0,0.0,0.0,0.0,0.0,0.029561279040936417,0.03847564193140975,5.7255575409745605,-39.14040365390243,0.683156597146293,-1.4407501474112459
7.994200000008021,0.0,0.0,0.0,0.0,0.0,0.0,0.03019820815124166,0.037866976289688534,5.725610255249407,-39.15248946361978,0.684797222375025,-1.4424295880362963
7.9962000000080256,0.0,0.0,0.0,0.0,0.0,0.0,0.030824012464970078,0.037245266860344885,5.72565917423364,-39.164587138754726,0.6864255119310347,-1.4441088993175015
7.99820000000803,0.0,0.0,0.0,0.0,0.0,0.0,0.03143832144570284,0.03661074077450523,5.725704280802823,-39.176696896328444,0.6880410813832337,-1.445787338367593
8.000200000008032,0.0,0.0,0.0,0.0,0.0,0.0,0.03204076860946913,0.03596363664766637,5.725745561786517,-39.18881895086842,0.689643550142898,-1.447464154940865
8.002200000008028,0.0,0.0,0.0,0.0,0.0,0.0,0.03263099191073325,0.035304204481880895,5.725783008010366,-39.20095351429795,0.6912325416179593,-1.4491385917267965
8.004200000008023,0.0,0.0,0.0,0.0,0.0,0.0,0.03320863412580115,0.03463270555603488,5.72581661433292,-39.21310079582741,0.6928076833693776,-1.4508098846471367
8.006200000008018,0.0,0.0,0.0,0.0,0.0,0.0,0.03377334323326321,0.03394941230442511,5.725846379677064,-39.2252610018476,0.6943686072695682,-1.4524772631564324
8.008200000008014,0.0,0.0,0.0,0.0,0.0,0.0,0.03432477279108433,0.03325460818385987,5.725872307056008,-39.237434335825085,0.6959149496628535,-1.454139950545958
8.010200000008009,0.0,0.0,0.0,0.0,0.0,0.0,0.03486258230998753,0.032548587529510925,5.72589440359372,-39.24962099819982,0.6974463515279067,-1.4557971642510164
8.012200000008004,0.0,0.0,0.0,0.0,0.0,0.0,0.035386437622766276,0.031831655399769065,5.725912680539756,-39.26182118628483,0.6989624586421378,-1.4574481161615862
8.014200000008,0.0,0.0,0.0,0.0,0.0,0.0,0.035896011249205814,0.031104127410346058,5.725927153278427,-39.27403509416841,0.7004629217479778,-1.4590920129362832
8.016200000007995,0.0,0.0,0.0,0.0,0.0,0.0,0.0363909827562782,0.030366329557893684,5.725937841332235,-39.286262912618525,0.7019473967209962,-1.4607280563196083
8.01820000000799,0.0,0.0,0.0,0.0,0.0,0.0,0.0368710391133216,0.029618598033398693,5.725944768359563,-39.298504828989806,0.7034155447397932,-1.4623554434624635
8.020200000007986,0.0,0.0,0.0,0.0,0.0,0.0,0.03733587504190368,0.028861279025635,5.725947962146563,-39.31076102713298,0.7048670324575887,-1.4639733672459008
8.022200000007981,0.0,0.0,0.0,0.0,0.0,0.0,0.03778519336010864,0.028094728514940433,5.72594745459324,-39.32303168730693,0.7063015321754315,-1.4655810166080927
8.024200000007976,0.0,0.0,0.0,0.0,0.0,0.0,0.03821870532098457,0.02731931205760826,5.7259432816937,-39.33531698609333,0.7077187220169394,-1.4671775768744897
8.026200000007972,0.0,0.0,0.0,0.0,0.0,0.0,0.038636130944918946,0.026535404561167562,5.725935483510579,-39.347617096314046,0.7091182861044755,-1.4687622300911498
8.028200000007967,0.0,0.0,0.0,0.0,0.0,0.0,0.03903719934571747,0.025743390050836486,5.725924104143642,-39.35993218695122,0.7104999147366605,-1.4703341553612153
8.030200000007962,0.0,0.0,0.0,0.0,0.0,0.0,0.03942164905017966,0.024943661427430666,5.7259091916925735,-39.372262423070104,0.7118633045671059,-1.4718925291845104
8.032200000007958,0.0,0.0,0.0,0.0,0.0,0.0,0.039789228310985074,0.024136620217001893,5.725890798213978,-39.384607965744785,0.7132081587842564,-1.4734365258002453
8.034200000007953,0.0,0.0,0.0,0.0,0.0,0.0,0.04013969541271169,0.023322676312481274,5.725868979672628,-39.39696897198671,0.7145341872922126,-1.4749653175327933
8.036200000007948,0.0,0.0,0.0,0.0,0.0,0.0,0.04047281897082867,0.022502247707602504,5.725843795886993,-39.40934559467607,0.7158411068924049,-1.476478075140525
8.038200000007944,0.0,0.0,0.0,0.0,0.0,0.0,0.040788378223518225,0.02167576022336136,5.725815310469104,-39.42173798249608,0.7171286414659734,-1.4779739681676711
8.040200000007939,0.0,0.0,0.0,0.0,0.0,0.0,0.04108616331619564,0.020843647227277388,5.725783590758792,-39.434146279870156,0.718396522156714,-1.4794521652991852
8.042200000007934,0.0,0.0,0.0,0.0,0.0,0.0,0.041365975578608286,0.020006349345692485,5.725748707752392,-39.446570626901995,0.7196444875544297,-1.4809118347185817
8.04420000000793,0.0,0.0,0.0,0.0,0.0,0.0,0.04162762779441111,0.019164314169361086,5.725710736025954,-39.45901115931863,0.7208722838785306,-1.4823521444687195
8.046200000007925,0.0,0.0,0.0,0.0,0.0,0.0,0.04187094446311426,0.01831799595255315,5.725669753653052,-39.471468008416224,0.7220796651617111,-1.4837722628154955
8.04820000000792,0.0,0.0,0.0,0.0,0.0,0.0,0.04209576205433339,0.017467855305888104,5.725625842117278,-39.48394130100892,0.7232663934335283,-1.4851713586144186
8.050200000007916,0.0,0.0,0.0,0.0,0.0,0.0,0.04230192925425401,0.016614358883106684,5.7255790862195015,-39.496431159380464,0.7244322389037025,-1.4865486016800256
8.052200000007911,0.0,0.0,0.0,0.0,0.0,0.0,0.04248930720424916,0.015757979061976533,5.725529573980001,-39.508937701238686,0.7255769801449473,-1.4879031631580966
8.054200000007906,0.0,0.0,0.0,0.0,0.0,0.0,0.0426577697315908,0.014899193619511157,5.725477396535561,-39.52146103967279,0.7267004042751372,-1.4892342159006322
8.056200000007902,0.0,0.0,0.0,0.0,0.0,0.0,0.042807203572198,0.014038485401669007,5.7254226480316515,-39.53400128311338,0.7278023071386049,-1.4905409348435426
8.058200000007897,0.0,0.0,0.0,0.0,0.0,0.0,0.042937508585374,0.013176341987681878,5.725365425509795,-39.546558535295276,0.7288824934863687,-1.491822497387002
8.060200000007892,0.0,0.0,0.0,0.0,0.0,0.0,0.043048597960483624,0.012313255349158904,5.725305828790253,-39.559132895222845,0.7299407771550676,-1.49307808377841
8.062200000007888,0.0,0.0,0.0,0.0,0.0,0.0,0.04314039841552773,0.011449721504081177,5.725243960350137,-39.57172445713805,0.7309769812443898,-1.494306877497909
8.064200000007883,0.0,0.0,0.0,0.0,0.0,0.0,0.043212850387568946,0.010586240165800318,5.7251799251970965,-39.584333310491004,0.7319909382927656,-1.495508065646389
8.066200000007878,0.0,0.0,0.0,0.0,0.0,0.0,0.043265908214960624,0.009723314387133739,5.725113830738695,-39.59695953991287,0.7329824904510958,-1.4966808393359194
8.068200000007874,0.0,0.0,0.0,0.0,0.0,0.0,0.043299540311334046,0.008861450199632496,5.725045786647627,-39.609603225191265,0.7339514896542779,-1.4978243940825284
8.070200000007869,0.0,0.0,0.0,0.0,0.0,0.0,0.04331372933128533,0.008001156248096573,5.724975904722908,-39.62226444124775,0.7348977977902911,-1.498937930201262
8.072200000007864,0.0,0.0,0.0,0.0,0.0,0.0,0.04330847232771053,0.007142943420366149,5.7249042987471945,-39.63494325811772,0.7358212868665914,-1.5000206532034353
8.07420000000786,0.0,0.0,0.0,0.0,0.0,0.0,0.04328378090071411,0.006287324472454674,5.724831084340374,-39.64763974093212,0.7367218391735711,-1.501071774195991
8.076200000007855,0.0,0.0,0.0,0.0,0.0,0.0,0.04323968133802305,0.005434813649023402,5.724756378809577,-39.66035394990119,0.7375993474448223,-1.5020905102828688
8.07820000000785,0.0,0.0,0.0,0.0,0.0,0.0,0.04317621474681858,0.004585926299215819,5.724680300995782,-39.67308594030016,0.7384537150139519,-1.5030760849682943
8.080200000007846,0.0,0.0,0.0,0.0,0.0,0.0,0.04309343717689009,0.0037411784878595964,5.724602971117156,-39.68583576245645,0.7392848559676833,-1.5040277285618728
8.082200000007841,0.0,0.0,0.0,0.0,0.0,0.0,0.042991419734999696,0.002901086602013737,5.724524510609312,-39.69860346173856,0.7400926952949821,-1.504944678585385
8.084200000007836,0.0,0.0,0.0,0.0,0.0,0.0,0.04287024869033807,0.0020661669528509786,5.724445041962631,-39.71138907854639,0.7408771690319332,-1.505826180181162
8.086200000007832,0.0,0.0,0.0,0.0,0.0,0.0,0.04273002557092748,0.0012369353728362085,5.724364688556846,-39.72419264830285,0.7416382244021059,-1.5066714865219186
8.088200000007827,0.0,0.0,0.0,0.0,0.0,0.0,0.04257086725081842,0.0004139068081826607,5.724283574493032,-39.73701420144655,0.7423758199521256,-1.5074798592219114
8.090200000007822,0.0,0.0,0.0,0.0,0.0,0.0,0.042392906027907275,-0.00040240509346896135,5.7242018244232025,-39.74985376342558,0.7430899256821849,-1.5082505687492893
8.092200000007818,0.0,0.0,0.0,0.0,0.0,0.0,0.04219628969217775,-0.0012114884001869317,5.724119563377685,-39.76271135469213,0.7437805231712126,-1.508982894839486
8.094200000007813,0.0,0.0,0.0,0.0,0.0,0.0,0.04198118158415806,-0.0020128333177353045,5.72403691659046,-39.775586990697704,0.7444476056964234,-1.509676126909508
8.096200000007808,0.0,0.0,0.0,0.0,0.0,0.0,0.041747760643357126,-0.002805932616471183,5.72395400932265,-39.78848068188892,0.7450911783469707,-1.5103295644729575
8.098200000007804,0.0,0.0,0.0,0.0,0.0,0.0,0.04149622144642504,-0.0035902820631886156,5.723870966684357,-39.801392433703754,0.7457112581314224,-1.5109425175556255
8.1002000000078,0.0,0.0,0.0,0.0,0.0,0.0,0.04122677423476401,-0.004365380857937322,5.723787913455035,-39.814322246567805,0.7463078740787787,-1.5115143071114838
8.102200000007795,0.0,0.0,0.0,0.0,0.0,0.0,0.04093964493128386,-0.005130732075866499,5.723704973902608,-39.827270115890705,0.7468810673327549,-1.5120442654388946
8.10420000000779,0.0,0.0,0.0,0.0,0.0,0.0,0.04063507514598581,-0.005885843114105955,5.723622271601526,-39.84023603206242,0.747430891239046,-1.5125317365968522
8.106200000007785,0.0,0.0,0.0,0.0,0.0,0.0,0.040313322170026915,-0.006630226143694833,5.723539929249972,-39.85321998044913,0.7479574114252999,-1.5129760768210612
8.10820000000778,0.0,0.0,0.0,0.0,0.0,0.0,0.03997465895789454,-0.007363398566566476,5.7234580684864405,-39.866221941388744,0.7484607058735192,-1.5133766549396517
8.110200000007776,0.0,0.0,0.0,0.0,0.0,0.0,0.03961937409730366,-0.008084883477565585,5.723376809705886,-39.879241890185696,0.7489408649846163,-1.5137328527883214
8.112200000007771,0.0,0.0,0.0,0.0,0.0,0.0,0.03924777176639979,-0.008794210131469133,5.723296271875681,-39.892279797105054,0.7493979916348511,-1.5140440656246898
8.114200000007767,0.0,0.0,0.0,0.0,0.0,0.0,0.038860171677835474,-0.009490914414944913,5.723216572351598,-39.90533562736548,0.7498322012238801,-1.5143097025416419
8.116200000007762,0.0,0.0,0.0,0.0,0.0,0.0,0.037375777960517775,-0.008182106019677072,5.723417372466187,-39.91840858003898,0.7502437223042792,-1.5145308728697102
8.118200000007757,0.0,0.0,0.0,0.0,0.0,0.0,0.036090966241109725,-0.007044608038439993,5.7235951620886665,-39.93149549890562,0.7506330942085924,-1.514713901705668
8.120200000007753,0.0,0.0,0.0,0.0,0.0,0.0,0.03501576161435888,-0.006132303338123431,5.723741944607298,-39.94459321309169,0.7510008399167615,-1.5148651377005913
8.122200000007748,0.0,0.0,0.0,0.0,0.0,0.0,0.03411261908169667,-0.005408830661362719,5.7238624895639445,-39.95769902989494,0.7513474019509341,-1.5149898618261877
8.124200000007743,0.0,0.0,0.0,0.0,0.0,0.0,0.03335067787255516,-0.0048435839899071175,5.723960862609898,-39.97081065432537,0.7516731562859725,-1.515092467003066
8.126200000007739,0.0,0.0,0.0,0.0,0.0,0.0,0.03270458692768486,-0.004410807239504602,5.724040514148529,-39.983926122226926,0.7519784241003502,-1.515176607497944
8.128200000007734,0.0,0.0,0.0,0.0,0.0,0.0,0.03215353397733885,-0.00408883208767094,5.72410436217001,-39.9970437446876,0.7522634816744306,-1.515245323180626
8.13020000000773,0.0,0.0,0.0,0.0,0.0,0.0,0.03168044350160507,-0.0038594358748475235,5.724154867458992,-40.0101620618339,0.7525285687085486,-1.5153011428736725
8.132200000007725,0.0,0.0,0.0,0.0,0.0,0.0,0.031271314632668724,-0.0037073003998192963,5.724194100522519,-40.023279804427425,0.7527738952993223,-1.5153461703144615
8.13420000000772,0.0,0.0,0.0,0.0,0.0,0.0,0.03091467491168747,-0.003619555602428092,5.724223800290659,-40.03639586194878,0.7529996477807238,-1.5153821556564298
8.136200000007715,0.0,0.0,0.0,0.0,0.0,0.0,0.03060112988081694,-0.0035853947362541492,5.724245425045546,-40.04950925607594,0.7532059936073956,-1.5154105549433041
8.13820000000771,0.0,0.0,0.0,0.0,0.0,0.0,0.03032299189235541,-0.0035957497925073367,5.724260196243099,-40.062619118648584,0.7533930854318078,-1.5154325795802825
8.140200000007706,0.0,0.0,0.0,0.0,0.0,0.0,0.030073974355350204,-0.0036430177300366125,5.724269135977373,-40.075724673363084,0.7535610645040965,-1.5154492374853175
8.142200000007701,0.0,0.0,0.0,0.0,0.0,0.0,0.029848940004399985,-0.0037208295625138442,5.724273098848101,-40.08882522057012,0.7537100635036796,-1.5154613673202917
8.144200000007697,0.0,0.0,0.0,0.0,0.0,0.0,0.029643693742020322,-0.0038238556057355304,5.7242727989586975,-40.10192012465278,0.7538402088947211,-1.5154696669662384
8.146200000007692,0.0,0.0,0.0,0.0,0.0,0.0,0.02945481223962313,-0.003947641238127047,5.724268832715261,-40.11500880355071,0.7539516228829718,-1.5154747172108183
8.148200000007687,0.0,0.0,0.0,0.0,0.0,0.0,0.029983805805763163,-0.0038957042613965375,5.723908559737528,-40.12809070334152,0.754044603291325,-1.5154770099525077
8.150200000007683,0.0,0.0,0.0,0.0,0.0,0.0,0.030816210755021476,-0.003821852897632879,5.7234053790391775,-40.14116516793266,0.7541210561641379,-1.5154770299068576
8.152200000007678,0.0,0.0,0.0,0.0,0.0,0.0,0.03151529901638854,-0.0038429196508076805,5.722977047563779,-40.15423155865068,0.7541834724076076,-1.5154752124133772
8.154200000007673,0.0,0.0,0.0,0.0,0.0,0.0,0.03209855498526233,-0.003942162334717812,5.722612394393784,-40.16728933961855,0.75423397800811,-1.5154719107452637
8.156200000007669,0.0,0.0,0.0,0.0,0.0,0.0,0.032581133714952006,-0.004105638344145455,5.722301926924378,-40.18033806194797,0.7542743805411599,-1.5154674108989032
8.158200000007664,0.0,0.0,0.0,0.0,0.0,0.0,0.03297616140922738,-0.004321743279059534,5.722037575549989,-40.19337734968566,0.7543062168991211,-1.5154619440827002
8.16020000000766,0.0,0.0,0.0,0.0,0.0,0.0,0.03329499919518222,-0.004580824275319341,5.7218124780763455,-40.20640688803066,0.7543307938575964,-1.5154556969297845
8.162200000007655,0.0,0.0,0.0,0.0,0.0,0.0,0.033547474274365004,-0.004874856186660469,5.7216207974335,-40.219426413456205,0.75434922255618,-1.5154488198438978
8.16420000000765,0.0,0.0,0.0,0.0,0.0,0.0,0.0337420821699245,-0.005197170595390365,5.721457567369491,-40.23243570542858,0.7543624478075052,-1.5154414338148554
8.166200000007645,0.0,0.0,0.0,0.0,0.0,0.0,0.03364623573578512,-0.0055774525984709725,5.721435719593745,-40.24543459145471,0.7543711428788078,-1.5154336298379292
8.16820000000764,0.0,0.0,0.0,0.0,0.0,0.0,0.03354518072466631,-0.005959193994069935,5.721414580223005,-40.25842295799486,0.7543755026636507,-1.5154254637849949
8.170200000007636,0.0,0.0,0.0,0.0,0.0,0.0,0.03344113883746341,-0.006341599459398265,5.721393010296535,-40.27140070557968,0.754375639912465,-1.5154169790627698
8.172200000007631,0.0,0.0,0.0,0.0,0.0,0.0,0.0333339471576731,-0.0067243492308238645,5.721371051378294,-40.284367739788266,0.7543716679515237,-1.515408212143298
8.174200000007627,0.0,0.0,0.0,0.0,0.0,0.0,0.033223472148670836,-0.007107172148550375,5.721348739089714,-40.297323970741466,0.7543637007451406,-1.5153991937326359
8.176200000007622,0.0,0.0,0.0,0.0,0.0,0.0,0.03310960409486753,-0.007489837613462713,5.721326104117055,-40.310269312682614,0.7543518529408862,-1.5153899497430612
8.178200000007617,0.0,0.0,0.0,0.0,0.0,0.0,0.032992252575546194,-0.007872148829900527,5.7213031730500035,-40.32320368363089,0.7543362399006545,-1.5153805021018116
8.180200000007613,0.0,0.0,0.0,0.0,0.0,0.0,0.03287134278378324,-0.008253937130174185,5.721279969079704,-40.336127005094944,0.7543169777199362,-1.5153708694238075
8.182200000007608,0.0,0.0,0.0,0.0,0.0,0.0,0.03274681253660993,-0.00863505720886651,5.721256512579724,-40.34903920183649,0.7542941832372713,-1.515361067571216
8.184200000007603,0.0,0.0,0.0,0.0,0.0,0.0,0.03261860985028631,-0.009015383122155475,5.72123282158954,-40.361940201675274,0.7542679740355113,-1.515351110118857
8.186200000007599,0.0,0.0,0.0,0.0,0.0,0.0,0.032486690977335135,-0.009394804930311995,5.721208912216846,-40.37482993532849,0.7542384684362645,-1.5153410087412729
8.188200000007594,0.0,0.0,0.0,0.0,0.0,0.0,0.03235101882066873,-0.009773225880846897,5.7211847989722715,-40.38770833627851,0.7542057854886599,-1.5153307735346158
8.19020000000759,0.0,0.0,0.0,0.0,0.0,0.0,0.032211561655486734,-0.010150560046066789,5.721160495047827,-40.40057534066407,0.7541700449533792,-1.5153204132843063
8.192200000007585,0.0,0.0,0.0,0.0,0.0,0.0,0.03206829210219859,-0.010526730342519506,5.721136012548493,-40.413430887190934,0.7541313672827535,-1.5153099356875697
8.19420000000758,0.0,0.0,0.0,0.0,0.0,0.0,0.03192118630394768,-0.010901666871350692,5.721111362684794,-40.42627491705849,0.7540898735975817,-1.5152993475384322
8.196200000007575,0.0,0.0,0.0,0.0,0.0,0.0,0.031770223270768866,-0.011275305528324434,5.721086555932887,-40.4391073738995,0.7540456856612299,-1.5152886548814803
8.19820000000757,0.0,0.0,0.0,0.0,0.0,0.0,0.03161538435934106,-0.0116475868404416,5.721061602167609,-40.45192820373067,0.7539989258514688,-1.5152778631396326
8.200200000007566,0.0,0.0,0.0,0.0,0.0,0.0,0.03145665286297105,-0.012018454992973306,5.721036510772986,-40.46473735491204,0.7539497171304417,-1.5152669772202894
8.202200000007561,0.0,0.0,0.0,0.0,0.0,0.0,0.03129401369109586,-0.012387857016517487,5.721011290733997,-40.477534778113636,0.7538981830130828,-1.5152560016034946
8.204200000007557,0.0,0.0,0.0,0.0,0.0,0.0,0.031127453121381723,-0.012755742108559315,5.720985950712699,-40.490320426287944,0.7538444475342608,-1.5152449404151296
8.206200000007552,0.0,0.0,0.0,0.0,0.0,0.0,0.03095695861062457,-0.013122061068100604,5.720960499111352,-40.50309425464711,0.7537886352148768,-1.5152337974876544
8.208200000007547,0.0,0.0,0.0,0.0,0.0,0.0,0.030782518653182798,-0.013486765825372114,5.720934944124676,-40.51585622064403,0.753730871027106,-1.5152225764104936
8.210200000007543,0.0,0.0,0.0,0.0,0.0,0.0,0.03060412267776392,-0.013849809051520716,5.7209092937830945,-40.52860628395643,0.7536712803589483,-1.5152112805718014
8.212200000007538,0.0,0.0,0.0,0.0,0.0,0.0,0.0304217609750767,-0.01421114383560094,5.720883555988424,-40.541344406473335,0.7536099889782236,-1.51519991319306
8.214200000007533,0.0,0.0,0.0,0.0,0.0,0.0,0.030235424650252855,-0.014570723418227063,5.720857738543292,-40.554070552283456,0.7535471229961278,-1.5151884773577122
8.216200000007529,0.0,0.0,0.0,0.0,0.0,0.0,0.03004510559506775,-0.014928500972957691,5.720831849175309,-40.56678468766491,0.7534828088304478,-1.5151769760348384
8.218200000007524,0.0,0.0,0.0,0.0,0.0,0.0,0.029850796475916028,-0.015284429427920793,5.720805895556872,-40.57948678107607,0.7534171731685206,-1.5151654120987053
8.22020000000752,0.0,0.0,0.0,0.0,0.0,0.0,0.029652490734250823,-0.015638461321385695,5.720779885321305,-40.592176803147225,0.7533503429300062,-1.5151537883448856
8.222200000007515,0.0,0.0,0.0,0.0,0.0,0.0,0.029450182596807144,-0.015990548686002942,5.720753826075963,-40.604854726672656,0.7532824452295388,-1.515142107503526
8.22420000000751,0.0,0.0,0.0,0.0,0.0,0.0,0.02924386709343149,-0.01634064295727415,5.720727725412775,-40.61752052660306,0.753213607339306,-1.5151303722502418
8.226200000007506,0.0,0.0,0.0,0.0,0.0,0.0,0.029033540080746156,-0.016688694902531772,5.720701590916655,-40.630174180038146,0.7531439566516042,-1.5151185852150437
8.2282000000075,0.0,0.0,0.0,0.0,0.0,0.0,0.02881919827020657,-0.01703465456729585,5.720675430172128,-40.64281566621923,0.7530736206414104,-1.5151067489896237
8.230200000007496,0.0,0.0,0.0,0.0,0.0,0.0,0.028600839259383573,-0.01737847123637594,5.720649250768452,-40.6554449665217,0.7530027268290036,-1.515094866133283
8.232200000007492,0.0,0.0,0.0,0.0,0.0,0.0,0.02837846156551984,-0.017720093407504175,5.72062306030349,-40.668062064447305,0.7529314027426677,-1.5150829391777285
8.234200000007487,0.0,0.0,0.0,0.0,0.0,0.0,0.028152064660585067,-0.018059468775638014,5.720596866386512,-40.680666945616196,0.7528597758815038,-1.5150709706309324
8.236200000007482,0.0,0.0,0.0,0.0,0.0,0.0,0.027921649007207214,-0.01839654422635828,5.720570676640124,-40.693259597758654,0.7527879736783741,-1.5150589629802123
8.238200000007478,0.0,0.0,0.0,0.0,0.0,0.0,0.027687216094970074,-0.01873126583703678,5.720544498701427,-40.70584001070636,0.7527161234630021,-1.5150469186946678
8.240200000007473,0.0,0.0,0.0,0.0,0.0,0.0,0.027448768476661098,-0.019063578884655465,5.7205183402225535,-40.71840817638341,0.7526443524252453,-1.5150348402270835
8.242200000007468,0.0,0.0,0.0,0.0,0.0,0.0,0.02720630980414086,-0.01939342785932681,5.720492208870664,-40.73096408879682,0.7525727875785602,-1.5150227300153882
8.244200000007464,0.0,0.0,0.0,0.0,0.0,0.0,0.026959844863561597,-0.019720756482708154,5.720466112327485,-40.74350774402651,0.752501555723676,-1.5150105904837474
8.246200000007459,0.0,0.0,0.0,0.0,0.0,0.0,0.026709379609711616,-0.020045507730633478,5.720440058288459,-40.75603914021502,0.7524307834124917,-1.5149984240433576
8.248200000007454,0.0,0.0,0.0,0.0,0.0,0.0,0.026454921199319158,-0.02036762385937162,5.720414054461563,-40.76855827755657,0.752360596912208,-1.5149862330929897
8.25020000000745,0.0,0.0,0.0,0.0,0.0,0.0,0.026196478023165545,-0.020687046435015285,5.720388108565843,-40.78106515828572,0.7522911221697102,-1.5149740200193296
8.252200000007445,0.0,0.0,0.0,0.0,0.0,0.0,0.02593405973689776,-0.021003716365579687,5.720362228329705,-40.79355978666557,0.7522224847762112,-1.5149617871971492
8.25420000000744,0.0,0.0,0.0,0.0,0.0,0.0,0.02566767729045152,-0.021317573935430406,5.720336421488993,-40.80604216897546,0.7521548099321681,-1.5149495369893435
8.256200000007436,0.0,0.0,0.0,0.0,0.0,0.0,0.02539734295601305,-0.021628558841733994,5.720310695784889,-40.81851231349821,0.7520882224124796,-1.5149372717468528
8.258200000007431,0.0,0.0,0.0,0.0,0.0,0.0,0.025123070354462554,-0.021936610232648906,5.720285058961652,-40.83097023050691,0.7520228465319766,-1.5149249938084992
8.260200000007426,0.0,0.0,0.0,0.0,0.0,0.0,0.02484487448026411,-0.02224166674701574,5.72025951876422,-40.843415932251155,0.7519588061112148,-1.514912705500746
8.262200000007422,0.0,0.0,0.0,0.0,0.0,0.0,0.024562771724761494,-0.022543666555340063,5.720234082935691,-40.855849432943,0.7518962244425765,-1.5149004091374052
8.264200000007417,0.0,0.0,0.0,0.0,0.0,0.0,0.02427677989786387,-0.022842547401876457,5.720208759214706,-40.86827074874237,0.7518352242566915,-1.5148881070192926
8.266200000007412,0.0,0.0,0.0,0.0,0.0,0.0,0.02398691824811008,-0.02313824664765013,5.720183555332726,-40.88067989774196,0.7517759276891844,-1.514875801433853
8.268200000007408,0.0,0.0,0.0,0.0,0.0,0.0,0.02369320748109466,-0.023430701314269206,5.720158479011243,-40.893076899951936,0.7517184562477562,-1.5148634946547566
8.270200000007403,0.0,0.0,0.0,0.0,0.0,0.0,0.023395669776260317,-0.023719848128398065,5.720133537958904,-40.905461777284025,0.7516629307796056,-1.5148511889414755
8.272200000007398,0.0,0.0,0.0,0.0,0.0,0.0,0.023094328802059052,-0.024005623566765995,5.7201087398685875,-40.91783455353529,0.7516094714391993,-1.5148388865388478
8.274200000007394,0.0,0.0,0.0,0.0,0.0,0.0,0.022789209729482875,-0.024287963901610598,5.720084092414414,-40.93019525437157,0.7515581976563968,-1.5148265896766284
8.276200000007389,0.0,0.0,0.0,0.0,0.0,0.0,0.02248033924398236,-0.024566805246453632,5.720059603248706,-40.94254390731044,0.7515092281049346,-1.5148143005690415
8.278200000007384,0.0,0.0,0.0,0.0,0.0,0.0,0.022167745555778048,-0.0248420836021187,5.720035279998918,-40.9548805417039,0.7514626806712774,-1.5148020214143252
8.28020000000738,0.0,0.0,0.0,0.0,0.0,0.0,0.021851458408585805,-0.025113734902910273,5.720011130264508,-40.96720518872073,0.751418672423842,-1.5147897543942799
8.282200000007375,0.0,0.0,0.0,0.0,0.0,0.0,0.021531509086774876,-0.025381695062875624,5.719987161613802,-40.97951788132839,0.7513773195825978,-1.51477750167382
8.28420000000737,0.0,0.0,0.0,0.0,0.0,0.0,0.021207930420972652,-0.025645900022079404,5.719963381580805,-40.99181865427479,0.7513387374890512,-1.5147652654005306
8.286200000007366,0.0,0.0,0.0,0.0,0.0,0.0,0.020880756792146595,-0.02590628579282556,5.719939797662007,-41.00410754406956,0.7513030405766155,-1.5147530477042284
8.288200000007361,0.0,0.0,0.0,0.0,0.0,0.0,0.02055002413418394,-0.026162788505761994,5.719916417313157,-41.016384588965195,0.7512703423413762,-1.5147408506965354
8.290200000007356,0.0,0.0,0.0,0.0,0.0,0.0,0.020215769934991138,-0.026415344455815098,5.719893247946029,-41.02864982893778,0.75124075531325,-1.5147286764704577
8.292200000007352,0.0,0.0,0.0,0.0,0.0,0.0,0.01986648902357555,-0.026655294500614313,5.719877309922381,-41.04090330570018,0.7512143906855829,-1.5147165270835297
8.294200000007347,0.0,0.0,0.0,0.0,0.0,0.0,0.019333572131150265,-0.02674986369835686,5.719973118258205,-41.053145076489734,0.7511912065484023,-1.5147043974594334
8.296200000007342,0.0,0.0,0.0,0.0,0.0,0.0,0.018826895888098005,-0.02685016425734056,5.720054738907436,-41.06537522808222,0.7511708054546286,-1.514692267138379
8.298200000007338,0.0,0.0,0.0,0.0,0.0,0.0,0.01834225809515404,-0.02695499190821627,5.720124271737556,-41.07759383911095,0.7511527948455098,-1.514680118265042
8.300200000007333,0.0,0.0,0.0,0.0,0.0,0.0,0.01787611299018127,-0.027063260095307413,5.720183506334368,-41.08980097599419,0.7511368407792804,-1.5146679375266379
8.302200000007328,0.0,0.0,0.0,0.0,0.0,0.0,0.01742547097790434,-0.027173992542420002,5.72023396772007,-41.1019966949017,0.7511226591681683,-1.5146557151623756
8.304200000007324,0.0,0.0,0.0,0.0,0.0,0.0,0.01698781355846636,-0.027286315339719373,5.720276955369118,-41.11418104340327,0.7511100083263966,-1.5146434441730978
8.306200000007319,0.0,0.0,0.0,0.0,0.0,0.0,0.016561021166444066,-0.027399448874593522,5.720313576495242,-41.12635406185087,0.7510986826328891,-1.5146311196924538
8.308200000007314,0.0,0.0,0.0,0.0,0.0,0.0,0.016143311974370717,-0.02751269984132956,5.720344774444161,-41.13851578453763,0.7510885071417993,-1.514618738488213
8.31020000000731,0.0,0.0,0.0,0.0,0.0,0.0,0.01573319000623749,-0.02762545349585359,5.7203713529067635,-41.15066624066985,0.7510793329989945,-1.514606298568209
8.312200000007305,0.0,0.0,0.0,0.0,0.0,0.0,0.015329401154447525,-0.027737166268788218,5.720393996564461,-41.16280545518221,0.7510710335438778,-1.5145937988702436
8.3142000000073,0.0,0.0,0.0,0.0,0.0,0.0,0.014930895904751615,-0.027847358809466104,5.720413288689848,-41.17493344942174,0.7510635009939963,-1.5145812390192088
8.316200000007296,0.0,0.0,0.0,0.0,0.0,0.0,0.014536797753260305,-0.027955609502746347,5.720429726149781,-41.187050241721465,0.7510566436252458,-1.5145686191378813
8.318200000007291,0.0,0.0,0.0,0.0,0.0,0.0,0.014146376452402553,-0.028061548477441377,5.720443732192864,-41.19915584788201,0.7510503833735331,-1.514555939700471
8.320200000007286,0.0,0.0,0.0,0.0,0.0,0.0,0.013759025352657625,-0.028164852108220152,5.720455667347471,-41.21125028157554,0.7510446537948594,-1.5145432014201012
8.322200000007282,0.0,0.0,0.0,0.0,0.0,0.0,0.013374242217401534,-0.028265238000672276,5.72046583870877,-41.22333355468485,0.7510393983302244,-1.514530405163139
8.324200000007277,0.0,0.0,0.0,0.0,0.0,0.0,0.012991612982193382,-0.028362460440736273,5.720474507852305,-41.235405677588005,0.7510345688297699,-1.5145175518846827
8.326200000007272,0.0,0.0,0.0,0.0,0.0,0.0,0.012610798009710595,-0.02845630628406632,5.720481897576852,-41.24746665939737,0.7510301242974071,-1.5145046425806494
8.328200000007268,0.0,0.0,0.0,0.0,0.0,0.0,0.012231520459469073,-0.02854659125744293,5.720488197649421,-41.25951650816015,0.7510260298229645,-1.5144916782528106
8.330200000007263,0.0,0.0,0.0,0.0,0.0,0.0,0.011853556449153988,-0.028633156642523246,5.72049356969985,-41.27155523102691,0.7510222556738297,-1.5144786598838804
8.332200000007258,0.0,0.0,0.0,0.0,0.0,0.0,0.011476726733422758,-0.028715866311614328,5.720498151390701,-41.28358283439307,0.7510187765222487,-1.5144655884203428
8.334200000007254,0.0,0.0,0.0,0.0,0.0,0.0,0.01110088966768925,-0.02879460408544519,5.720502059969618,-41.29559932401772,0.75101557078801,-1.514452464761189
8.33620000000725,0.0,0.0,0.0,0.0,0.0,0.0,0.010725935259756339,-0.02886927138381014,5.720505395295506,-41.307604705123445,0.7510126200792734,-1.5144392897511223
8.338200000007244,0.0,0.0,0.0,0.0,0.0,0.0,0.010351780142196985,-0.028939785141311684,5.720508242416388,-41.319598982480215,0.7510099087168809,-1.514426064177101
8.34020000000724,0.0,0.0,0.0,0.0,0.0,0.0,0.00997836332386077,-0.02900607596203398,5.720510673765318,-41.331582160475854,0.7510074233296805,-1.5144127887673278
8.342200000007235,0.0,0.0,0.0,0.0,0.0,0.0,0.0096056426005214,-0.029068086488759824,5.720512751030867,-41.34355424317526,0.751005152510253,-1.5143994641919987
8.34420000000723,0.0,0.0,0.0,0.0,0.0,0.0,0.009233591523021223,-0.029125769964188558,5.720514526750401,-41.35551523437014,0.7510030865220243,-1.5143860910652798
8.346200000007226,0.0,0.0,0.0,0.0,0.0,0.0,0.00886219683683019,-0.029179088963472457,5.7205160456671935,-41.367465137620904,0.7510012170500865,-1.5143726699481064
8.348200000007221,0.0,0.0,0.0,0.0,0.0,0.0,0.008491456320148473,-0.029228014279198935,5.720517345886359,-41.3794039562918,0.7509995369892045,-1.5143592013514904
8.350200000007217,0.0,0.0,0.0,0.0,0.0,0.0,0.008121376958852317,-0.029272523941701968,5.720518459859417,-41.391331693580504,0.750998040263453,-1.5143456857401103
8.352200000007212,0.0,0.0,0.0,0.0,0.0,0.0,0.007751973406082821,-0.02931260235923999,5.720519415222885,-41.40324835254295,0.7509967216727645,-1.5143321235360074
8.354200000007207,0.0,0.0,0.0,0.0,0.0,0.0,0.0073832666823022254,-0.02934823956412962,5.7205202355125095,-41.41515393611431,0.7509955767623697,-1.5143185151222671
8.356200000007203,0.0,0.0,0.0,0.0,0.0,0.0,0.0070152830784575414,-0.029379430552362577,5.720520940771605,-41.4270484471265,0.7509946017117146,-1.5143048608465979
8.358200000007198,0.0,0.0,0.0,0.0,0.0,0.0,0.006648053230654912,-0.029406174705567296,5.720521548069164,-41.43893188832308,0.7509937932399466,-1.514291161024748
8.360200000007193,0.0,0.0,0.0,0.0,0.0,0.0,0.006281611339631183,-0.029428475285383268,5.720522071941123,-41.45080426237161,0.7509931485254966,-1.514277415943723
8.362200000007189,0.0,0.0,0.0,0.0,0.0,0.0,0.005915994512444137,-0.02944633899142312,5.720522524766194,-41.46266557187418,0.7509926651376558,-1.5142636258647777
8.364200000007184,0.0,0.0,0.0,0.0,0.0,0.0,0.005551242207298663,-0.02945977557499745,5.720522917085935,-41.47451581937625,0.750992340978356,-1.5142497910261816
8.36620000000718,0.0,0.0,0.0,0.0,0.0,0.0,0.005187395765393457,-0.029468797501679064,5.720523257877357,-41.48635500737401,0.7509921742326294,-1.514235911645746
8.368200000007175,0.0,0.0,0.0,0.0,0.0,0.0,0.004824498016167318,-0.029473419656592018,5.720523554785073,-41.4981831383207,0.7509921633264584,-1.514221987923124
8.37020000000717,0.0,0.0,0.0,0.0,0.0,0.0,0.004462592944449266,-0.029473659087031878,5.7205238143190265,-41.510000214631816,0.750992306890906,-1.5142080200418941
8.372200000007165,0.0,0.0,0.0,0.0,0.0,0.0,0.004101725409808767,-0.029469534777679267,5.720524042022873,-41.5218062386896,0.7509926037315977,-1.5141940081714336
8.37420000000716,0.0,0.0,0.0,0.0,0.0,0.0,0.003741940909908803,-0.02946106745423113,5.720524242617382,-41.53360121284673,0.7509930528027481,-1.514179952468598
8.376200000007156,0.0,0.0,0.0,0.0,0.0,0.0,0.0033832853809541126,-0.029448279411795175,5.7205244201225645,-41.54538513942951,0.7509936531850644,-1.5141658530792248
8.378200000007151,0.0,0.0,0.0,0.0,0.0,0.0,0.0030258050293972484,-0.029431194364842823,5.720524577961673,-41.55715802074051,0.7509944040669383,-1.5141517101394697
8.380200000007147,0.0,0.0,0.0,0.0,0.0,0.0,0.0026695461899917863,-0.029409837315910913,5.720524719049782,-41.56891985906076,0.7509953047284449,-1.5141375237769936
8.382200000007142,0.0,0.0,0.0,0.0,0.0,0.0,0.002314555206036098,-0.029384234440603046,5.720524845869204,-41.58067065665173,0.7509963545277243,-1.5141232941120155
8.384200000007137,0.0,0.0,0.0,0.0,0.0,0.0,0.001960878328320817,-0.029354412986745175,5.720524960533737,-41.59241041575686,0.7509975528893928,-1.5141090212582409
8.386200000007133,0.0,0.0,0.0,0.0,0.0,0.0,0.0016085616298304422,-0.02932040118583149,5.720525064843359,-41.60413913860287,0.7509988992946821,-1.5140947053236824
8.388200000007128,0.0,0.0,0.0,0.0,0.0,0.0,0.001257650933710044,-0.029282228175124422,5.720525160330812,-41.61585682740103,0.7510003932730458,-1.51408034641138
8.390200000007123,0.0,0.0,0.0,0.0,0.0,0.0,0.0009081917524253971,-0.02923992392899788,5.720525248301276,-41.62756348434798,0.7510020343950181,-1.5140659446200344
8.392200000007119,0.0,0.0,0.0,0.0,0.0,0.0,0.0005602292363305418,-0.029193519198286288,5.720525329866148,-41.639259111626615,0.7510038222661355,-1.5140515000445642
8.394200000007114,0.0,0.0,0.0,0.0,0.0,0.0,0.00021380813018182868,-0.02914304545656692,5.720525405971811,-41.650943711406754,0.7510057565217646,-1.5140370127765908
8.39620000000711,0.0,0.0,0.0,0.0,0.0,0.0,-0.00013102726366050508,-0.029088534852445627,5.720525477424133,-41.66261728584574,0.7510078368226996,-1.5140224829048656
8.398200000007105,0.0,0.0,0.0,0.0,0.0,0.0,-0.00047423311638944806,-0.029030020167035844,5.720525544909328,-41.67427983708892,0.7510100628514162,-1.5140079105156403
8.4002000000071,0.0,0.0,0.0,0.0,0.0,0.0,-0.0008157660991497959,-0.028967534775932745,5.720525609011718,-41.68593136727003,0.7510124343088828,-1.5139932956929925
8.402200000007095,0.0,0.0,0.0,0.0,0.0,0.0,-0.001155583405424207,-0.028901112615067323,5.720525670228866,-41.697571878511646,0.7510149509118467,-1.5139786385191065
8.40420000000709,0.0,0.0,0.0,0.0,0.0,0.0,-0.0014936427700243966,-0.028830788149926817,5.720525728984455,-41.709201372925385,0.7510176123905253,-1.513963939074522
8.406200000007086,0.0,0.0,0.0,0.0,0.0,0.0,-0.0018299024852204782,-0.02875659634767413,5.720525785639259,-41.72081985261221,0.7510204184866398,-1.5139491974383459
8.408200000007081,0.0,0.0,0.0,0.0,0.0,0.0,-0.0021643214144456027,-0.028678572651777395,5.720525840500481,-41.73242731966266,0.7510233689517417,-1.5139344136884387
8.410200000007077,0.0,0.0,0.0,0.0,0.0,0.0,-0.0024968590039448533,-0.028596752958809375,5.720525893829712,-41.744023776157064,0.7510264635457897,-1.5139195879015759
8.412200000007072,0.0,0.0,0.0,0.0,0.0,0.0,-0.002827475292681062,-0.028511173597123046,5.720525945849701,-41.75560922416557,0.751029702035937,-1.5139047201535891
8.414200000007067,0.0,0.0,0.0,0.0,0.0,0.0,-0.0031561309207659323,-0.02842187130714675,5.720525996750124,-41.76718366574848,0.7510330841954993,-1.5138898105194862
8.416200000007063,0.0,0.0,0.0,0.0,0.0,0.0,-0.0034827871366214474,-0.028328883223081098,5.720526046692494,-41.778747102956224,0.7510366098030774,-1.5138748590735567
8.418200000007058,0.0,0.0,0.0,0.0,0.0,0.0,-0.0038074058030722587,-0.02823224685581104,5.720526095814346,-41.79029953782953,0.7510402786418091,-1.5138598658894635
8.420200000007053,0.0,0.0,0.0,0.0,0.0,0.0,-0.004129949402510231,-0.028132000076865428,5.720526144232795,-41.80184097239949,0.7510440904987331,-1.5138448310403207
8.422200000007049,0.0,0.0,0.0,0.0,0.0,0.0,-0.00445038104127073,-0.028028181103290094,5.720526192047571,-41.81337140868765,0.7510480451642468,-1.5138297545987627
8.424200000007044,0.0,0.0,0.0,0.0,0.0,0.0,-0.004768664453324433,-0.02792082848330747,5.720526239343599,-41.82489084870608,0.7510521424316456,-1.5138146366370013
8.42620000000704,0.0,0.0,0.0,0.0,0.0,0.0,-0.005084764003378715,-0.027809981082663086,5.720526286193198,-41.836399294457436,0.7510563820967296,-1.5137994772268788
8.428200000007035,0.0,0.0,0.0,0.0,0.0,0.0,-0.005398644689463351,-0.027695678071568388,5.720526332657952,-41.84789674793501,0.7510607639574699,-1.5137842764399114
8.43020000000703,0.0,0.0,0.0,0.0,0.0,0.0,-0.005710272145068536,-0.02757795891216356,5.720526378790312,-41.8593832111228,0.7510652878137234,-1.5137690343473253
8.432200000007025,0.0,0.0,0.0,0.0,0.0,0.0,-0.006019612640883477,-0.027456863346433668,5.720526424634938,-41.870858685995515,0.7510699534669909,-1.513753751020091
8.43420000000702,0.0,0.0,0.0,0.0,0.0,0.0,-0.006326633086188319,-0.027332431384524573,5.720526470229872,-41.88232317451864,0.7510747607202096,-1.5137384265289509
8.436200000007016,0.0,0.0,0.0,0.0,0.0,0.0,-0.006631301029933826,-0.027204703293404537,5.72052651560751,-41.89377667864848,0.7510797093775788,-1.5137230609444448
8.438200000007011,0.0,0.0,0.0,0.0,0.0,0.0,-0.006933584661539769,-0.02707371958583729,5.720526560795445,-41.90521920033216,0.7510847992444083,-1.5137076543369292
8.440200000007007,0.0,0.0,0.0,0.0,0.0,0.0,-0.007233452811442485,-0.02693952100962511,5.72052660581718,-41.91665074150772,0.7510900301269923,-1.5136922067765959
8.442200000007002,0.0,0.0,0.0,0.0,0.0,0.0,-0.007530874951411527,-0.02680214853709647,5.720526650692733,-41.92807130410406,0.7510954018324996,-1.5136767183334876
8.444200000006997,0.0,0.0,0.0,0.0,0.0,0.0,-0.00782582119465844,-0.026661643354807356,5.720526695439161,-41.939480890041054,0.7511009141688815,-1.513661189077511
8.446200000006993,0.0,0.0,0.0,0.0,0.0,0.0,-0.008118262295747778,-0.026518046853439888,5.720526740070991,-41.95087950122947,0.7511065669447925,-1.5136456190784489
8.448200000006988,0.0,0.0,0.0,0.0,0.0,0.0,-0.008408169650332673,-0.02637140061787389,5.720526784600604,-41.96226713957111,0.7511123599695232,-1.513630008405969
8.450200000006983,0.0,0.0,0.0,0.0,0.0,0.0,-0.008695515294719472,-0.026221746417420467,5.7205268290385485,-41.97364380695874,0.7511182930529421,-1.513614357129635
8.452200000006979,0.0,0.0,0.0,0.0,0.0,0.0,-0.00898027190527512,-0.026069126196200526,5.720526873393815,-41.98500950527618,0.7511243660054471,-1.5135986653189102
8.454200000006974,0.0,0.0,0.0,0.0,0.0,0.0,-0.009262412797683344,-0.025913582063658385,5.720526917674067,-41.99636423639827,0.7511305786379238,-1.5135829330431663
8.45620000000697,0.0,0.0,0.0,0.0,0.0,0.0,-0.009541911926063792,-0.02575515628520119,5.720526961885836,-42.007708002190945,0.7511369307617095,-1.5135671603716885
8.458200000006965,0.0,0.0,0.0,0.0,0.0,0.0,-0.009818743881948554,-0.02559389127295374,5.720527006034697,-42.01904080451119,0.7511434221885626,-1.5135513473736797
8.46020000000696,0.0,0.0,0.0,0.0,0.0,0.0,-0.010092883893134346,-0.025429829576624718,5.720527050125398,-42.03036264520712,0.7511500527306361,-1.5135354941182648
8.462200000006955,0.0,0.0,0.0,0.0,0.0,0.0,-0.010364307822406852,-0.02526301387447773,5.720527094161996,-42.041673526117954,0.7511568222004561,-1.5135196006744942
8.46420000000695,0.0,0.0,0.0,0.0,0.0,0.0,-0.01063299216614499,-0.025093486964400797,5.7205271381479506,-42.052973449074074,0.751163730410902,-1.5135036671113462
8.466200000006946,0.0,0.0,0.0,0.0,0.0,0.0,-0.01089891405280818,-0.024921291755070685,5.720527182086217,-42.06426241589701,0.7511707771751903,-1.51348769349773
8.468200000006942,0.0,0.0,0.0,0.0,0.0,0.0,-0.011162051241309692,-0.024746471257212917,5.720527225979319,-42.07554042839948,0.7511779623068601,-1.5134716799024888
8.470200000006937,0.0,0.0,0.0,0.0,0.0,0.0,-0.01142238211928007,-0.024569068574948297,5.720527269829417,-42.086807488385375,0.7511852856197612,-1.5134556263944
8.472200000006932,0.0,0.0,0.0,0.0,0.0,0.0,-0.011679885701222891,-0.02438912689722826,5.720527313638354,-42.09806359764984,0.7511927469280443,-1.5134395330421777
8.474200000006928,0.0,0.0,0.0,0.0,0.0,0.0,-0.011934541626564734,-0.024206689489355702,5.720527357407711,-42.10930875797922,0.751200346046151,-1.513423399914475
8.476200000006923,0.0,0.0,0.0,0.0,0.0,0.0,-0.012186330157602817,-0.02402179968459091,5.720527401138841,-42.12054297115111,0.7512080827888068,-1.5134072270798835
8.478200000006918,0.0,0.0,0.0,0.0,0.0,0.0,-0.012435232177353948,-0.02383450087583962,5.720527444832906,-42.13176623893439,0.7512159569710134,-1.5133910146069351
8.480200000006914,0.0,0.0,0.0,0.0,0.0,0.0,-0.012681229187302695,-0.02364483650742457,5.7205274884909025,-42.14297856308918,0.7512239684080437,-1.5133747625641032
8.482200000006909,0.0,0.0,0.0,0.0,0.0,0.0,-0.012924303305054586,-0.023452850066938664,5.720527532113688,-42.15417994536695,0.751232116915437,-1.5133584710198034
8.484200000006904,0.0,0.0,0.0,0.0,0.0,0.0,-0.01316443726189608,-0.023258585077178758,5.720527575702,-42.16537038751044,0.7512404023089931,-1.5133421400423936
8.4862000000069,0.0,0.0,0.0,0.0,0.0,0.0,-0.013401614400259864,-0.023062085088162657,5.720527619256476,-42.176549891253764,0.7512488244047695,-1.5133257697001758
8.488200000006895,0.0,0.0,0.0,0.0,0.0,0.0,-0.013635818671101568,-0.02286339366922448,5.720527662777666,-42.18771845832235,0.7512573830190779,-1.5133093600613956
8.49020000000689,0.0,0.0,0.0,0.0,0.0,0.0,-0.013867034631186614,-0.022662554401193923,5.720527706266049,-42.19887609043301,0.7512660779684811,-1.5132929111942421
8.492200000006886,0.0,0.0,0.0,0.0,0.0,0.0,-0.014095247440289902,-0.022459610868654722,5.720527749722038,-42.210022789293916,0.7512749090697893,-1.513276423166851
8.494200000006881,0.0,0.0,0.0,0.0,0.0,0.0,-0.014321394781633407,-0.022258341765481967,5.720525915784927,-42.22115855659516,0.7512838762311841,-1.5132598960515937
8.496200000006876,0.0,0.0,0.0,0.0,0.0,0.0,-0.014553962208861617,-0.022088594027928315,5.720507121719784,-42.23228339168335,0.7512930052385121,-1.513243331114972
8.498200000006872,0.0,0.0,0.0,0.0,0.0,0.0,-0.014784998807412178,-0.0219164428124174,5.720488347253355,-42.24339728933506,0.7513023799473134,-1.5132267320959534
8.500200000006867,0.0,0.0,0.0,0.0,0.0,0.0,-0.015014455116170203,-0.02174189128647902,5.720469599404587,-42.25450024506809,0.7513120917559458,-1.51321010267254
8.502200000006862,0.0,0.0,0.0,0.0,0.0,0.0,-0.01524228484630354,-0.02156494345248449,5.7204508848175735,-42.26559225586938,0.7513222318558389,-1.5131934461556031
8.504200000006858,0.0,0.0,0.0,0.0,0.0,0.0,-0.015468444294042979,-0.021385604077054473,5.720432209823944,-42.27667332016158,0.7513328912140486,-1.5131767655495119
8.506200000006853,0.0,0.0,0.0,0.0,0.0,0.0,-0.015692891854572205,-0.021203878640419553,5.720413580494517,-42.28774343777392,0.7513441605551318,-1.513160063602514
8.508200000006848,0.0,0.0,0.0,0.0,0.0,0.0,-0.015915587620285148,-0.021019773301294994,5.720395002682037,-42.298802609916706,0.7513561303424856,-1.5131433428485932
8.510200000006844,0.0,0.0,0.0,0.0,0.0,0.0,-0.016136493049438115,-0.020833294873741127,5.720376482056471,-42.309850839158585,0.7513688907592736,-1.513126605642237
8.512200000006839,0.0,0.0,0.0,0.0,0.0,0.0,-0.016355570693532506,-0.020644450813201924,5.720358024134135,-42.32088812940627,0.7513825316890389,-1.5131098541873023
8.514200000006834,0.0,0.0,0.0,0.0,0.0,0.0,-0.016572783973692915,-0.02045324920950201,5.720339634301649,-42.331914485886166,0.7513971426960879,-1.513093090560979
8.51620000000683,0.0,0.0,0.0,0.0,0.0,0.0,-0.01678809699791304,-0.02025969878504995,5.7203213178356265,-42.342929915127485,0.751412813005721,-1.5130763167336716
8.518200000006825,0.0,0.0,0.0,0.0,0.0,0.0,-0.01700147441239571,-0.020063808896860463,5.720303079918781,-42.35393442494671,0.7514296314843643,-1.5130595345854836
8.52020000000682,0.0,0.0,0.0,0.0,0.0,0.0,-0.01721288128132133,-0.019865589541317893,5.7202849256530675,-42.36492802443306,0.7514476866196541,-1.513042745919883
8.522200000006816,0.0,0.0,0.0,0.0,0.0,0.0,-0.017422282990326873,-0.019665051360827888,5.720266860070343,-42.375910723934695,0.7514670665005201,-1.5130259524750185
8.524200000006811,0.0,0.0,0.0,0.0,0.0,0.0,-0.01762964516975302,-0.01946220565170391,5.720248888140968,-42.386882535045565,0.7514878587972993,-1.5130091559330838
8.526200000006806,0.0,0.0,0.0,0.0,0.0,0.0,-0.017834933634373447,-0.019257064372769032,5.7202310147807,-42.39784347059278,0.7515101507419124,-1.512992357928061
8.528200000006802,0.0,0.0,0.0,0.0,0.0,0.0,-0.01803811433685921,-0.019049640154291447,5.720213244856142,-42.40879354462437,0.7515340291081279,-1.5129755600521122
8.530200000006797,0.0,0.0,0.0,0.0,0.0,0.0,-0.018239153332687538,-0.018839946306944473,5.720195583189008,-42.419732772397246,0.7515595801919395,-1.5129587638608528
8.532200000006792,0.0,0.0,0.0,0.0,0.0,0.0,-0.018438016754584733,-0.01862799683057271,5.720178034559401,-42.43066117036541,0.7515868897920678,-1.5129419708776923
8.534200000006788,0.0,0.0,0.0,0.0,0.0,0.0,-0.018634670794905404,-0.018413806422587834,5.720160603708257,-42.44157875616833,0.7516160431906111,-1.5129251825974013
8.536200000006783,0.0,0.0,0.0,0.0,0.0,0.0,-0.01882908169461233,-0.01819739048587615,5.720143295339099,-42.4524855486193,0.7516471251338542,-1.512908400489035
8.538200000006778,0.0,0.0,0.0,0.0,0.0,0.0,-0.019021215737748016,-0.01797876513612385,5.720126114119231,-42.46338156769392,0.7516802198132468,-1.512891625998325
8.540200000006774,0.0,0.0,0.0,0.0,0.0,0.0,-0.019211039250463705,-0.01775794720849816,5.720109064680434,-42.47426683451863,0.7517154108465647,-1.5128748605496278
8.542200000006769,0.0,0.0,0.0,0.0,0.0,0.0,-0.01939851860382574,-0.017534954263646253,5.720092151619289,-42.485141371358985,0.751752781259261,-1.512858105547506
8.544200000006764,0.0,0.0,0.0,0.0,0.0,0.0,-0.01958362021975603,-0.017309804592979715,5.7200753794971435,-42.49600520160821,0.751792413466015,-1.5128413623780055
8.54620000000676,0.0,0.0,0.0,0.0,0.0,0.0,-0.019766310579553154,-0.017082517223235272,5.720058752839825,-42.506858349775506,0.7518343892524875,-1.51282463240968
8.548200000006755,0.0,0.0,0.0,0.0,0.0,0.0,-0.019946556234543292,-0.016853111920306682,5.720042276137112,-42.51770084147422,0.7518787897572864,-1.5128079169944093
8.55020000000675,0.0,0.0,0.0,0.0,0.0,0.0,-0.020124323818477514,-0.016621609192346835,5.720025953842019,-42.52853270341013,0.751925695454149,-1.512791217468042
8.552200000006746,0.0,0.0,0.0,0.0,0.0,0.0,-0.020299580061354985,-0.016388030292149896,5.720009790369933,-42.53935396336949,0.751975186134347,-1.5127745351508994
8.554200000006741,0.0,0.0,0.0,0.0,0.0,0.0,-0.02047229180440048,-0.016152397218823788,5.7199937900976,-42.55016465020704,0.7520273408893169,-1.5127578713481615
8.556200000006736,0.0,0.0,0.0,0.0,0.0,0.0,-0.020642426015973877,-0.015914732718765964,5.719977957362031,-42.56096479383383,0.7520822380935208,-1.5127412273501537
8.558200000006732,0.0,0.0,0.0,0.0,0.0,0.0,-0.020809949808217827,-0.01567506028595622,5.719962296459292,-42.571754425205114,0.7521399553875405,-1.512724604432557
8.560200000006727,0.0,0.0,0.0,0.0,0.0,0.0,-0.020974830454283853,-0.015433404161585097,5.7199468116432515,-42.582533576307945,0.7522005696614086,-1.512708003856556
8.562200000006722,0.0,0.0,0.0,0.0,0.0,0.0,-0.021137035406001998,-0.01518978933303425,5.719931507124244,-42.593302280148826,0.752264157038179,-1.512691426868928
8.564200000006718,0.0,0.0,0.0,0.0,0.0,0.0,-0.021296532311877767,-0.014944241532223667,5.719916387067702,-42.60406057074117,0.7523307928577412,-1.5126748747020953
8.566200000006713,0.0,0.0,0.0,0.0,0.0,0.0,-0.021453289035320892,-0.014696787233348543,5.71990145559275,-42.61480848309268,0.7524005516608779,-1.5126583485741394
8.568200000006708,0.0,0.0,0.0,0.0,0.0,0.0,-0.021607273673020715,-0.014447453650020125,5.719886716770766,-42.62554605319263,0.7524735071735716,-1.5126418496887886
8.570200000006704,0.0,0.0,0.0,0.0,0.0,0.0,-0.02175845457340118,-0.014196268731825236,5.719872174623922,-42.63627331799908,0.7525497322915592,-1.5126253792353828
8.5722000000067,0.0,0.0,0.0,0.0,0.0,0.0,-0.021906800355093327,-0.013943261160328837,5.719857833123712,-42.64699031542601,0.7526292990651394,-1.512608938388824
8.574200000006694,0.0,0.0,0.0,0.0,0.0,0.0,-0.022052279925372693,-0.013688460344531538,5.7198436961894705,-42.65769708433027,0.7527122786842327,-1.5125925283095087
8.57620000000669,0.0,0.0,0.0,0.0,0.0,0.0,-0.022194862498521702,-0.013431896415800643,5.719829767686878,-42.66839366449858,0.7527987414636959,-1.5125761501432546
8.578200000006685,0.0,0.0,0.0,0.0,0.0,0.0,-0.02233451761407432,-0.01317360022229059,5.719816051426478,-42.67908009663433,0.7528887568288948,-1.5125598050212163
8.58020000000668,0.0,0.0,0.0,0.0,0.0,0.0,-0.022471215154914993,-0.012913603322869066,5.719802551162181,-42.689756422344395,0.7529823933015328,-1.5125434940597977
8.582200000006676,0.0,0.0,0.0,0.0,0.0,0.0,-0.022604925365198918,-0.012651937980568602,5.719789270589785,-42.700422684125805,0.7530797184857408,-1.5125272183605607
8.584200000006671,0.0,0.0,0.0,0.0,0.0,0.0,-0.022735618868074087,-0.012388637155570752,5.7197762133454955,-42.71107892535241,0.7531807990544269,-1.5125109790101312
8.586200000006666,0.0,0.0,0.0,0.0,0.0,0.0,-0.022863266683180637,-0.012123734497746038,5.719763383004462,-42.721725190261466,0.7532857007358881,-1.5124947770801054
8.588200000006662,0.0,0.0,0.0,0.0,0.0,0.0,-0.022987840243909295,-0.01185726433876344,5.719750783079322,-42.7323615239401,0.7533944883006845,-1.512478613626955
8.590200000006657,0.0,0.0,0.0,0.0,0.0,0.0,-0.02310931141440448,-0.011589261683781117,5.719738417018753,-42.742987972311795,0.7535072255487789,-1.5124624896919352
8.592200000006653,0.0,0.0,0.0,0.0,0.0,0.0,-0.023227652506296097,-0.011319762202734514,5.71972628820606,-42.75360458212276,0.7536239752969404,-1.512446406300992
8.594200000006648,0.0,0.0,0.0,0.0,0.0,0.0,-0.023342836295150042,-0.011048802221239454,5.719714399957754,-42.76421140092829,0.7537447993664129,-1.5124303644646742
8.596200000006643,0.0,0.0,0.0,0.0,0.0,0.0,-0.023454836036624915,-0.01077641871111561,5.719702755522169,-42.77480847707909,0.7538697585708524,-1.5124143651780475
8.598200000006639,0.0,0.0,0.0,0.0,0.0,0.0,-0.02356362548232562,-0.010502649280556756,5.719691358078091,-42.785395859707506,0.7539989127045297,-1.5123984094206089
8.600200000006634,0.0,0.0,0.0,0.0,0.0,0.0,-0.023669178895346882,-0.01022753216394887,5.719680210733406,-42.79597359871373,0.7541323205308029,-1.5123824981562095
8.60220000000663,0.0,0.0,0.0,0.0,0.0,0.0,-0.023771471065499428,-0.00995110621135869,5.719669316523777,-42.806541744752025,0.7542700397708566,-1.5123666323329756
8.604200000006625,0.0,0.0,0.0,0.0,0.0,0.0,-0.02387047732421124,-0.0096734108776989,5.719658678411339,-42.81710034921685,0.7544121270927118,-1.512350812883238
8.60620000000662,0.0,0.0,0.0,0.0,0.0,0.0,-0.023966173559100978,-0.009394486211589488,5.7196482992834214,-42.82764946422896,0.7545586381005046,-1.5123350407234595
8.608200000006615,0.0,0.0,0.0,0.0,0.0,0.0,-0.02405853622821707,-0.009114372843921609,5.719638181951295,-42.83818914262154,0.7547096273240366,-1.5123193167541729
8.61020000000661,0.0,0.0,0.0,0.0,0.0,0.0,-0.02414754237393928,-0.008833111976141582,5.719628329148943,-42.8487194379262,0.7548651482085932,-1.5123036418599165
8.612200000006606,0.0,0.0,0.0,0.0,0.0,0.0,-0.024233169636540833,-0.008550745368262423,5.719618743531868,-42.859240404359106,0.7550252531050352,-1.5122880169091775
8.614200000006601,0.0,0.0,0.0,0.0,0.0,0.0,-0.024315396267406336,-0.008267315326617869,5.719609427675914,-42.86975209680697,0.7551899932601607,-1.5122724427543381
8.616200000006597,0.0,0.0,0.0,0.0,0.0,0.0,-0.02439420114190468,-0.007982864691371779,5.71960038407613,-42.88025457081303,0.7553594188073377,-1.5122569202316254
8.618200000006592,0.0,0.0,0.0,0.0,0.0,0.0,-0.024469563771915923,-0.007697436823789111,5.719591615145655,-42.89074788256309,0.7555335787574097,-1.5122414501610635
8.620200000006587,0.0,0.0,0.0,0.0,0.0,0.0,-0.02454146431800871,-0.007411075593285742,5.7195831232146395,-42.90123208887147,0.7557125209898715,-1.512226033346432
8.622200000006583,0.0,0.0,0.0,0.0,0.0,0.0,-0.02460988360127123,-0.007123825364261967,5.719574910529195,-42.91170724716702,0.755896292244318,-1.5122106705752274
8.624200000006578,0.0,0.0,0.0,0.0,0.0,0.0,-0.024674803114790676,-0.006835730982737378,5.719566979250373,-42.92217341547907,0.7560849381121647,-1.5121953626186257
8.626200000006573,0.0,0.0,0.0,0.0,0.0,0.0,-0.02473620503478557,-0.006546837762789399,5.719559331453186,-42.932630652423384,0.7562785030286402,-1.5121801102314518
8.628200000006569,0.0,0.0,0.0,0.0,0.0,0.0,-0.02479407223138807,-0.006257191472813907,5.719551969125654,-42.943079017188126,0.75647703026505,-1.51216491415215
8.630200000006564,0.0,0.0,0.0,0.0,0.0,0.0,-0.024848388279078613,-0.005966838321609399,5.719544894167883,-42.95351856951983,0.7566805619213124,-1.5121497751027602
8.63220000000656,0.0,0.0,0.0,0.0,0.0,0.0,-0.024899137466773733,-0.00567582494430167,5.719538108391189,-42.96394936970939,0.7568891389187669,-1.512134693788894
8.634200000006555,0.0,0.0,0.0,0.0,0.0,0.0,-0.024946304807565833,-0.00538419838811579,5.719531613517247,-42.97437147857794,0.7571028009932537,-1.5121196708997173
8.63620000000655,0.0,0.0,0.0,0.0,0.0,0.0,-0.024989876048121227,-0.005092006097998943,5.719525411177279,-42.98478495746291,0.7573215866884642,-1.5121047071079345
8.638200000006545,0.0,0.0,0.0,0.0,0.0,0.0,-0.025029837677731707,-0.00479929590211409,5.7195195029112815,-42.99518986820393,0.7575455333495641,-1.512089803069774
8.64020000000654,0.0,0.0,0.0,0.0,0.0,0.0,-0.025066176937026906,-0.0045061159972031185,5.719513890167286,-43.00558627312887,0.7577746771170862,-1.51207495942498
8.642200000006536,0.0,0.0,0.0,0.0,0.0,0.0,-0.025098881826346283,-0.004212514933829916,5.719508574300655,-43.015974235039806,0.7580090529210949,-1.512060176796806
8.644200000006531,0.0,0.0,0.0,0.0,0.0,0.0,-0.02512794111377352,-0.003918541601518211,5.719503556573427,-43.02635381719899,0.7582486944756207,-1.5120454557920087
8.646200000006527,0.0,0.0,0.0,0.0,0.0,0.0,-0.02515334434283579,-0.003624245213782078,5.719498838153682,-43.03672508331486,0.7584936342733657,-1.512030797000847
8.648200000006522,0.0,0.0,0.0,0.0,0.0,0.0,-0.025175081839871424,-0.003329675293059581,5.719494420114964,-43.04708809752815,0.7587439035806774,-1.5120162009970841
8.650200000006517,0.0,0.0,0.0,0.0,0.0,0.0,-0.025193144721065822,-0.0030348816555635333,5.7194903034357285,-43.057442924397805,0.7589995324327943,-1.5120016683379889
8.652200000006513,0.0,0.0,0.0,0.0,0.0,0.0,-0.025207524899160397,-0.002739914396048485,5.719486488998836,-43.06778962888705,0.7592605496293582,-1.5119871995643421
8.654200000006508,0.0,0.0,0.0,0.0,0.0,0.0,-0.02521821508983674,-0.0024448238724996967,5.719482977591088,-43.0781282763495,0.7595269827301961,-1.5119727952004456
8.656200000006503,0.0,0.0,0.0,0.0,0.0,0.0,-0.02522520881777873,-0.002149660690759031,5.719479769902796,-43.08845893251522,0.7597988580513719,-1.5119584557541301
8.658200000006499,0.0,0.0,0.0,0.0,0.0,0.0,-0.025228500422414764,-0.0018544756890873776,5.719476866527397,-43.098781663476764,0.7600762006615027,-1.5119441817167691
8.660200000006494,0.0,0.0,0.0,0.0,0.0,0.0,-0.025228085063344088,-0.0015593199226683237,5.719474267961105,-43.109096535675334,0.760359034378345,-1.5119299735632923
8.66220000000649,0.0,0.0,0.0,0.0,0.0,0.0,-0.025223958725449996,-0.0012642446480649419,5.719471974602609,-43.11940361588689,0.7606473817656456,-1.5119158317522012
8.664200000006485,0.0,0.0,0.0,0.0,0.0,0.0,-0.025216118223702007,-0.0009693013076307437,5.719469986752807,-43.12970297120826,0.7609412641302604,-1.5119017567255888
8.66620000000648,0.0,0.0,0.0,0.0,0.0,0.0,-0.02520456120764998,-0.0006745415138799066,5.719468304614588,-43.13999466904335,0.7612407015195383,-1.5118877489091564
8.668200000006475,0.0,0.0,0.0,0.0,0.0,0.0,-0.02518928616561592,-0.0003800170338237589,5.719466928292645,-43.15027877708924,0.7615457127189685,-1.511873808712238
8.67020000000647,0.0,0.0,0.0,0.0,0.0,0.0,-0.025170292428581244,-8.577977327754525e-05,5.719465857793346,-43.16055536332247,0.7618563152500945,-1.5118599365278211
8.672200000006466,0.0,0.0,0.0,0.0,0.0,0.0,-0.025147580173778113,0.0002081182388577962,5.719465093024629,-43.17082449598519,0.7621725253686905,-1.5118461327325712
8.674200000006461,0.0,0.0,0.0,0.0,0.0,0.0,-0.025121150427983602,0.0005016248663350304,5.719464633795955,-43.18108624357134,0.7624943580632014,-1.5118323976868582
8.676200000006457,0.0,0.0,0.0,0.0,0.0,0.0,-0.025091005070521977,0.0007946878813168862,5.719464479818293,-43.19134067481303,0.7628218270534449,-1.5118187317347838
8.678200000006452,0.0,0.0,0.0,0.0,0.0,0.0,-0.025057146835976558,0.0010872549801456575,5.7194646307041515,-43.201587858666684,0.7631549447895748,-1.5118051352042094
8.680200000006447,0.0,0.0,0.0,0.0,0.0,0.0,-0.025019579316615626,0.0013792737991183562,5.719465085967655,-43.211827864299366,0.7634937224513073,-1.511791608406787
8.682200000006443,0.0,0.0,0.0,0.0,0.0,0.0,-0.024978306964532633,0.0016706919302714566,5.719465845024657,-43.22206076107507,0.7638381699474054,-1.5117781516379885
8.684200000006438,0.0,0.0,0.0,0.0,0.0,0.0,-0.02493333509350636,0.001961456937164686,5.719466907192903,-43.232286618541046,0.7641882959154243,-1.511764765177138
8.686200000006433,0.0,0.0,0.0,0.0,0.0,0.0,-0.024884669880581575,0.002251516370665118,5.719468271692227,-43.242505506414176,0.7645441077217148,-1.5117514492874455
8.688200000006429,0.0,0.0,0.0,0.0,0.0,0.0,-0.024832318367373325,0.0025408177847241926,5.719469937644804,-43.25271749456726,0.7649056114616856,-1.5117382042160405
8.690200000006424,0.0,0.0,0.0,0.0,0.0,0.0,-0.02477628846109834,0.0028293087521487742,5.719471904075428,-43.26292265301538,0.765272811960321,-1.5117250301940075
8.69220000000642,0.0,0.0,0.0,0.0,0.0,0.0,-0.024716588935333628,0.0031169368803626247,5.71947416991185,-43.27312105190239,0.7656457127729588,-1.5117119274364204
8.694200000006415,0.0,0.0,0.0,0.0,0.0,0.0,-0.024653229430507167,0.003403649827152649,5.719476733985146,-43.28331276148723,0.7660243161863182,-1.51169889614238
8.69620000000641,0.0,0.0,0.0,0.0,0.0,0.0,-0.024586220454121628,0.0036893953164012444,5.7194795950301325,-43.293497852130386,0.7664086232197889,-1.5116859364950517
8.698200000006405,0.0,0.0,0.0,0.0,0.0,0.0,-0.02451557338071268,0.003974121153797466,5.7194827516858275,-43.303676394280295,0.7667986336269682,-1.511673048661702
8.7002000000064,0.0,0.0,0.0,0.0,0.0,0.0,-0.024441300451545675,0.004257775242532289,5.719486202495945,-43.313848458459844,0.7671943458974557,-1.511660232793738
8.702200000006396,0.0,0.0,0.0,0.0,0.0,0.0,-0.02436341477405051,0.0045403055989670016,5.71948994590944,-43.32401411525282,0.7675957572588972,-1.5116474890267468
8.704200000006391,0.0,0.0,0.0,0.0,0.0,0.0,-0.02428193032099783,0.004821660368278491,5.719493980281091,-43.33417343529041,0.7680028636792814,-1.5116348174805354
8.706200000006387,0.0,0.0,0.0,0.0,0.0,0.0,-0.024196861929418258,0.005101787840076715,5.719498303872126,-43.344326489237694,0.7684156598694866,-1.5116222182591692
8.708200000006382,0.0,0.0,0.0,0.0,0.0,0.0,-0.024108225299265314,0.00538063646399308,5.71950291485089,-43.35447334778014,0.7688341392860766,-1.5116096914510158
8.710200000006378,0.0,0.0,0.0,0.0,0.0,0.0,-0.024016036991824252,0.005658154865238265,5.719507811293551,-43.36461408161021,0.769258294134345,-1.5115972371287834
8.712200000006373,0.0,0.0,0.0,0.0,0.0,0.0,-0.023920314427867854,0.005934291860125874,5.719512991184851,-43.3747487614138,0.7696881153716075,-1.5115848553495639
8.714200000006368,0.0,0.0,0.0,0.0,0.0,0.0,-0.02382107588556022,0.006208996471563095,5.719518452418896,-43.38487745785691,0.7701235927107405,-1.511572546154874
8.716200000006364,0.0,0.0,0.0,0.0,0.0,0.0,-0.023718340498110543,0.0064822179445021165,5.7195241927999865,-43.395000241572134,0.7705647146239646,-1.5115603095706975
8.718200000006359,0.0,0.0,0.0,0.0,0.0,0.0,-0.023612128251176326,0.006753905761354497,5.719530210043486,-43.405117183145286,0.7710114683468737,-1.5115481456075288
8.720200000006354,0.0,0.0,0.0,0.0,0.0,0.0,-0.023502459980018143,0.007024009657366057,5.719536501776735,-43.41522835310197,0.7714638398827068,-1.5115360542604144
8.72220000000635,0.0,0.0,0.0,0.0,0.0,0.0,-0.023389357366405385,0.007292479635947525,5.719543065539995,-43.42533382189425,0.7719218140068624,-1.5115240355089976
8.724200000006345,0.0,0.0,0.0,0.0,0.0,0.0,-0.023272842935276792,0.007559265983962887,5.719549898787443,-43.435433659887174,0.7723853742716548,-1.5115120893175598
8.72620000000634,0.0,0.0,0.0,0.0,0.0,0.0,-0.02315294005115069,0.007824319286971703,5.719556998888199,-43.44552793734552,0.7728545030113092,-1.511500215635066
8.728200000006336,0.0,0.0,0.0,0.0,0.0,0.0,-0.023029672914290623,0.008087590444424808,5.719564363127383,-43.45561672442039,0.7733291813471989,-1.5114884143952074
8.730200000006331,0.0,0.0,0.0,0.0,0.0,0.0,-0.022903066556624545,0.008349030684808407,5.719571988707231,-43.46570009113583,0.7738093891933165,-1.5114766855164445
8.732200000006326,0.0,0.0,0.0,0.0,0.0,0.0,-0.022773146837416818,0.00860859158073951,5.719579872748223,-43.47577810737557,0.7742951052619869,-1.5114650289020535
8.734200000006322,0.0,0.0,0.0,0.0,0.0,0.0,-0.022639940438694137,0.008866225064007647,5.719588012290272,-43.48585084286964,0.7747863070698111,-1.5114534444401684
8.736200000006317,0.0,0.0,0.0,0.0,0.0,0.0,-0.022503474860426087,0.00912188344056198,5.719596404293927,-43.495918367181105,0.7752829709438489,-1.5114419320038264
8.738200000006312,0.0,0.0,0.0,0.0,0.0,0.0,-0.022363778415458484,0.009375519405440734,5.719605045641633,-43.50598074969274,0.7757850720280326,-1.5114304914510115
8.740200000006308,0.0,0.0,0.0,0.0,0.0,0.0,-0.022220880224199123,0.009627086057642413,5.719613933139006,-43.516038059593754,0.7762925842898141,-1.5114191226246998
8.742200000006303,0.0,0.0,0.0,0.0,0.0,0.0,-0.022074810209058736,0.00987653691493605,5.719623063516158,-43.52609036586647,0.7768054805270421,-1.5114078253529046
8.744200000006298,0.0,0.0,0.0,0.0,0.0,0.0,-0.021925599088642386,0.010123825928608306,5.71963243342905,-43.536137737273116,0.7773237323750704,-1.5113965994487195
8.746200000006294,0.0,0.0,0.0,0.0,0.0,0.0,-0.02177327837169324,0.010368907498144854,5.719642039460877,-43.54618024234251,0.7778473103140936,-1.5113854447103656
8.748200000006289,0.0,0.0,0.0,0.0,0.0,0.0,-0.021617880350788907,0.010611736485844273,5.719651878123488,-43.556217949356814,0.7783761836767109,-1.5113743609212353
8.750200000006284,0.0,0.0,0.0,0.0,0.0,0.0,-0.02145943809578659,0.01085226823136141,5.719661945858841,-43.56625092633831,0.778910320655715,-1.511363347849938
8.75220000000628,0.0,0.0,0.0,0.0,0.0,0.0,-0.021297985447019305,0.011090458566179469,5.719672239040483,-43.57627924103618,0.7794496883121071,-1.5113524052503444
8.754200000006275,0.0,0.0,0.0,0.0,0.0,0.0,-0.02113355700824088,0.01132626382800391,5.719682753975062,-43.58630296091324,0.7799942525833335,-1.5113415328616338
8.75620000000627,0.0,0.0,0.0,0.0,0.0,0.0,-0.020966188139318914,0.01155964087508119,5.7196934869038785,-43.59632215313275,0.7805439782917453,-1.5113307304083385
8.758200000006266,0.0,0.0,0.0,0.0,0.0,0.0,-0.020795914948675505,0.011790547100434756,5.719704434004453,-43.60633688454522,0.7810988291532784,-1.5113199976003908
8.760200000006261,0.0,0.0,0.0,0.0,0.0,0.0,-0.020622774285474012,0.012018940446016702,5.7197155913921325,-43.616347221675184,0.7816587677863529,-1.5113093341331678
8.762200000006256,0.0,0.0,0.0,0.0,0.0,0.0,-0.020446803731550084,0.012244779416775493,5.719726955121717,-43.62635323070808,0.7822237557209891,-1.5112987396875381
8.764200000006252,0.0,0.0,0.0,0.0,0.0,0.0,-0.020268041593089096,0.012468023094628484,5.71973852118912,-43.636354977477,0.7827937534081415,-1.5112882139299098
8.766200000006247,0.0,0.0,0.0,0.0,0.0,0.0,-0.02008652689204484,0.01268863115234444,5.719750285533051,-43.6463525274496,0.7833687202292459,-1.5112777565122755
8.768200000006242,0.0,0.0,0.0,0.0,0.0,0.0,-0.019902299357300802,0.012906563867327676,5.7197622440367235,-43.65634594571491,0.7839486145059811,-1.5112673670722603
8.770200000006238,0.0,0.0,0.0,0.0,0.0,0.0,-0.019715399415572432,0.013121782135300606,5.719774392529592,-43.66633529697024,0.7845333935102413,-1.5112570452331693
8.772200000006233,0.0,0.0,0.0,0.0,0.0,0.0,-0.019525868182049662,0.013334247483883085,5.719786726789107,-43.67632064550801,0.7851230134743191,-1.5112467906040343
8.774200000006228,0.0,0.0,0.0,0.0,0.0,0.0,-0.019333747450777938,0.01354392208606098,5.719799242542496,-43.686302055202674,0.7857174296012975,-1.5112366027796638
8.776200000006224,0.0,0.0,0.0,0.0,0.0,0.0,-0.019139079684776107,0.013750768773544277,5.7198119354685675,-43.69627958949764,0.7863165960756483,-1.5112264813406904
8.778200000006219,0.0,0.0,0.0,0.0,0.0,0.0,-0.01894190800589253,0.013954751050006322,5.7198248011995325,-43.70625331139216,0.786920466074035,-1.5112164258536198
8.780200000006214,0.0,0.0,0.0,0.0,0.0,0.0,-0.01874227618439532,0.014155833104202134,5.719837835322854,-43.7162232834283,0.787528991776321,-1.51120643587088
8.78220000000621,0.0,0.0,0.0,0.0,0.0,0.0,-0.018540228628297746,0.01435397982296111,5.7198510333831,-43.72618956767788,0.7881421243767788,-1.5111965109308738
8.784200000006205,0.0,0.0,0.0,0.0,0.0,0.0,-0.01833581037241803,0.01454915680404865,5.7198643908838385,-43.736152225729455,0.7887598140954998,-1.5111866505580256
8.7862000000062,0.0,0.0,0.0,0.0,0.0,0.0,-0.01812906706717019,0.014741330368891796,5.719877903289524,-43.74611131867533,0.7893820101900013,-1.5111768542628352
8.788200000006196,0.0,0.0,0.0,0.0,0.0,0.0,-0.017920044967088246,0.014930467575164603,5.7198915660274245,-43.75606690709855,0.790008660967032,-1.5111671215419293
8.790200000006191,0.0,0.0,0.0,0.0,0.0,0.0,-0.017708790919081906,0.015116536229226166,5.719905374489542,-43.766019051059935,0.7906397137945702,-1.5111574518781135
8.792200000006186,0.0,0.0,0.0,0.0,0.0,0.0,-0.017495352350420684,0.015299504898410829,5.719919324034564,-43.775967810085184,0.7912751151140165,-1.5111478447404254
8.794200000006182,0.0,0.0,0.0,0.0,0.0,0.0,-0.01727977725645062,0.01547934292315682,5.719933409989822,-43.78591324315193,0.7919148104525768,-1.51113829958419
8.796200000006177,0.0,0.0,0.0,0.0,0.0,0.0,-0.017062114188038612,0.015656020428974904,5.71994762765326,-43.79585540867684,0.7925587444358347,-1.511128815851073
8.798200000006172,0.0,0.0,0.0,0.0,0.0,0.0,-0.01684241223874651,0.015829508338250038,5.719961972295421,-43.80579436450281,0.7932068608005106,-1.5111193929691373
8.800200000006168,0.0,0.0,0.0,0.0,0.0,0.0,-0.01662072103173432,0.01599977838186446,5.719976439161432,-43.81573016788607,0.7938591024074051,-1.5111100303529006
8.802200000006163,0.0,0.0,0.0,0.0,0.0,0.0,-0.01639709070639212,0.016166803110643474,5.719991023473015,-43.82566287548344,0.7945154112545282,-1.511100727403392
8.804200000006158,0.0,0.0,0.0,0.0,0.0,0.0,-0.016171571904699436,0.016330555906614214,5.72000572043049,-43.83559254333954,0.7951757284904061,-1.5110914835082117
8.806200000006154,0.0,0.0,0.0,0.0,0.0,0.0,-0.015944215757315916,0.016491010994067707,5.720020525214797,-43.845519226874075,0.7958399944275685,-1.51108229804159
8.808200000006149,0.0,0.0,0.0,0.0,0.0,0.0,-0.015715073869399753,0.016648143450425684,5.720035432989514,-43.85544298086911,0.796508148556213,-1.5110731703644504
8.810200000006144,0.0,0.0,0.0,0.0,0.0,0.0,-0.015484198306155597,0.016801929216896078,5.720050438902887,-43.865363859456465,0.7971801295580433,-1.5110640998244689
8.81220000000614,0.0,0.0,0.0,0.0,0.0,0.0,-0.015251641578113777,0.016952345108918253,5.720065538089863,-43.87528191610508,0.7978558753202789,-1.511055085756141
8.814200000006135,0.0,0.0,0.0,0.0,0.0,0.0,-0.01501745662614076,0.017099368826384402,5.72008072567412,-43.88519720360841,0.7985353229498365,-1.5110461274808442
8.81620000000613,0.0,0.0,0.0,0.0,0.0,0.0,-0.014781696806180774,0.017242978963636708,5.720095996770106,-43.895109774072,0.7992184087876776,-1.5110372243069066
8.818200000006126,0.0,0.0,0.0,0.0,0.0,0.0,-0.014544415873732194,0.017383155019224893,5.72011134648507,-43.9050196789009,0.7999050684233222,-1.5110283755296738
8.820200000006121,0.0,0.0,0.0,0.0,0.0,0.0,-0.01430566796805862,0.017519877405425103,5.7201267699211025,-43.914926968787306,0.8005952367095249,-1.5110195804315791
8.822200000006116,0.0,0.0,0.0,0.0,0.0,0.0,-0.014065507596135857,0.017653127457505254,5.720142262177163,-43.924831693698174,0.8012888477771123,-1.5110108382822143
8.824200000006112,0.0,0.0,0.0,0.0,0.0,0.0,-0.0138239896163385,0.017782887442735797,5.72015781835111,-43.934733902862924,0.8019858350499761,-1.5110021483384017
8.826200000006107,0.0,0.0,0.0,0.0,0.0,0.0,-0.013581169221866425,0.01790914056913176,5.720173433541732,-43.94463364476113,0.8026861312602251,-1.5109935098442706
8.828200000006102,0.0,0.0,0.0,0.0,0.0,0.0,-0.013337101923914029,0.018031870993923615,5.720189102850759,-43.9545309671104,0.8033896684634871,-1.510984922031334
8.830200000006098,0.0,0.0,0.0,0.0,0.0,0.0,-0.01309184353458544,0.018151063831746573,5.720204821384882,-43.96442591685422,0.8040963780543628,-1.5109763841185655
8.832200000006093,0.0,0.0,0.0,0.0,0.0,0.0,-0.012845450149559042,0.018266705162537797,5.720220584257752,-43.974318540149845,0.8048061907820261,-1.5109678953124805
8.834200000006089,0.0,0.0,0.0,0.0,0.0,0.0,-0.01259797813050201,0.018378782039140992,5.720236386591982,-43.98420888235639,0.8055190367659698,-1.5109594548072194
8.836200000006084,0.0,0.0,0.0,0.0,0.0,0.0,-0.012349484087240787,0.0184872824946012,5.720252223521132,-43.99409698802284,0.8062348455118944,-1.5109510617846316
8.83820000000608,0.0,0.0,0.0,0.0,0.0,0.0,-0.012100024859690545,0.01859219554914687,5.720268090191678,-44.003982900876245,0.8069535459277338,-1.5109427154143624
8.840200000006075,0.0,0.0,0.0,0.0,0.0,0.0,-0.011849657499545627,0.01869351121685267,5.720283981764984,-44.01386666380998,0.8076750663398199,-1.5109344148539436
8.84220000000607,0.0,0.0,0.0,0.0,0.0,0.0,-0.01159843925173912,0.018791220511967195,5.720299893419244,-44.023748318872045,0.8083993345091796,-1.5109261592488827
8.844200000006065,0.0,0.0,0.0,0.0,0.0,0.0,-0.011346427535672707,0.018885315454905866,5.720315820351416,-44.03362790725346,0.8091262776479625,-1.5109179477327583
8.84620000000606,0.0,0.0,0.0,0.0,0.0,0.0,-0.01109367992622252,0.0189757890778965,5.720331757779142,-44.043505469276816,0.8098558224359969,-1.5109097794273176
8.848200000006056,0.0,0.0,0.0,0.0,0.0,0.0,-0.010840254134527216,0.019062635430266324,5.720347700942652,-44.05338104438485,0.810587895037469,-1.5109016534425743
8.850200000006051,0.0,0.0,0.0,0.0,0.0,0.0,-0.010586207988563733,0.019145849583370175,5.720363645106639,-44.0632546711291,0.811322421117725,-1.5108935688769096
8.852200000006047,0.0,0.0,0.0,0.0,0.0,0.0,-0.010331599413512905,0.019225427635144038,5.720379585562129,-44.0731263871588,0.8120593258601921,-1.510885524817179
8.854200000006042,0.0,0.0,0.0,0.0,0.0,0.0,-0.010076486411928542,0.01930136671427734,5.720395517628322,-44.082996229209684,0.8127985339834124,-1.5108775203388176
8.856200000006037,0.0,0.0,0.0,0.0,0.0,0.0,-0.009820927043706998,0.01937366498400131,5.720411436654415,-44.092864233093074,0.8135399697581905,-1.5108695545059512
8.858200000006033,0.0,0.0,0.0,0.0,0.0,0.0,-0.009564979405873076,0.01944232164547511,5.720427338021398,-44.10273043368498,0.8142835570248504,-1.5108616263715093
8.860200000006028,0.0,0.0,0.0,0.0,0.0,0.0,-0.009308701612182505,0.019507336940771995,5.720443217143831,-44.11259486491535,0.8150292192105958,-1.5108537349773423
8.862200000006023,0.0,0.0,0.0,0.0,0.0,0.0,-0.009052151772552188,0.01956871215545018,5.7204590694715955,-44.12245755975745,0.8157768793469733,-1.5108458793543391
8.864200000006019,0.0,0.0,0.0,0.0,0.0,0.0,-0.008795387972325925,0.019626449620704332,5.720474890491617,-44.13231855021735,0.8165264600874358,-1.5108380585225512
8.866200000006014,0.0,0.0,0.0,0.0,0.0,0.0,-0.008538468251380221,0.01968055271508726,5.720490675729564,-44.142177867323575,0.8172778837249984,-1.5108302714913178
8.86820000000601,0.0,0.0,0.0,0.0,0.0,0.0,-0.008281450583084757,0.01973102586579614,5.7205064207515175,-44.15203554111683,0.8180310722099875,-1.5108225172593943
8.870200000006005,0.0,0.0,0.0,0.0,0.0,0.0,-0.008024392853119651,0.01977787454951604,5.720522121165612,-44.16189160063996,0.8187859471678771,-1.5108147948150863
8.872200000006,0.0,0.0,0.0,0.0,0.0,0.0,-0.0077673528381642645,0.019821105292810445,5.720537772623647,-44.17174607392794,0.8195424299172107,-1.5108071031363839
8.874200000005995,0.0,0.0,0.0,0.0,0.0,0.0,-0.007510388184462947,0.019860725672054,5.720553370822667,-44.18159898799813,0.8203004414876025,-1.5107994411911025
8.87620000000599,0.0,0.0,0.0,0.0,0.0,0.0,-0.00725355638628125,0.0198967443128991,5.720568911506506,-44.19145036884057,0.8210599026378161,-1.5107918079370253
8.878200000005986,0.0,0.0,0.0,0.0,0.0,0.0,-0.006996914764258502,0.01992917088927164,5.720584390467311,-44.20130024140856,0.8218207338739176,-1.5107842023220497
8.880200000005981,0.0,0.0,0.0,0.0,0.0,0.0,-0.006740520443672097,0.019958016121885212,5.7205998035470165,-44.21114862960927,0.8225828554674953,-1.510776623284339
8.882200000005977,0.0,0.0,0.0,0.0,0.0,0.0,-0.006484430332621011,0.019983291776270198,5.720615146638794,-44.22099555629459,0.8233461874739493,-1.510769069752475
8.884200000005972,0.0,0.0,0.0,0.0,0.0,0.0,-0.006228701100139482,0.020005010660312735,5.720630415688466,-44.2308410432522,0.8241106497508379,-1.5107615406456163
8.886200000005967,0.0,0.0,0.0,0.0,0.0,0.0,-0.005973389154255717,0.020023186621292346,5.720645606695878,-44.24068511119667,0.824876161976286,-1.510754034873663
8.888200000005963,0.0,0.0,0.0,0.0,0.0,0.0,-0.005718550620004977,0.020037834542418163,5.720660715716238,-44.2505277797609,0.8256426436674441,-1.510746551337418
8.890200000005958,0.0,0.0,0.0,0.0,0.0,0.0,-0.005464241317407051,0.02004897033885519,5.72067573886142,-44.26036906748768,0.8264100141989987,-1.5107390889287606
8.892200000005953,0.0,0.0,0.0,0.0,0.0,0.0,-0.005210516739427444,0.02005661095323553,5.72069067230122,-44.2702089918214,0.8271781928217281,-1.510731646530819
8.894200000005949,0.0,0.0,0.0,0.0,0.0,0.0,-0.004957432029927407,0.020060774350650123,5.720705512264586,-44.28004756910004,0.8279470986810988,-1.5107242230181488
8.896200000005944,0.0,0.0,0.0,0.0,0.0,0.0,-0.004705041961622107,0.02006147951311834,5.72072025504079,-44.28988481454729,0.8287166508359004,-1.510716817256915
8.89820000000594,0.0,0.0,0.0,0.0,0.0,0.0,-0.004453400914054885,0.02005874643352643,5.720734896980581,-44.29972074226492,0.8294867682769123,-1.5107094281050775
8.900200000005935,0.0,0.0,0.0,0.0,0.0,0.0,-0.004202562851606567,0.020052596109035804,5.720749434497274,-44.30955536522534,0.8302573699456003,-1.5107020544125846
8.90220000000593,0.0,0.0,0.0,0.0,0.0,0.0,-0.003952581301549523,0.020043050533956025,5.720763864067821,-44.31938869526443,0.8310283747528368,-1.510694695021565
8.904200000005925,0.0,0.0,0.0,0.0,0.0,0.0,-0.0037035093321638505,0.020030132692076683,5.720778182233811,-44.32922074307447,0.8317997015976419,-1.510687348766529
8.90620000000592,0.0,0.0,0.0,0.0,0.0,0.0,-0.003455399530928045,0.02001386654846079,5.720792385602456,-44.339051518197444,0.8325712693859404,-1.5106800144745713
8.908200000005916,0.0,0.0,0.0,0.0,0.0,0.0,-0.003208303982800134,0.019994277040691292,5.720806470847511,-44.34888102901844,0.8333429970493282,-1.5106726909655774
8.910200000005911,0.0,0.0,0.0,0.0,0.0,0.0,-0.002962274248604107,0.019971390069574897,5.720820434710162,-44.35870928275941,0.8341148035638488,-1.5106653770524394
8.912200000005907,0.0,0.0,0.0,0.0,0.0,0.0,-0.0027173613435342377,0.01994523248929548,5.7208342739998645,-44.36853628547311,0.8348866079687692,-1.510658071541271
8.914200000005902,0.0,0.0,0.0,0.0,0.0,0.0,-0.002473615715800484,0.01991583209702165,5.720847985595138,-44.37836204203724,0.8356583293853561,-1.5106507732316268
8.916200000005897,0.0,0.0,0.0,0.0,0.0,0.0,-0.00223108722541904,0.019883217621963902,5.720861566444318,-44.38818655614894,0.8364298870356428,-1.5106434809167324
8.918200000005893,0.0,0.0,0.0,0.0,0.0,0.0,-0.0019898251231742887,0.019847418713882792,5.720875013566255,-44.39800983031944,0.8372012002611879,-1.5106361933837111
8.920200000005888,0.0,0.0,0.0,0.0,0.0,0.0,-0.0017498780297629214,0.019808465931049516,5.720888324050976,-44.407831865869056,0.8379721885418151,-1.510628909413819
8.922200000005883,0.0,0.0,0.0,0.0,0.0,0.0,-0.0015112939151358054,0.019766390727657984,5.720901495060292,-44.41765266292243,0.838742771514334,-1.5106216277826856
8.924200000005879,0.0,0.0,0.0,0.0,0.0,0.0,-0.0012741200780584836,0.019721225440689667,5.720914523828367,-44.42747222040392,0.839512868991236,-1.5106143472605569
8.926200000005874,0.0,0.0,0.0,0.0,0.0,0.0,-0.0010384031259000532,0.019673003276235057,5.720927407662232,-44.43729053603354,0.8402824009793585,-1.5106070666125413
8.92820000000587,0.0,0.0,0.0,0.0,0.0,0.0,-0.0008041889546738744,0.019621758295272598,5.720940143942258,-44.44710760632285,0.8410512876985161,-1.5105997845988657
8.930200000005865,0.0,0.0,0.0,0.0,0.0,0.0,-0.0005715227293416088,0.019567525398907555,5.72095273012258,-44.45692342657141,0.8418194496000917,-1.5105924999751301
8.93220000000586,0.0,0.0,0.0,0.0,0.0,0.0,-0.00034044886440006,0.019510340313076833,5.720965163731473,-44.46673799086329,0.8425868073855823,-1.5105852114925697
8.934200000005855,0.0,0.0,0.0,0.0,0.0,0.0,-0.00011101100476453463,0.019450239572720497,5.720977442371685,-44.476551292064116,0.8433532820250973,-1.5105779178983214
8.93620000000585,0.0,0.0,0.0,0.0,0.0,0.0,0.00011674799302910874,0.01938726050542658,5.720989563720712,-44.48636332181822,0.844118794775802,-1.5105706179356932
8.938200000005846,0.0,0.0,0.0,0.0,0.0,0.0,0.0003427860792933486,0.01932144121455504,5.721001525531046,-44.49617407054614,0.844883267200302,-1.51056331034444
8.940200000005841,0.0,0.0,0.0,0.0,0.0,0.0,0.0005670620293069615,0.01925282056184256,5.721013325630352,-44.50598352744247,0.8456466211849655,-1.5105559938610407
8.942200000005837,0.0,0.0,0.0,0.0,0.0,0.0,0.0007895354610690283,0.019181438149502152,5.721024961921619,-44.515791680474,0.8464087789581739,-1.5105486672189834
8.944200000005832,0.0,0.0,0.0,0.0,0.0,0.0,0.0010101668526694384,0.019107334301815083,5.721036432383249,-44.5255985163782,0.8471696631085026,-1.510541329149052
8.946200000005827,0.0,0.0,0.0,0.0,0.0,0.0,0.001228917559261173,0.01903055004623002,5.721047735069111,-44.53540402066193,0.8479291966028212,-1.5105339783796183
8.948200000005823,0.0,0.0,0.0,0.0,0.0,0.0,0.0014457498296160782,0.018951127093974073,5.7210588681085435,-44.54520817760054,0.8486873028043109,-1.5105266136369377
8.950200000005818,0.0,0.0,0.0,0.0,0.0,0.0,0.0016606268222509237,0.01886910782018447,5.721069829706307,-44.55501097023737,0.849443905490394,-1.5105192336454494
8.952200000005814,0.0,0.0,0.0,0.0,0.0,0.0,0.0018735126211030114,0.01878453524357208,5.721080618142502,-44.5648123803834,0.85019892887057,-1.51051183712808
8.954200000005809,0.0,0.0,0.0,0.0,0.0,0.0,0.0020843722507434266,0.018697453005623508,5.721091231772432,-44.57461238861742,0.8509522976041541,-1.5105044228065532
8.956200000005804,0.0,0.0,0.0,0.0,0.0,0.0,0.002293171691108204,0.018607905349356243,5.721101669026426,-44.5844109742864,0.8517039368179123,-1.5104969894016986
8.9582000000058,0.0,0.0,0.0,0.0,0.0,0.0,0.0024998778917353533,0.01851593709763317,5.721111928409617,-44.59420811550625,0.8524537721235881,-1.510489535633771
8.960200000005795,0.0,0.0,0.0,0.0,0.0,0.0,0.002704458785490621,0.018421593631052773,5.721122008501675,-44.604003789163,0.853201729635317,-1.5104820602227667
8.96220000000579,0.0,0.0,0.0,0.0,0.0,0.0,0.002906883301764389,0.01832492086542398,5.721131907956497,-44.61379797091417,0.8539477359869247,-1.510474561888749
8.964200000005786,0.0,0.0,0.0,0.0,0.0,0.0,0.0031071213791302324,0.018225965228839725,5.7211416255018595,-44.623590635190624,0.8546917183490992,-1.510467039352173
8.96620000000578,0.0,0.0,0.0,0.0,0.0,0.0,0.0033051439774448754,0.018124773638362252,5.721151159939017,-44.63338175519872,0.8554336044464385,-1.5104594913342178
8.968200000005776,0.0,0.0,0.0,0.0,0.0,0.0,0.003500923089378529,0.0180213934763354,5.721160510142274,-44.64317130292283,0.8561733225743637,-1.5104519165571175
8.970200000005772,0.0,0.0,0.0,0.0,0.0,0.0,0.0036944317513606197,0.017915872566335526,5.721169675058504,-44.652959249128166,0.856910801615897,-1.5104443137445
8.972200000005767,0.0,0.0,0.0,0.0,0.0,0.0,0.0038856440539282782,0.017808259148780346,5.721178653706639,-44.66274556336409,0.8576459710582947,-1.5104366816217258
8.974200000005762,0.0,0.0,0.0,0.0,0.0,0.0,0.004074535151462554,0.01769860185620636,5.721187445177107,-44.67253021396767,0.858378761009536,-1.510429018916231
8.976200000005758,0.0,0.0,0.0,0.0,0.0,0.0,0.004261081271300218,0.017586949688236424,5.7211960486312465,-44.682313168067594,0.8591091022146576,-1.5104213243578735
8.978200000005753,0.0,0.0,0.0,0.0,0.0,0.0,0.004445259722210684,0.017473351986248834,5.721204463300668,-44.69209439158856,0.8598369260719335,-1.5104135966792809
8.980200000005748,0.0,0.0,0.0,0.0,0.0,0.0,0.00462704890222474,0.017357858407769246,5.721212688486592,-44.701873849255975,0.8605621646488916,-1.5104058346162026
8.982200000005744,0.0,0.0,0.0,0.0,0.0,0.0,0.004806428305801256,0.01724051890060191,5.72122072355914,-44.71165150460094,0.8612847506981659,-1.5103980369078616
8.984200000005739,0.0,0.0,0.0,0.0,0.0,0.0,0.004983378530326515,0.017121383676717082,5.721228567956604,-44.721427319965755,0.8620046176731774,-1.510390202297313
8.986200000005734,0.0,0.0,0.0,0.0,0.0,0.0,0.005157881281931283,0.01700050318591461,5.7212362211846655,-44.731201256509706,0.8627216997436383,-1.5103823295318
8.98820000000573,0.0,0.0,0.0,0.0,0.0,0.0,0.005329919380617644,0.016877928089283567,5.721243682815594,-44.74097327421524,0.8634359318108776,-1.5103744173631155
8.990200000005725,0.0,0.0,0.0,0.0,0.0,0.0,0.005499476764685523,0.01675370923247607,5.721250952487409,-44.75074333189448,0.8641472495229806,-1.5103664645479649
8.99220000000572,0.0,0.0,0.0,0.0,0.0,0.0,0.005666538494452846,0.016627897618814648,5.721258029903014,-44.76051138719621,0.8648555892897405,-1.5103584698483272
8.994200000005716,0.0,0.0,0.0,0.0,0.0,0.0,0.0058310907552573624,0.016500544382257308,5.721264914829293,-44.77027739661312,0.8655608882974152,-1.5103504320318237
8.996200000005711,0.0,0.0,0.0,0.0,0.0,0.0,0.005993120859736558,0.016371700760235797,5.721271607096189,-44.78004131548952,0.8662630845232854,-1.510342349872083
8.998200000005706,0.0,0.0,0.0,0.0,0.0,0.0,0.0061526172493762315,0.016241418066392885,5.721278106595747,-44.789803098029346,0.8669621167500117,-1.510334222149109
